{"type": "FeatureCollection", "features": [{"type": "Feature", "properties": {"id": "ardot-249", "fam": "traffic", "prog": "ardot-cctv", "lbl": "State Hwy. 440 at Mile Marker 12", "src": "ardot", "public": 1, "route": "440", "model": "AXIS P5635-E Mk II", "url": "https://actis.idrivearkansas.com/index.php/api/cameras/feed/249.m3u8"}, "geometry": {"type": "Point", "coordinates": [-92.159234, 34.80091]}}, {"type": "Feature", "properties": {"id": "ardot-749", "fam": "traffic", "prog": "ardot-cctv", "lbl": "I-30 at 3rd Street", "src": "ardot", "public": 1, "route": "30", "model": "", "url": "https://actis.idrivearkansas.com/index.php/api/cameras/feed/749.m3u8"}, "geometry": {"type": "Point", "coordinates": [-92.2631, 34.744897]}}, {"type": "Feature", "properties": {"id": "ardot-844", "fam": "traffic", "prog": "ardot-cctv", "lbl": "I-40 at Baker-Wills Pkwy (Exit 132)", "src": "ardot", "public": 1, "route": "40", "model": "", "url": "https://actis.idrivearkansas.com/index.php/api/cameras/feed/844.m3u8"}, "geometry": {"type": "Point", "coordinates": [-92.409917, 35.020778]}}, {"type": "Feature", "properties": {"id": "ardot-550", "fam": "traffic", "prog": "ardot-cctv", "lbl": "I-430 Arkansas River Bridge", "src": "ardot", "public": 1, "route": "430", "model": "AXIS Q6215-LE PTZ", "url": "https://actis.idrivearkansas.com/index.php/api/cameras/feed/550.m3u8"}, "geometry": {"type": "Point", "coordinates": [-92.370528, 34.802631]}}, {"type": "Feature", "properties": {"id": "ardot-750", "fam": "traffic", "prog": "ardot-cctv", "lbl": "I-30 at Arkansas River Bridge", "src": "ardot", "public": 1, "route": "30", "model": "", "url": "https://actis.idrivearkansas.com/index.php/api/cameras/feed/750.m3u8"}, "geometry": {"type": "Point", "coordinates": [-92.262272, 34.747297]}}, {"type": "Feature", "properties": {"id": "ardot-855", "fam": "traffic", "prog": "ardot-cctv", "lbl": "I-530 at I-440 Flyover", "src": "ardot", "public": 1, "route": "530", "model": "", "url": "https://actis.idrivearkansas.com/index.php/api/cameras/feed/855.m3u8"}, "geometry": {"type": "Point", "coordinates": [-92.270621, 34.707295]}}, {"type": "Feature", "properties": {"id": "ardot-847", "fam": "traffic", "prog": "ardot-cctv", "lbl": "I-430 at Dodd Rd Overpass", "src": "ardot", "public": 1, "route": "430", "model": "", "url": "https://actis.idrivearkansas.com/index.php/api/cameras/feed/847.m3u8"}, "geometry": {"type": "Point", "coordinates": [-92.403639, 34.696694]}}, {"type": "Feature", "properties": {"id": "ardot-22", "fam": "traffic", "prog": "ardot-cctv", "lbl": "I-530 at S. Terminal Interchange", "src": "ardot", "public": 1, "route": "530", "model": "Q6315-LE", "url": "https://actis.idrivearkansas.com/index.php/api/cameras/feed/22.m3u8"}, "geometry": {"type": "Point", "coordinates": [-92.270883, 34.711756]}}, {"type": "Feature", "properties": {"id": "ardot-837", "fam": "traffic", "prog": "ardot-cctv", "lbl": "I-440 at Exit 138A", "src": "ardot", "public": 1, "route": "440", "model": "AXIS Q6215-LE PTZ", "url": "https://actis.idrivearkansas.com/index.php/api/cameras/feed/837.m3u8"}, "geometry": {"type": "Point", "coordinates": [-92.265, 34.713333]}}, {"type": "Feature", "properties": {"id": "ardot-856", "fam": "traffic", "prog": "ardot-cctv", "lbl": "I-40 at I-57 (Exit 155)", "src": "ardot", "public": 1, "route": "40", "model": "", "url": "https://actis.idrivearkansas.com/index.php/api/cameras/feed/856.m3u8"}, "geometry": {"type": "Point", "coordinates": [-92.225106, 34.778837]}}, {"type": "Feature", "properties": {"id": "ardot-848", "fam": "traffic", "prog": "ardot-cctv", "lbl": "I-630 at Baptist Hospital (Exit 7)", "src": "ardot", "public": 1, "route": "630", "model": "", "url": "https://actis.idrivearkansas.com/index.php/api/cameras/feed/848.m3u8"}, "geometry": {"type": "Point", "coordinates": [-92.380056, 34.748389]}}, {"type": "Feature", "properties": {"id": "ardot-838", "fam": "traffic", "prog": "ardot-cctv", "lbl": "I-430 at Shackleford Rd. (Exit 5)", "src": "ardot", "public": 1, "route": "430", "model": "", "url": "https://actis.idrivearkansas.com/index.php/api/cameras/feed/838.m3u8"}, "geometry": {"type": "Point", "coordinates": [-92.394877, 34.735546]}}, {"type": "Feature", "properties": {"id": "ardot-849", "fam": "traffic", "prog": "ardot-cctv", "lbl": "I-40 at Prothro Jct (Exit 157)", "src": "ardot", "public": 1, "route": "40", "model": "AXIS P5655-E PTZ", "url": "https://actis.idrivearkansas.com/index.php/api/cameras/feed/849.m3u8"}, "geometry": {"type": "Point", "coordinates": [-92.203389, 34.779083]}}, {"type": "Feature", "properties": {"id": "ardot-779", "fam": "traffic", "prog": "ardot-cctv", "lbl": "I-530 at US 167 Interchange (Exit 10)", "src": "ardot", "public": 1, "route": "530", "model": "", "url": "https://actis.idrivearkansas.com/index.php/api/cameras/feed/779.m3u8"}, "geometry": {"type": "Point", "coordinates": [-92.267856, 34.570456]}}, {"type": "Feature", "properties": {"id": "ardot-709", "fam": "traffic", "prog": "ardot-cctv", "lbl": "I-430 Big Rock Water Tower", "src": "ardot", "public": 1, "route": "430", "model": "AXIS Q6135-LE PTZ", "url": "https://actis.idrivearkansas.com/index.php/api/cameras/feed/709.m3u8"}, "geometry": {"type": "Point", "coordinates": [-92.390211, 34.744071]}}, {"type": "Feature", "properties": {"id": "ardot-839", "fam": "traffic", "prog": "ardot-cctv", "lbl": "I-30 at Scott Hamilton Dr. (Exit 134)", "src": "ardot", "public": 1, "route": "30", "model": "", "url": "https://actis.idrivearkansas.com/index.php/api/cameras/feed/839.m3u8"}, "geometry": {"type": "Point", "coordinates": [-92.319139, 34.679639]}}, {"type": "Feature", "properties": {"id": "ardot-239", "fam": "traffic", "prog": "ardot-cctv", "lbl": "Hwy 229 @ I-30", "src": "ardot", "public": 1, "route": "229", "model": "", "url": "https://actis.idrivearkansas.com/index.php/api/cameras/feed/239.m3u8"}, "geometry": {"type": "Point", "coordinates": [-92.62912, 34.55257]}}, {"type": "Feature", "properties": {"id": "ardot-850", "fam": "traffic", "prog": "ardot-cctv", "lbl": "I-440 at US70 Overpass (Exit 10)", "src": "ardot", "public": 1, "route": "440", "model": "AXIS P5655-E PTZ", "url": "https://actis.idrivearkansas.com/index.php/api/cameras/feed/850.m3u8"}, "geometry": {"type": "Point", "coordinates": [-92.161528, 34.771333]}}, {"type": "Feature", "properties": {"id": "ardot-780", "fam": "traffic", "prog": "ardot-cctv", "lbl": "US167 at I-530 Interchange", "src": "ardot", "public": 1, "route": "167", "model": "", "url": "https://actis.idrivearkansas.com/index.php/api/cameras/feed/780.m3u8"}, "geometry": {"type": "Point", "coordinates": [-92.271681, 34.565506]}}, {"type": "Feature", "properties": {"id": "ardot-227", "fam": "traffic", "prog": "ardot-cctv", "lbl": "State Hwy. 440 N. of I-40 Intchg.", "src": "ardot", "public": 1, "route": "440", "model": "", "url": "https://actis.idrivearkansas.com/index.php/api/cameras/feed/227.m3u8"}, "geometry": {"type": "Point", "coordinates": [-92.161543, 34.786592]}}, {"type": "Feature", "properties": {"id": "ardot-129", "fam": "traffic", "prog": "ardot-cctv", "lbl": "I-630 W. of S. Battery St. (Exit 2-B)", "src": "ardot", "public": 1, "route": "630", "model": "Axis P5635-E MkII", "url": "https://actis.idrivearkansas.com/index.php/api/cameras/feed/129.m3u8"}, "geometry": {"type": "Point", "coordinates": [-92.299652, 34.743617]}}, {"type": "Feature", "properties": {"id": "ardot-577", "fam": "traffic", "prog": "ardot-cctv", "lbl": "I-40 @ Military Drive (Exit 150)", "src": "ardot", "public": 1, "route": "40", "model": "AXIS P5655-E PTZ", "url": "https://actis.idrivearkansas.com/index.php/api/cameras/feed/577.m3u8"}, "geometry": {"type": "Point", "coordinates": [-92.302358, 34.797739]}}, {"type": "Feature", "properties": {"id": "ardot-220", "fam": "traffic", "prog": "ardot-cctv", "lbl": "I-57 at Mile Marker 15", "src": "ardot", "public": 1, "route": "57", "model": "AXIS P5635-E Mk II", "url": "https://actis.idrivearkansas.com/index.php/api/cameras/feed/220.m3u8"}, "geometry": {"type": "Point", "coordinates": [-92.078377, 34.935448]}}, {"type": "Feature", "properties": {"id": "ardot-851", "fam": "traffic", "prog": "ardot-cctv", "lbl": "I-57 McCain Blvd (Exit 1B)", "src": "ardot", "public": 1, "route": "57", "model": "AXIS P5655-E PTZ", "url": "https://actis.idrivearkansas.com/index.php/api/cameras/feed/851.m3u8"}, "geometry": {"type": "Point", "coordinates": [-92.225139, 34.789583]}}, {"type": "Feature", "properties": {"id": "ardot-370", "fam": "traffic", "prog": "ardot-cctv", "lbl": "I-630 @ University Ave", "src": "ardot", "public": 1, "route": "630", "model": "AXIS P5635-E Mk II", "url": "https://actis.idrivearkansas.com/index.php/api/cameras/feed/370.m3u8"}, "geometry": {"type": "Point", "coordinates": [-92.341767, 34.745217]}}, {"type": "Feature", "properties": {"id": "ardot-303", "fam": "traffic", "prog": "ardot-cctv", "lbl": "I-40 @ mm 132.7", "src": "ardot", "public": 1, "route": "40", "model": "AXIS P5635-E Mk II", "url": "https://actis.idrivearkansas.com/index.php/api/cameras/feed/303.m3u8"}, "geometry": {"type": "Point", "coordinates": [-92.410233, 35.008631]}}, {"type": "Feature", "properties": {"id": "ardot-751", "fam": "traffic", "prog": "ardot-cctv", "lbl": "I-30 Broadway St (Exit 141)", "src": "ardot", "public": 1, "route": "30", "model": "AXIS Q6135-LE PTZ", "url": "https://actis.idrivearkansas.com/index.php/api/cameras/feed/751.m3u8"}, "geometry": {"type": "Point", "coordinates": [-92.261889, 34.753139]}}, {"type": "Feature", "properties": {"id": "ardot-556", "fam": "traffic", "prog": "ardot-cctv", "lbl": "I-57 @ Vandenberg Overpass", "src": "ardot", "public": 1, "route": "57", "model": "AXIS P5655-E PTZ", "url": "https://actis.idrivearkansas.com/index.php/api/cameras/feed/556.m3u8"}, "geometry": {"type": "Point", "coordinates": [-92.11056, 34.883065]}}, {"type": "Feature", "properties": {"id": "ardot-869", "fam": "traffic", "prog": "ardot-cctv", "lbl": "I-30 at Alcoa Road (Exit 121)", "src": "ardot", "public": 1, "route": "30", "model": "", "url": "https://actis.idrivearkansas.com/index.php/api/cameras/feed/869.m3u8"}, "geometry": {"type": "Point", "coordinates": [-92.534894, 34.606131]}}, {"type": "Feature", "properties": {"id": "ardot-840", "fam": "traffic", "prog": "ardot-cctv", "lbl": "I-440 at Exit 1", "src": "ardot", "public": 1, "route": "440", "model": "", "url": "https://actis.idrivearkansas.com/index.php/api/cameras/feed/840.m3u8"}, "geometry": {"type": "Point", "coordinates": [-92.262878, 34.712475]}}, {"type": "Feature", "properties": {"id": "ardot-752", "fam": "traffic", "prog": "ardot-cctv", "lbl": "I-530 at Dixon Road (Exit 3)", "src": "ardot", "public": 1, "route": "530", "model": "", "url": "https://actis.idrivearkansas.com/index.php/api/cameras/feed/752.m3u8"}, "geometry": {"type": "Point", "coordinates": [-92.265697, 34.672239]}}, {"type": "Feature", "properties": {"id": "ardot-829", "fam": "traffic", "prog": "ardot-cctv", "lbl": "I-30 at Roosevelt Rd", "src": "ardot", "public": 1, "route": "30", "model": "", "url": "https://actis.idrivearkansas.com/index.php/api/cameras/feed/829.m3u8"}, "geometry": {"type": "Point", "coordinates": [-92.267036, 34.723378]}}, {"type": "Feature", "properties": {"id": "ardot-870", "fam": "traffic", "prog": "ardot-cctv", "lbl": "I-30 at Hwy 5 Overpass", "src": "ardot", "public": 1, "route": "30", "model": "", "url": "https://actis.idrivearkansas.com/index.php/api/cameras/feed/870.m3u8"}, "geometry": {"type": "Point", "coordinates": [-92.553761, 34.598908]}}, {"type": "Feature", "properties": {"id": "ardot-841", "fam": "traffic", "prog": "ardot-cctv", "lbl": "I-440 WB at Springer (Exit 1)", "src": "ardot", "public": 1, "route": "440", "model": "", "url": "https://actis.idrivearkansas.com/index.php/api/cameras/feed/841.m3u8"}, "geometry": {"type": "Point", "coordinates": [-92.251411, 34.716692]}}, {"type": "Feature", "properties": {"id": "ardot-753", "fam": "traffic", "prog": "ardot-cctv", "lbl": "I-530 at 145th St/Pratt Road (Exit 7)", "src": "ardot", "public": 1, "route": "530", "model": "", "url": "https://actis.idrivearkansas.com/index.php/api/cameras/feed/753.m3u8"}, "geometry": {"type": "Point", "coordinates": [-92.26945, 34.617853]}}, {"type": "Feature", "properties": {"id": "ardot-842", "fam": "traffic", "prog": "ardot-cctv", "lbl": "I-30 at Geyer Springs (Exit 133)", "src": "ardot", "public": 1, "route": "30", "model": "12/16/25 - sign structure it\u2019s mounted to has a crack, and crews will be taking the structure down", "url": "https://actis.idrivearkansas.com/index.php/api/cameras/feed/842.m3u8"}, "geometry": {"type": "Point", "coordinates": [-92.343528, 34.678972]}}, {"type": "Feature", "properties": {"id": "ardot-830", "fam": "traffic", "prog": "ardot-cctv", "lbl": "I-57 at Highway 38 (Exit 21)", "src": "ardot", "public": 1, "route": "38", "model": "AXIS P5655-E PTZ", "url": "https://actis.idrivearkansas.com/index.php/api/cameras/feed/830.m3u8"}, "geometry": {"type": "Point", "coordinates": [-92.005867, 34.995519]}}, {"type": "Feature", "properties": {"id": "ardot-871", "fam": "traffic", "prog": "ardot-cctv", "lbl": "I-30 at Hwy 229 (Exit 116)", "src": "ardot", "public": 1, "route": "30", "model": "", "url": "https://actis.idrivearkansas.com/index.php/api/cameras/feed/871.m3u8"}, "geometry": {"type": "Point", "coordinates": [-92.611531, 34.561942]}}, {"type": "Feature", "properties": {"id": "ardot-374", "fam": "traffic", "prog": "ardot-cctv", "lbl": "I-630 @ Pedestrian Bridge", "src": "ardot", "public": 1, "route": "630", "model": "AXIS P5635-E Mk II", "url": "https://actis.idrivearkansas.com/index.php/api/cameras/feed/374.m3u8"}, "geometry": {"type": "Point", "coordinates": [-92.266, 34.73425]}}, {"type": "Feature", "properties": {"id": "ardot-596", "fam": "traffic", "prog": "ardot-cctv", "lbl": "I-30 at Sykes Blvd EB (Exit 142)", "src": "ardot", "public": 1, "route": "30", "model": "AXIS P5655-E PTZ", "url": "https://actis.idrivearkansas.com/index.php/api/cameras/feed/596.m3u8"}, "geometry": {"type": "Point", "coordinates": [-92.261647, 34.7677]}}, {"type": "Feature", "properties": {"id": "ardot-382", "fam": "traffic", "prog": "ardot-cctv", "lbl": "I-630 at Main Street", "src": "ardot", "public": 1, "route": "630", "model": "AXIS P5635-E Mk II", "url": "https://actis.idrivearkansas.com/index.php/api/cameras/feed/382.m3u8"}, "geometry": {"type": "Point", "coordinates": [-92.271972, 34.738139]}}, {"type": "Feature", "properties": {"id": "ardot-843", "fam": "traffic", "prog": "ardot-cctv", "lbl": "I-30 at Bishop Lindsey Ave", "src": "ardot", "public": 1, "route": "30", "model": "", "url": "https://actis.idrivearkansas.com/index.php/api/cameras/feed/843.m3u8"}, "geometry": {"type": "Point", "coordinates": [-92.262083, 34.759861]}}, {"type": "Feature", "properties": {"id": "ardot-184", "fam": "traffic", "prog": "ardot-cctv", "lbl": "I-57 at State Hwy. 440 Intchg.", "src": "ardot", "public": 1, "route": "57", "model": "", "url": "https://actis.idrivearkansas.com/index.php/api/cameras/feed/184.m3u8"}, "geometry": {"type": "Point", "coordinates": [-92.148697, 34.846898]}}, {"type": "Feature", "properties": {"id": "ardot-213", "fam": "traffic", "prog": "ardot-cctv", "lbl": "I-40 at MacArthur Dr. (Exit 152B)", "src": "ardot", "public": 1, "route": "40", "model": "AXIS P5635-E Mk II", "url": "https://actis.idrivearkansas.com/index.php/api/cameras/feed/213.m3u8"}, "geometry": {"type": "Point", "coordinates": [-92.28065, 34.786597]}}, {"type": "Feature", "properties": {"id": "ardot-873", "fam": "traffic", "prog": "ardot-cctv", "lbl": "I-40 at Mile Marker 138", "src": "ardot", "public": 1, "route": "40", "model": "", "url": "https://actis.idrivearkansas.com/index.php/api/cameras/feed/873.m3u8"}, "geometry": {"type": "Point", "coordinates": [-92.40847, 34.92567]}}, {"type": "Feature", "properties": {"id": "ardot-368", "fam": "traffic", "prog": "ardot-cctv", "lbl": "I-630 East of Barrow Road", "src": "ardot", "public": 1, "route": "630", "model": "AXIS P5635-E Mk II", "url": "https://actis.idrivearkansas.com/index.php/api/cameras/feed/368.m3u8"}, "geometry": {"type": "Point", "coordinates": [-92.36785, 34.746992]}}, {"type": "Feature", "properties": {"id": "ardot-715", "fam": "traffic", "prog": "ardot-cctv", "lbl": "Hwy 89 Interchange at Locust Street", "src": "ardot", "public": 1, "route": "89", "model": "", "url": "https://actis.idrivearkansas.com/index.php/api/cameras/feed/715.m3u8"}, "geometry": {"type": "Point", "coordinates": [-92.03204, 34.97989]}}, {"type": "Feature", "properties": {"id": "ardot-29", "fam": "traffic", "prog": "ardot-cctv", "lbl": "I-430 N. of Arkansas River", "src": "ardot", "public": 1, "route": "430", "model": "Axis Q6155-E", "url": "https://actis.idrivearkansas.com/index.php/api/cameras/feed/29.m3u8"}, "geometry": {"type": "Point", "coordinates": [-92.365946, 34.805265]}}, {"type": "Feature", "properties": {"id": "ardot-462", "fam": "traffic", "prog": "ardot-cctv", "lbl": "I-440 at Arkansas River", "src": "ardot", "public": 1, "route": "440", "model": "AXIS P5655-E PTZ", "url": "https://actis.idrivearkansas.com/index.php/api/cameras/feed/462.m3u8"}, "geometry": {"type": "Point", "coordinates": [-92.182578, 34.717833]}}, {"type": "Feature", "properties": {"id": "ardot-553", "fam": "traffic", "prog": "ardot-cctv", "lbl": "I-57 @ Carrington Rd", "src": "ardot", "public": 1, "route": "57", "model": "US67/167 @ Carrington Rd", "url": "https://actis.idrivearkansas.com/index.php/api/cameras/feed/553.m3u8"}, "geometry": {"type": "Point", "coordinates": [-92.079897, 34.933481]}}, {"type": "Feature", "properties": {"id": "ardot-189", "fam": "traffic", "prog": "ardot-cctv", "lbl": "I-57 at Vandenberg Blvd (Exit 11)", "src": "ardot", "public": 1, "route": "57", "model": "AXIS P5635-E Mk II", "url": "https://actis.idrivearkansas.com/index.php/api/cameras/feed/189.m3u8"}, "geometry": {"type": "Point", "coordinates": [-92.098838, 34.893185]}}, {"type": "Feature", "properties": {"id": "ardot-852", "fam": "traffic", "prog": "ardot-cctv", "lbl": "I-530 at Granite Mountain", "src": "ardot", "public": 1, "route": "530", "model": "", "url": "https://actis.idrivearkansas.com/index.php/api/cameras/feed/852.m3u8"}, "geometry": {"type": "Point", "coordinates": [-92.269422, 34.683183]}}, {"type": "Feature", "properties": {"id": "ardot-19", "fam": "traffic", "prog": "ardot-cctv", "lbl": "I-40 W. of Morgan (Exit 142)", "src": "ardot", "public": 1, "route": "40", "model": "P5635E-MkII", "url": "https://actis.idrivearkansas.com/index.php/api/cameras/feed/19.m3u8"}, "geometry": {"type": "Point", "coordinates": [-92.401379, 34.897105]}}, {"type": "Feature", "properties": {"id": "ardot-786", "fam": "traffic", "prog": "ardot-cctv", "lbl": "I-530 at Bingham Rd (Exit 9)", "src": "ardot", "public": 1, "route": "530", "model": "", "url": "https://actis.idrivearkansas.com/index.php/api/cameras/feed/786.m3u8"}, "geometry": {"type": "Point", "coordinates": [-92.268161, 34.589525]}}, {"type": "Feature", "properties": {"id": "ardot-853", "fam": "traffic", "prog": "ardot-cctv", "lbl": "I-30 at 9th Street", "src": "ardot", "public": 1, "route": "30", "model": "", "url": "https://actis.idrivearkansas.com/index.php/api/cameras/feed/853.m3u8"}, "geometry": {"type": "Point", "coordinates": [-92.262472, 34.74111]}}, {"type": "Feature", "properties": {"id": "ardot-209", "fam": "traffic", "prog": "ardot-cctv", "lbl": "I-57 N. of McCain Blvd. (Exit 1)", "src": "ardot", "public": 1, "route": "57", "model": "", "url": "https://actis.idrivearkansas.com/index.php/api/cameras/feed/209.m3u8"}, "geometry": {"type": "Point", "coordinates": [-92.215785, 34.800408]}}, {"type": "Feature", "properties": {"id": "ardot-875", "fam": "traffic", "prog": "ardot-cctv", "lbl": "I-40 at EB Exit 155", "src": "ardot", "public": 1, "route": "40", "model": "", "url": "https://actis.idrivearkansas.com/index.php/api/cameras/feed/875.m3u8"}, "geometry": {"type": "Point", "coordinates": [-92.23624, 34.77821]}}, {"type": "Feature", "properties": {"id": "ardot-716", "fam": "traffic", "prog": "ardot-cctv", "lbl": "Hwy 89 Interchange at Locust Street", "src": "ardot", "public": 1, "route": "89", "model": "", "url": "https://actis.idrivearkansas.com/index.php/api/cameras/feed/716.m3u8"}, "geometry": {"type": "Point", "coordinates": [-92.03204, 34.97989]}}, {"type": "Feature", "properties": {"id": "ardot-17", "fam": "traffic", "prog": "ardot-cctv", "lbl": "I-40 at Galloway (Exit 161)", "src": "ardot", "public": 1, "route": "40", "model": "Axis P5534-E", "url": "https://actis.idrivearkansas.com/index.php/api/cameras/feed/17.m3u8"}, "geometry": {"type": "Point", "coordinates": [-92.1342, 34.784465]}}, {"type": "Feature", "properties": {"id": "ardot-717", "fam": "traffic", "prog": "ardot-cctv", "lbl": "Hwy 89 Interchange at Willie Ray Drive", "src": "ardot", "public": 1, "route": "89", "model": "", "url": "https://actis.idrivearkansas.com/index.php/api/cameras/feed/717.m3u8"}, "geometry": {"type": "Point", "coordinates": [-92.03749, 34.98061]}}, {"type": "Feature", "properties": {"id": "ardot-156", "fam": "traffic", "prog": "ardot-cctv", "lbl": "I-57 at Redmond Rd.", "src": "ardot", "public": 1, "route": "57", "model": "", "url": "https://actis.idrivearkansas.com/index.php/api/cameras/feed/156.m3u8"}, "geometry": {"type": "Point", "coordinates": [-92.129792, 34.861219]}}, {"type": "Feature", "properties": {"id": "ardot-718", "fam": "traffic", "prog": "ardot-cctv", "lbl": "Hwy 89 Interchange at Willie Ray Drive", "src": "ardot", "public": 1, "route": "89", "model": "", "url": "https://actis.idrivearkansas.com/index.php/api/cameras/feed/718.m3u8"}, "geometry": {"type": "Point", "coordinates": [-92.03749, 34.98061]}}, {"type": "Feature", "properties": {"id": "ardot-831", "fam": "traffic", "prog": "ardot-cctv", "lbl": "I-30 at Sykes Blvd WB (Exit 142)", "src": "ardot", "public": 1, "route": "30", "model": "", "url": "https://actis.idrivearkansas.com/index.php/api/cameras/feed/831.m3u8"}, "geometry": {"type": "Point", "coordinates": [-92.261989, 34.771589]}}, {"type": "Feature", "properties": {"id": "ardot-130", "fam": "traffic", "prog": "ardot-cctv", "lbl": "I-630 at Interstate 30", "src": "ardot", "public": 1, "route": "630", "model": "Axis P5635-E MkII", "url": "https://actis.idrivearkansas.com/index.php/api/cameras/feed/130.m3u8"}, "geometry": {"type": "Point", "coordinates": [-92.261285, 34.73272]}}, {"type": "Feature", "properties": {"id": "ardot-719", "fam": "traffic", "prog": "ardot-cctv", "lbl": "I-57 at Pulaski Co Line", "src": "ardot", "public": 1, "route": "57", "model": "", "url": "https://actis.idrivearkansas.com/index.php/api/cameras/feed/719.m3u8"}, "geometry": {"type": "Point", "coordinates": [-92.07244, 34.94143]}}, {"type": "Feature", "properties": {"id": "ardot-832", "fam": "traffic", "prog": "ardot-cctv", "lbl": "I-40 at North Hills Blvd (Exit 154)", "src": "ardot", "public": 1, "route": "40", "model": "", "url": "https://actis.idrivearkansas.com/index.php/api/cameras/feed/832.m3u8"}, "geometry": {"type": "Point", "coordinates": [-92.241944, 34.777944]}}, {"type": "Feature", "properties": {"id": "ardot-18", "fam": "traffic", "prog": "ardot-cctv", "lbl": "I-40 West of Crystal Hill Rd. (Exit 147)", "src": "ardot", "public": 1, "route": "40", "model": "AXIS P5635-E Mk II", "url": "https://actis.idrivearkansas.com/index.php/api/cameras/feed/18.m3u8"}, "geometry": {"type": "Point", "coordinates": [-92.331821, 34.818138]}}, {"type": "Feature", "properties": {"id": "ardot-720", "fam": "traffic", "prog": "ardot-cctv", "lbl": "I-57 at Pulaski Co Line", "src": "ardot", "public": 1, "route": "57", "model": "", "url": "https://actis.idrivearkansas.com/index.php/api/cameras/feed/720.m3u8"}, "geometry": {"type": "Point", "coordinates": [-92.07244, 34.94143]}}, {"type": "Feature", "properties": {"id": "ardot-833", "fam": "traffic", "prog": "ardot-cctv", "lbl": "I-30 at Mile Marker 136.7", "src": "ardot", "public": 1, "route": "30", "model": "AXIS P5655-E PTZ", "url": "https://actis.idrivearkansas.com/index.php/api/cameras/feed/833.m3u8"}, "geometry": {"type": "Point", "coordinates": [-92.290556, 34.705583]}}, {"type": "Feature", "properties": {"id": "ardot-721", "fam": "traffic", "prog": "ardot-cctv", "lbl": "I-57 at Highway 89 (Exit 19)", "src": "ardot", "public": 1, "route": "57", "model": "", "url": "https://actis.idrivearkansas.com/index.php/api/cameras/feed/721.m3u8"}, "geometry": {"type": "Point", "coordinates": [-92.03176, 34.98237]}}, {"type": "Feature", "properties": {"id": "ardot-154", "fam": "traffic", "prog": "ardot-cctv", "lbl": "ARDOT Central Office Tower Cam", "src": "ardot", "public": 1, "route": "338", "model": "AXIS P5655-E PTZ", "url": "https://actis.idrivearkansas.com/index.php/api/cameras/feed/154.m3u8"}, "geometry": {"type": "Point", "coordinates": [-92.382858, 34.671183]}}, {"type": "Feature", "properties": {"id": "ardot-24", "fam": "traffic", "prog": "ardot-cctv", "lbl": "I-30 W. of I-430 Interchange", "src": "ardot", "public": 1, "route": "30", "model": "AXIS P5635-E Mk II", "url": "https://actis.idrivearkansas.com/index.php/api/cameras/feed/24.m3u8"}, "geometry": {"type": "Point", "coordinates": [-92.408834, 34.655897]}}, {"type": "Feature", "properties": {"id": "ardot-722", "fam": "traffic", "prog": "ardot-cctv", "lbl": "I-57 at Highway 89 (Exit 19)", "src": "ardot", "public": 1, "route": "57", "model": "", "url": "https://actis.idrivearkansas.com/index.php/api/cameras/feed/722.m3u8"}, "geometry": {"type": "Point", "coordinates": [-92.03176, 34.98237]}}, {"type": "Feature", "properties": {"id": "ardot-834", "fam": "traffic", "prog": "ardot-cctv", "lbl": "I-430 SB at I-40 Interchange", "src": "ardot", "public": 1, "route": "430", "model": "", "url": "https://actis.idrivearkansas.com/index.php/api/cameras/feed/834.m3u8"}, "geometry": {"type": "Point", "coordinates": [-92.345556, 34.820222]}}, {"type": "Feature", "properties": {"id": "ardot-723", "fam": "traffic", "prog": "ardot-cctv", "lbl": "I-57 at Mile Marker 23", "src": "ardot", "public": 1, "route": "57", "model": "", "url": "https://actis.idrivearkansas.com/index.php/api/cameras/feed/723.m3u8"}, "geometry": {"type": "Point", "coordinates": [-91.97436, 35.01497]}}, {"type": "Feature", "properties": {"id": "ardot-835", "fam": "traffic", "prog": "ardot-cctv", "lbl": "I-430 at I-40 Interchange (Exit 13)", "src": "ardot", "public": 1, "route": "430", "model": "", "url": "https://actis.idrivearkansas.com/index.php/api/cameras/feed/835.m3u8"}, "geometry": {"type": "Point", "coordinates": [-92.344444, 34.818333]}}, {"type": "Feature", "properties": {"id": "ardot-188", "fam": "traffic", "prog": "ardot-cctv", "lbl": "I-30 at Baseline Rd. (Exit 130)", "src": "ardot", "public": 1, "route": "30", "model": "", "url": "https://actis.idrivearkansas.com/index.php/api/cameras/feed/188.m3u8"}, "geometry": {"type": "Point", "coordinates": [-92.381272, 34.670165]}}, {"type": "Feature", "properties": {"id": "ardot-740", "fam": "traffic", "prog": "ardot-cctv", "lbl": "I-57 at NB AR440 On-Ramp", "src": "ardot", "public": 1, "route": "57", "model": "", "url": "https://actis.idrivearkansas.com/index.php/api/cameras/feed/740.m3u8"}, "geometry": {"type": "Point", "coordinates": [-92.158819, 34.842133]}}, {"type": "Feature", "properties": {"id": "ardot-724", "fam": "traffic", "prog": "ardot-cctv", "lbl": "I-57 at Mile Marker 23", "src": "ardot", "public": 1, "route": "57", "model": "", "url": "https://actis.idrivearkansas.com/index.php/api/cameras/feed/724.m3u8"}, "geometry": {"type": "Point", "coordinates": [-91.97436, 35.01497]}}, {"type": "Feature", "properties": {"id": "ardot-741", "fam": "traffic", "prog": "ardot-cctv", "lbl": "I-57 at Redmond Rd DMS", "src": "ardot", "public": 1, "route": "57", "model": "", "url": "https://actis.idrivearkansas.com/index.php/api/cameras/feed/741.m3u8"}, "geometry": {"type": "Point", "coordinates": [-92.136917, 34.855028]}}, {"type": "Feature", "properties": {"id": "ardot-725", "fam": "traffic", "prog": "ardot-cctv", "lbl": "I-57 at Mile Marker 18", "src": "ardot", "public": 1, "route": "57", "model": "", "url": "https://actis.idrivearkansas.com/index.php/api/cameras/feed/725.m3u8"}, "geometry": {"type": "Point", "coordinates": [-92.0404, 34.97235]}}, {"type": "Feature", "properties": {"id": "ardot-726", "fam": "traffic", "prog": "ardot-cctv", "lbl": "I-57 at Mile Marker 18", "src": "ardot", "public": 1, "route": "57", "model": "", "url": "https://actis.idrivearkansas.com/index.php/api/cameras/feed/726.m3u8"}, "geometry": {"type": "Point", "coordinates": [-92.0404, 34.97235]}}, {"type": "Feature", "properties": {"id": "ardot-742", "fam": "traffic", "prog": "ardot-cctv", "lbl": "I-57 North of Coffelt Rd", "src": "ardot", "public": 1, "route": "57", "model": "", "url": "https://actis.idrivearkansas.com/index.php/api/cameras/feed/742.m3u8"}, "geometry": {"type": "Point", "coordinates": [-92.082306, 34.92045]}}, {"type": "Feature", "properties": {"id": "ardot-768", "fam": "traffic", "prog": "ardot-cctv", "lbl": "I-30 at Saline River (mm114.5)", "src": "ardot", "public": 1, "route": "30", "model": "", "url": "https://actis.idrivearkansas.com/index.php/api/cameras/feed/768.m3u8"}, "geometry": {"type": "Point", "coordinates": [-92.623403, 34.551403]}}, {"type": "Feature", "properties": {"id": "ardot-769", "fam": "traffic", "prog": "ardot-cctv", "lbl": "I-30 at Congo Road (Exit 118)", "src": "ardot", "public": 1, "route": "30", "model": "", "url": "https://actis.idrivearkansas.com/index.php/api/cameras/feed/769.m3u8"}, "geometry": {"type": "Point", "coordinates": [-92.567983, 34.5865]}}, {"type": "Feature", "properties": {"id": "ardot-187", "fam": "traffic", "prog": "ardot-cctv", "lbl": "I-430 at Exit 128", "src": "ardot", "public": 1, "route": "430", "model": "AXIS P5635-E Mk II", "url": "https://actis.idrivearkansas.com/index.php/api/cameras/feed/187.m3u8"}, "geometry": {"type": "Point", "coordinates": [-92.405374, 34.668307]}}, {"type": "Feature", "properties": {"id": "ardot-430", "fam": "traffic", "prog": "ardot-cctv", "lbl": "I-440 at Lindsey Road", "src": "ardot", "public": 1, "route": "440", "model": "AXIS P5655-E PTZ", "url": "https://actis.idrivearkansas.com/index.php/api/cameras/feed/430.m3u8"}, "geometry": {"type": "Point", "coordinates": [-92.208194, 34.71575]}}, {"type": "Feature", "properties": {"id": "ardot-177", "fam": "traffic", "prog": "ardot-cctv", "lbl": "I-40 at Prothro Jct. (Exit 157)", "src": "ardot", "public": 1, "route": "40", "model": "AXIS P5635-E Mk II", "url": "https://actis.idrivearkansas.com/index.php/api/cameras/feed/177.m3u8"}, "geometry": {"type": "Point", "coordinates": [-92.191784, 34.777459]}}, {"type": "Feature", "properties": {"id": "ardot-131", "fam": "traffic", "prog": "ardot-cctv", "lbl": "I-30 at Alexander (Exit 126)", "src": "ardot", "public": 1, "route": "30", "model": "AXIS P5655-E PTZ", "url": "https://actis.idrivearkansas.com/index.php/api/cameras/feed/131.m3u8"}, "geometry": {"type": "Point", "coordinates": [-92.44419, 34.641449]}}, {"type": "Feature", "properties": {"id": "ardot-185", "fam": "traffic", "prog": "ardot-cctv", "lbl": "I-57 at State Hwy. 440 Intchg.", "src": "ardot", "public": 1, "route": "57", "model": "", "url": "https://actis.idrivearkansas.com/index.php/api/cameras/feed/185.m3u8"}, "geometry": {"type": "Point", "coordinates": [-92.165484, 34.836497]}}, {"type": "Feature", "properties": {"id": "ardot-191", "fam": "traffic", "prog": "ardot-cctv", "lbl": "I-30 at W. 65th St. (Exit 135)", "src": "ardot", "public": 1, "route": "30", "model": "AXIS P5635-E Mk II", "url": "https://actis.idrivearkansas.com/index.php/api/cameras/feed/191.m3u8"}, "geometry": {"type": "Point", "coordinates": [-92.304315, 34.69204]}}, {"type": "Feature", "properties": {"id": "ardot-431", "fam": "traffic", "prog": "ardot-cctv", "lbl": "I-57 at Wildwood Ave", "src": "ardot", "public": 1, "route": "57", "model": "AXIS P5655-E PTZ", "url": "https://actis.idrivearkansas.com/index.php/api/cameras/feed/431.m3u8"}, "geometry": {"type": "Point", "coordinates": [-92.201722, 34.815194]}}, {"type": "Feature", "properties": {"id": "ardot-221", "fam": "traffic", "prog": "ardot-cctv", "lbl": "I-57 at Cabot (Exit 16)", "src": "ardot", "public": 1, "route": "57", "model": "AXIS P5635-E Mk II", "url": "https://actis.idrivearkansas.com/index.php/api/cameras/feed/221.m3u8"}, "geometry": {"type": "Point", "coordinates": [-92.068355, 34.945128]}}, {"type": "Feature", "properties": {"id": "ardot-190", "fam": "traffic", "prog": "ardot-cctv", "lbl": "I-40 at I-430 Intchg. (Exit 147)", "src": "ardot", "public": 1, "route": "40", "model": "", "url": "https://actis.idrivearkansas.com/index.php/api/cameras/feed/190.m3u8"}, "geometry": {"type": "Point", "coordinates": [-92.345658, 34.826538]}}, {"type": "Feature", "properties": {"id": "ardot-354", "fam": "traffic", "prog": "ardot-cctv", "lbl": "I-630 @ Cedar St", "src": "ardot", "public": 1, "route": "630", "model": "AXIS P5635-E Mk II", "url": "https://actis.idrivearkansas.com/index.php/api/cameras/feed/354.m3u8"}, "geometry": {"type": "Point", "coordinates": [-92.322472, 34.744417]}}, {"type": "Feature", "properties": {"id": "ardot-379", "fam": "traffic", "prog": "ardot-cctv", "lbl": "I-40 at Remington Road", "src": "ardot", "public": 1, "route": "40", "model": "AXIS P5635-E Mk II", "url": "https://actis.idrivearkansas.com/index.php/api/cameras/feed/379.m3u8"}, "geometry": {"type": "Point", "coordinates": [-91.994639, 34.802111]}}, {"type": "Feature", "properties": {"id": "ardot-226", "fam": "traffic", "prog": "ardot-cctv", "lbl": "I-40 at Exit 159", "src": "ardot", "public": 1, "route": "40", "model": "", "url": "https://actis.idrivearkansas.com/index.php/api/cameras/feed/226.m3u8"}, "geometry": {"type": "Point", "coordinates": [-92.167328, 34.780467]}}, {"type": "Feature", "properties": {"id": "ardot-186", "fam": "traffic", "prog": "ardot-cctv", "lbl": "State Hwy. 440 at U.S. 67 Intchg.", "src": "ardot", "public": 1, "route": "440", "model": "AXIS P5635-E Mk II", "url": "https://actis.idrivearkansas.com/index.php/api/cameras/feed/186.m3u8"}, "geometry": {"type": "Point", "coordinates": [-92.15195, 34.836233]}}, {"type": "Feature", "properties": {"id": "ardot-748", "fam": "traffic", "prog": "ardot-cctv", "lbl": "I-57 at Mile Marker 13", "src": "ardot", "public": 1, "route": "57", "model": "", "url": "https://actis.idrivearkansas.com/index.php/api/cameras/feed/748.m3u8"}, "geometry": {"type": "Point", "coordinates": [-92.0833, 34.910089]}}, {"type": "Feature", "properties": {"id": "ardot-316", "fam": "traffic", "prog": "ardot-cctv", "lbl": "I-40 at Mile Marker 133.8", "src": "ardot", "public": 1, "route": "40", "model": "AXIS P5635-E Mk II", "url": "https://actis.idrivearkansas.com/index.php/api/cameras/feed/316.m3u8"}, "geometry": {"type": "Point", "coordinates": [-92.415139, 34.992347]}}, {"type": "Feature", "properties": {"id": "ardot-228", "fam": "traffic", "prog": "ardot-cctv", "lbl": "I-40 at Exit 159", "src": "ardot", "public": 1, "route": "40", "model": "", "url": "https://actis.idrivearkansas.com/index.php/api/cameras/feed/228.m3u8"}, "geometry": {"type": "Point", "coordinates": [-92.154113, 34.782352]}}, {"type": "Feature", "properties": {"id": "ardot-436", "fam": "traffic", "prog": "ardot-cctv", "lbl": "I-40 East of Crystal Hill Rd (Exit 148)", "src": "ardot", "public": 1, "route": "40", "model": "AXIS P5635-E Mk II", "url": "https://actis.idrivearkansas.com/index.php/api/cameras/feed/436.m3u8"}, "geometry": {"type": "Point", "coordinates": [-92.326833, 34.815883]}}, {"type": "Feature", "properties": {"id": "ardot-297", "fam": "traffic", "prog": "ardot-cctv", "lbl": "I-430 at Mile Marker 4.5", "src": "ardot", "public": 1, "route": "430", "model": "AXIS P5635-E Mk II", "url": "https://actis.idrivearkansas.com/index.php/api/cameras/feed/297.m3u8"}, "geometry": {"type": "Point", "coordinates": [-92.401175, 34.72646]}}, {"type": "Feature", "properties": {"id": "ardot-309", "fam": "traffic", "prog": "ardot-cctv", "lbl": "I-40 at Morgan (Exit 142)", "src": "ardot", "public": 1, "route": "40", "model": "AXIS P5635-E Mk II", "url": "https://actis.idrivearkansas.com/index.php/api/cameras/feed/309.m3u8"}, "geometry": {"type": "Point", "coordinates": [-92.376491, 34.882542]}}, {"type": "Feature", "properties": {"id": "ardot-437", "fam": "traffic", "prog": "ardot-cctv", "lbl": "I-40 @ East of Exit 127", "src": "ardot", "public": 1, "route": "40", "model": "AXIS P5655-E PTZ", "url": "https://actis.idrivearkansas.com/index.php/api/cameras/feed/437.m3u8"}, "geometry": {"type": "Point", "coordinates": [-92.418608, 35.087947]}}, {"type": "Feature", "properties": {"id": "ardot-196", "fam": "traffic", "prog": "ardot-cctv", "lbl": "I-530 at Mile Marker 7", "src": "ardot", "public": 1, "route": "530", "model": "", "url": "https://actis.idrivearkansas.com/index.php/api/cameras/feed/196.m3u8"}, "geometry": {"type": "Point", "coordinates": [-92.268908, 34.610351]}}, {"type": "Feature", "properties": {"id": "ardot-195", "fam": "traffic", "prog": "ardot-cctv", "lbl": "I-530 at Mile Marker 1", "src": "ardot", "public": 1, "route": "530", "model": "AXIS P5655-E PTZ", "url": "https://actis.idrivearkansas.com/index.php/api/cameras/feed/195.m3u8"}, "geometry": {"type": "Point", "coordinates": [-92.270467, 34.700444]}}, {"type": "Feature", "properties": {"id": "ardot-194", "fam": "traffic", "prog": "ardot-cctv", "lbl": "I-30 at Mile Marker 136.4", "src": "ardot", "public": 1, "route": "30", "model": "", "url": "https://actis.idrivearkansas.com/index.php/api/cameras/feed/194.m3u8"}, "geometry": {"type": "Point", "coordinates": [-92.294761, 34.703896]}}, {"type": "Feature", "properties": {"id": "ardot-355", "fam": "traffic", "prog": "ardot-cctv", "lbl": "I-630 @ Woodrow", "src": "ardot", "public": 1, "route": "630", "model": "AXIS P5635-E Mk II", "url": "https://actis.idrivearkansas.com/index.php/api/cameras/feed/355.m3u8"}, "geometry": {"type": "Point", "coordinates": [-92.309556, 34.743889]}}, {"type": "Feature", "properties": {"id": "ardot-212", "fam": "traffic", "prog": "ardot-cctv", "lbl": "I-40 at Springhill Dr. (Exit 156)", "src": "ardot", "public": 1, "route": "40", "model": "AXIS P5635-E Mk II", "url": "https://actis.idrivearkansas.com/index.php/api/cameras/feed/212.m3u8"}, "geometry": {"type": "Point", "coordinates": [-92.216812, 34.779434]}}, {"type": "Feature", "properties": {"id": "ardot-250", "fam": "traffic", "prog": "ardot-cctv", "lbl": "I-440 at U.S. 165 (Exit 7)", "src": "ardot", "public": 1, "route": "440", "model": "AXIS P5635-E Mk II", "url": "https://actis.idrivearkansas.com/index.php/api/cameras/feed/250.m3u8"}, "geometry": {"type": "Point", "coordinates": [-92.169316, 34.736823]}}, {"type": "Feature", "properties": {"id": "ardot-305", "fam": "traffic", "prog": "ardot-cctv", "lbl": "I-40 at Morgan (Exit 142)", "src": "ardot", "public": 1, "route": "40", "model": "AXIS P5635-E Mk II", "url": "https://actis.idrivearkansas.com/index.php/api/cameras/feed/305.m3u8"}, "geometry": {"type": "Point", "coordinates": [-92.383182, 34.888205]}}, {"type": "Feature", "properties": {"id": "ardot-291", "fam": "traffic", "prog": "ardot-cctv", "lbl": "I-440 at Fourche Dam Pike (Exit 5)", "src": "ardot", "public": 1, "route": "440", "model": "AXIS P5635-E Mk II", "url": "https://actis.idrivearkansas.com/index.php/api/cameras/feed/291.m3u8"}, "geometry": {"type": "Point", "coordinates": [-92.193375, 34.715112]}}, {"type": "Feature", "properties": {"id": "ardot-15", "fam": "traffic", "prog": "ardot-cctv", "lbl": "State Hwy. 440 at Rixey Rd. (Exit 12)", "src": "ardot", "public": 1, "route": "440", "model": "P5635E-MkII", "url": "https://actis.idrivearkansas.com/index.php/api/cameras/feed/15.m3u8"}, "geometry": {"type": "Point", "coordinates": [-92.15161, 34.823407]}}, {"type": "Feature", "properties": {"id": "ardot-28", "fam": "traffic", "prog": "ardot-cctv", "lbl": "I-430 at Col. Glenn Rd. (Exit 4)", "src": "ardot", "public": 1, "route": "430", "model": "AXIS P5655-E PTZ", "url": "https://actis.idrivearkansas.com/index.php/api/cameras/feed/28.m3u8"}, "geometry": {"type": "Point", "coordinates": [-92.401643, 34.715111]}}, {"type": "Feature", "properties": {"id": "ardot-420", "fam": "traffic", "prog": "ardot-cctv", "lbl": "I-40 @ mm 168.4", "src": "ardot", "public": 1, "route": "40", "model": "AXIS P5635-E Mk II", "url": "https://actis.idrivearkansas.com/index.php/api/cameras/feed/420.m3u8"}, "geometry": {"type": "Point", "coordinates": [-91.998889, 34.801242]}}, {"type": "Feature", "properties": {"id": "ardot-306", "fam": "traffic", "prog": "ardot-cctv", "lbl": "I-40 at Levy (Exit 152)", "src": "ardot", "public": 1, "route": "40", "model": "AXIS P5635-E Mk II", "url": "https://actis.idrivearkansas.com/index.php/api/cameras/feed/306.m3u8"}, "geometry": {"type": "Point", "coordinates": [-92.276304, 34.784299]}}, {"type": "Feature", "properties": {"id": "ardot-383", "fam": "traffic", "prog": "ardot-cctv", "lbl": "I-40 @ Kerr Rd", "src": "ardot", "public": 1, "route": "40", "model": "AXIS P5635-E Mk II", "url": "https://actis.idrivearkansas.com/index.php/api/cameras/feed/383.m3u8"}, "geometry": {"type": "Point", "coordinates": [-92.059139, 34.79185]}}, {"type": "Feature", "properties": {"id": "ardot-290", "fam": "traffic", "prog": "ardot-cctv", "lbl": "I-440 at Faulkner Lake Rd. (Exit 8)", "src": "ardot", "public": 1, "route": "440", "model": "AXIS P5635-E Mk II", "url": "https://actis.idrivearkansas.com/index.php/api/cameras/feed/290.m3u8"}, "geometry": {"type": "Point", "coordinates": [-92.16416, 34.743451]}}, {"type": "Feature", "properties": {"id": "ardot-357", "fam": "traffic", "prog": "ardot-cctv", "lbl": "I-40 W. of White Oak Crossing (Exit 146)", "src": "ardot", "public": 1, "route": "40", "model": "AXIS P5635-E Mk II", "url": "https://actis.idrivearkansas.com/index.php/api/cameras/feed/357.m3u8"}, "geometry": {"type": "Point", "coordinates": [-92.3501, 34.845]}}, {"type": "Feature", "properties": {"id": "ardot-312", "fam": "traffic", "prog": "ardot-cctv", "lbl": "I-40 at Mile Marker 133.3", "src": "ardot", "public": 1, "route": "40", "model": "AXIS P5635-E Mk II", "url": "https://actis.idrivearkansas.com/index.php/api/cameras/feed/312.m3u8"}, "geometry": {"type": "Point", "coordinates": [-92.41198, 35.00208]}}, {"type": "Feature", "properties": {"id": "ardot-33", "fam": "traffic", "prog": "ardot-cctv", "lbl": "I-40 at U.S. 64 (Exit 127)", "src": "ardot", "public": 1, "route": "40", "model": "Axis P5534-E", "url": "https://actis.idrivearkansas.com/index.php/api/cameras/feed/33.m3u8"}, "geometry": {"type": "Point", "coordinates": [-92.426694, 35.095206]}}, {"type": "Feature", "properties": {"id": "ardot-307", "fam": "traffic", "prog": "ardot-cctv", "lbl": "I-430 at Rodney Parham Rd. (Exit 8)", "src": "ardot", "public": 1, "route": "430", "model": "AXIS P5635-E Mk II", "url": "https://actis.idrivearkansas.com/index.php/api/cameras/feed/307.m3u8"}, "geometry": {"type": "Point", "coordinates": [-92.390795, 34.763028]}}, {"type": "Feature", "properties": {"id": "ardot-448", "fam": "traffic", "prog": "ardot-cctv", "lbl": "I-40 East of Exit 129", "src": "ardot", "public": 1, "route": "40", "model": "AXIS P5655-E PTZ", "url": "https://actis.idrivearkansas.com/index.php/api/cameras/feed/448.m3u8"}, "geometry": {"type": "Point", "coordinates": [-92.417219, 35.061114]}}, {"type": "Feature", "properties": {"id": "ardot-208", "fam": "traffic", "prog": "ardot-cctv", "lbl": "I-57 S. of McCain Blvd. (Exit 1)", "src": "ardot", "public": 1, "route": "57", "model": "AXIS P5635-E Mk II", "url": "https://actis.idrivearkansas.com/index.php/api/cameras/feed/208.m3u8"}, "geometry": {"type": "Point", "coordinates": [-92.22755, 34.787034]}}, {"type": "Feature", "properties": {"id": "ardot-193", "fam": "traffic", "prog": "ardot-cctv", "lbl": "I-30 at State Hwy. 367 (Arch St.)", "src": "ardot", "public": 1, "route": "30", "model": "", "url": "https://actis.idrivearkansas.com/index.php/api/cameras/feed/193.m3u8"}, "geometry": {"type": "Point", "coordinates": [-92.280305, 34.707568]}}, {"type": "Feature", "properties": {"id": "ardot-34", "fam": "traffic", "prog": "ardot-cctv", "lbl": "I-40 at Mile Marker 130", "src": "ardot", "public": 1, "route": "40", "model": "Axis P5534-E", "url": "https://actis.idrivearkansas.com/index.php/api/cameras/feed/34.m3u8"}, "geometry": {"type": "Point", "coordinates": [-92.413218, 35.047299]}}, {"type": "Feature", "properties": {"id": "ardot-192", "fam": "traffic", "prog": "ardot-cctv", "lbl": "I-30 at Vimy Ridge Rd.", "src": "ardot", "public": 1, "route": "30", "model": "AXIS P5635-E Mk II", "url": "https://actis.idrivearkansas.com/index.php/api/cameras/feed/192.m3u8"}, "geometry": {"type": "Point", "coordinates": [-92.420409, 34.647898]}}, {"type": "Feature", "properties": {"id": "ardot-356", "fam": "traffic", "prog": "ardot-cctv", "lbl": "I-630 @ MLK", "src": "ardot", "public": 1, "route": "630", "model": "", "url": "https://actis.idrivearkansas.com/index.php/api/cameras/feed/356.m3u8"}, "geometry": {"type": "Point", "coordinates": [-92.285528, 34.743]}}, {"type": "Feature", "properties": {"id": "ardot-302", "fam": "traffic", "prog": "ardot-cctv", "lbl": "I-40 at Mile Marker 151", "src": "ardot", "public": 1, "route": "40", "model": "AXIS P5635-E Mk II", "url": "https://actis.idrivearkansas.com/index.php/api/cameras/feed/302.m3u8"}, "geometry": {"type": "Point", "coordinates": [-92.29488, 34.788552]}}, {"type": "Feature", "properties": {"id": "ardot-449", "fam": "traffic", "prog": "ardot-cctv", "lbl": "I-40 West of Exit 129", "src": "ardot", "public": 1, "route": "40", "model": "AXIS P5655-E PTZ", "url": "https://actis.idrivearkansas.com/index.php/api/cameras/feed/449.m3u8"}, "geometry": {"type": "Point", "coordinates": [-92.417225, 35.070961]}}, {"type": "Feature", "properties": {"id": "ardot-313", "fam": "traffic", "prog": "ardot-cctv", "lbl": "I-40 at Mile Marker 135", "src": "ardot", "public": 1, "route": "40", "model": "AXIS P5635-E Mk II", "url": "https://actis.idrivearkansas.com/index.php/api/cameras/feed/313.m3u8"}, "geometry": {"type": "Point", "coordinates": [-92.41998, 34.96651]}}, {"type": "Feature", "properties": {"id": "ardot-314", "fam": "traffic", "prog": "ardot-cctv", "lbl": "I-40 at Mile Marker 136", "src": "ardot", "public": 1, "route": "40", "model": "AXIS P5635-E Mk II", "url": "https://actis.idrivearkansas.com/index.php/api/cameras/feed/314.m3u8"}, "geometry": {"type": "Point", "coordinates": [-92.422539, 34.952677]}}, {"type": "Feature", "properties": {"id": "ardot-32", "fam": "traffic", "prog": "ardot-cctv", "lbl": "I-40 at Mile Marker 131", "src": "ardot", "public": 1, "route": "40", "model": "AXIS P5635-E Mk II", "url": "https://actis.idrivearkansas.com/index.php/api/cameras/feed/32.m3u8"}, "geometry": {"type": "Point", "coordinates": [-92.409564, 35.03302]}}, {"type": "Feature", "properties": {"id": "ardot-358", "fam": "traffic", "prog": "ardot-cctv", "lbl": "I-40 E. of White Oak Crossing (Exit 146)", "src": "ardot", "public": 1, "route": "40", "model": "AXIS P5635-E Mk II", "url": "https://actis.idrivearkansas.com/index.php/api/cameras/feed/358.m3u8"}, "geometry": {"type": "Point", "coordinates": [-92.3475, 34.836]}}, {"type": "Feature", "properties": {"id": "ardot-450", "fam": "traffic", "prog": "ardot-cctv", "lbl": "I-40 @ Mile Marker 128", "src": "ardot", "public": 1, "route": "40", "model": "AXIS P5655-E PTZ", "url": "https://actis.idrivearkansas.com/index.php/api/cameras/feed/450.m3u8"}, "geometry": {"type": "Point", "coordinates": [-92.413892, 35.076839]}}, {"type": "Feature", "properties": {"id": "ardot-353", "fam": "traffic", "prog": "ardot-cctv", "lbl": "I-630 @ Barrow Road", "src": "ardot", "public": 1, "route": "630", "model": "AXIS P5635-E Mk II", "url": "https://actis.idrivearkansas.com/index.php/api/cameras/feed/353.m3u8"}, "geometry": {"type": "Point", "coordinates": [-92.376306, 34.74675]}}, {"type": "Feature", "properties": {"id": "ardot-251", "fam": "traffic", "prog": "ardot-cctv", "lbl": "I-440 at Faulkner Lake Rd. (Exit 8)", "src": "ardot", "public": 1, "route": "440", "model": "AXIS P5635-E Mk II", "url": "https://actis.idrivearkansas.com/index.php/api/cameras/feed/251.m3u8"}, "geometry": {"type": "Point", "coordinates": [-92.162951, 34.751384]}}, {"type": "Feature", "properties": {"id": "ardot-315", "fam": "traffic", "prog": "ardot-cctv", "lbl": "\u201cBig Rock\u201d Interchange", "src": "ardot", "public": 1, "route": "430", "model": "AXIS P5635-E Mk II", "url": "https://actis.idrivearkansas.com/index.php/api/cameras/feed/315.m3u8"}, "geometry": {"type": "Point", "coordinates": [-92.390914, 34.746883]}}, {"type": "Feature", "properties": {"id": "ardot-298", "fam": "traffic", "prog": "ardot-cctv", "lbl": "I-440 at I-40", "src": "ardot", "public": 1, "route": "440", "model": "AXIS P5635-E Mk II", "url": "https://actis.idrivearkansas.com/index.php/api/cameras/feed/298.m3u8"}, "geometry": {"type": "Point", "coordinates": [-92.161829, 34.780205]}}, {"type": "Feature", "properties": {"id": "ardot-210", "fam": "traffic", "prog": "ardot-cctv", "lbl": "I-40 W. of N. Hills Blvd. (Exit 154)", "src": "ardot", "public": 1, "route": "40", "model": "AXIS P5635-E Mk II", "url": "https://actis.idrivearkansas.com/index.php/api/cameras/feed/210.m3u8"}, "geometry": {"type": "Point", "coordinates": [-92.251796, 34.778395]}}, {"type": "Feature", "properties": {"id": "ardot-49", "fam": "traffic", "prog": "ardot-cctv", "lbl": "I-30 at I-430 Interchange", "src": "ardot", "public": 1, "route": "430", "model": "AXIS P5635-E Mk II", "url": "https://actis.idrivearkansas.com/index.php/api/cameras/feed/49.m3u8"}, "geometry": {"type": "Point", "coordinates": [-92.402762, 34.662019]}}, {"type": "Feature", "properties": {"id": "ardot-369", "fam": "traffic", "prog": "ardot-cctv", "lbl": "I-630 @ Mississippi Ave", "src": "ardot", "public": 1, "route": "630", "model": "AXIS P5635-E Mk II", "url": "https://actis.idrivearkansas.com/index.php/api/cameras/feed/369.m3u8"}, "geometry": {"type": "Point", "coordinates": [-92.354742, 34.745378]}}, {"type": "Feature", "properties": {"id": "ardot-23", "fam": "traffic", "prog": "ardot-cctv", "lbl": "I-30 at University Ave.", "src": "ardot", "public": 1, "route": "30", "model": "Axis P5635-E Mark II", "url": "https://actis.idrivearkansas.com/index.php/api/cameras/feed/23.m3u8"}, "geometry": {"type": "Point", "coordinates": [-92.354936, 34.6787]}}, {"type": "Feature", "properties": {"id": "ardot-46", "fam": "traffic", "prog": "ardot-cctv", "lbl": "I-30 at N. Terminal Interchange", "src": "ardot", "public": 1, "route": "30", "model": "Axis P5635-E MkII", "url": "https://actis.idrivearkansas.com/index.php/api/cameras/feed/46.m3u8"}, "geometry": {"type": "Point", "coordinates": [-92.26143, 34.77929]}}, {"type": "Feature", "properties": {"id": "ardot-308", "fam": "traffic", "prog": "ardot-cctv", "lbl": "I-430 at Maumelle Blvd. (Exit 12)", "src": "ardot", "public": 1, "route": "430", "model": "AXIS P5635-E Mk II", "url": "https://actis.idrivearkansas.com/index.php/api/cameras/feed/308.m3u8"}, "geometry": {"type": "Point", "coordinates": [-92.353565, 34.813585]}}, {"type": "Feature", "properties": {"id": "ardot-266", "fam": "traffic", "prog": "ardot-cctv", "lbl": "I-430 at Stagecoach Rd. (Exit 1)", "src": "ardot", "public": 1, "route": "430", "model": "AXIS P5635-E Mk II", "url": "https://actis.idrivearkansas.com/index.php/api/cameras/feed/266.m3u8"}, "geometry": {"type": "Point", "coordinates": [-92.406254, 34.681852]}}, {"type": "Feature", "properties": {"id": "ardot-359", "fam": "traffic", "prog": "ardot-cctv", "lbl": "I-30 W. of Chicot Rd Overpass", "src": "ardot", "public": 1, "route": "30", "model": "AXIS P5635-E Mk II", "url": "https://actis.idrivearkansas.com/index.php/api/cameras/feed/359.m3u8"}, "geometry": {"type": "Point", "coordinates": [-92.364708, 34.676447]}}, {"type": "Feature", "properties": {"id": "ardot-296", "fam": "traffic", "prog": "ardot-cctv", "lbl": "I-30 at Stanton Rd. Overpass", "src": "ardot", "public": 1, "route": "30", "model": "AXIS P5635-E Mk II", "url": "https://actis.idrivearkansas.com/index.php/api/cameras/feed/296.m3u8"}, "geometry": {"type": "Point", "coordinates": [-92.332786, 34.678534]}}, {"type": "Feature", "properties": {"id": "ardot-381", "fam": "traffic", "prog": "ardot-cctv", "lbl": "I-40 at Mile Marker 162", "src": "ardot", "public": 1, "route": "40", "model": "AXIS P5635-E Mk II", "url": "https://actis.idrivearkansas.com/index.php/api/cameras/feed/381.m3u8"}, "geometry": {"type": "Point", "coordinates": [-92.101333, 34.788056]}}, {"type": "Feature", "properties": {"id": "ardot-301", "fam": "traffic", "prog": "ardot-cctv", "lbl": "I-40 at JFK Blvd. (153-A)", "src": "ardot", "public": 1, "route": "40", "model": "AXIS P5635-E Mk II", "url": "https://actis.idrivearkansas.com/index.php/api/cameras/feed/301.m3u8"}, "geometry": {"type": "Point", "coordinates": [-92.269164, 34.781504]}}, {"type": "Feature", "properties": {"id": "ardot-160", "fam": "traffic", "prog": "ardot-cctv", "lbl": "I-440 at LR Airport (Exit 3)", "src": "ardot", "public": 1, "route": "440", "model": "AXIS P5635-E Mk II", "url": "https://actis.idrivearkansas.com/index.php/api/cameras/feed/160.m3u8"}, "geometry": {"type": "Point", "coordinates": [-92.21991, 34.716722]}}, {"type": "Feature", "properties": {"id": "ardot-367", "fam": "traffic", "prog": "ardot-cctv", "lbl": "I-430 Big Rock Water Tower", "src": "ardot", "public": 1, "route": "430", "model": "AXIS Q6135-LE PTZ", "url": "https://actis.idrivearkansas.com/index.php/api/cameras/feed/367.m3u8"}, "geometry": {"type": "Point", "coordinates": [-92.390211, 34.744071]}}, {"type": "Feature", "properties": {"id": "ardot-258", "fam": "traffic", "prog": "ardot-cctv", "lbl": "I-440 at LR Airport (Exit 3)", "src": "ardot", "public": 1, "route": "440", "model": "", "url": "https://actis.idrivearkansas.com/index.php/api/cameras/feed/258.m3u8"}, "geometry": {"type": "Point", "coordinates": [-92.229579, 34.716388]}}, {"type": "Feature", "properties": {"id": "ardot-495", "fam": "traffic", "prog": "ardot-cctv", "lbl": "I-30 @ Bryant (Exit 123)", "src": "ardot", "public": 1, "route": "30", "model": "AXIS P5655-E PTZ", "url": "https://actis.idrivearkansas.com/index.php/api/cameras/feed/495.m3u8"}, "geometry": {"type": "Point", "coordinates": [-92.504711, 34.615392]}}, {"type": "Feature", "properties": {"id": "ardot-474", "fam": "traffic", "prog": "ardot-cctv", "lbl": "I-40 @ Laman Drive", "src": "ardot", "public": 1, "route": "40", "model": "AXIS P5655-E PTZ", "url": "https://actis.idrivearkansas.com/index.php/api/cameras/feed/474.m3u8"}, "geometry": {"type": "Point", "coordinates": [-92.314958, 34.80435]}}, {"type": "Feature", "properties": {"id": "ardot-494", "fam": "traffic", "prog": "ardot-cctv", "lbl": "I-30 @ Exit 124", "src": "ardot", "public": 1, "route": "30", "model": "AXIS P5655-E PTZ", "url": "https://actis.idrivearkansas.com/index.php/api/cameras/feed/494.m3u8"}, "geometry": {"type": "Point", "coordinates": [-92.461636, 34.634258]}}, {"type": "Feature", "properties": {"id": "ardot-496", "fam": "traffic", "prog": "ardot-cctv", "lbl": "I-30 @ Benton (Exit 117)", "src": "ardot", "public": 1, "route": "30", "model": "AXIS P5655-E PTZ", "url": "https://actis.idrivearkansas.com/index.php/api/cameras/feed/496.m3u8"}, "geometry": {"type": "Point", "coordinates": [-92.584864, 34.577175]}}, {"type": "Feature", "properties": {"id": "ardot-497", "fam": "traffic", "prog": "ardot-cctv", "lbl": "I-30 @ Benton EB (Exit 117)", "src": "ardot", "public": 1, "route": "30", "model": "AXIS P5655-E PTZ", "url": "https://actis.idrivearkansas.com/index.php/api/cameras/feed/497.m3u8"}, "geometry": {"type": "Point", "coordinates": [-92.593919, 34.570689]}}, {"type": "Feature", "properties": {"id": "ardot-532", "fam": "traffic", "prog": "ardot-cctv", "lbl": "I-430 @ Cantrell Interchange", "src": "ardot", "public": 1, "route": "430", "model": "AXIS P5655-E PTZ", "url": "https://actis.idrivearkansas.com/index.php/api/cameras/feed/532.m3u8"}, "geometry": {"type": "Point", "coordinates": [-92.391611, 34.789111]}}, {"type": "Feature", "properties": {"id": "ardot-530", "fam": "traffic", "prog": "ardot-cctv", "lbl": "I-430 @ Cantrell Interchange", "src": "ardot", "public": 1, "route": "430", "model": "AXIS P5655-E PTZ", "url": "https://actis.idrivearkansas.com/index.php/api/cameras/feed/530.m3u8"}, "geometry": {"type": "Point", "coordinates": [-92.391611, 34.789111]}}, {"type": "Feature", "properties": {"id": "ardot-539", "fam": "traffic", "prog": "ardot-cctv", "lbl": "I-430 South of the Arkansas River", "src": "ardot", "public": 1, "route": "430", "model": "AXIS Q6215", "url": "https://actis.idrivearkansas.com/index.php/api/cameras/feed/539.m3u8"}, "geometry": {"type": "Point", "coordinates": [-92.383297, 34.796853]}}, {"type": "Feature", "properties": {"id": "ardot-542", "fam": "traffic", "prog": "ardot-cctv", "lbl": "I-430 River Bridge", "src": "ardot", "public": 1, "route": "430", "model": "AXIS Q6215-LE PTZ", "url": "https://actis.idrivearkansas.com/index.php/api/cameras/feed/542.m3u8"}, "geometry": {"type": "Point", "coordinates": [-92.374953, 34.800611]}}, {"type": "Feature", "properties": {"id": "ardot-547", "fam": "traffic", "prog": "ardot-cctv", "lbl": "I-430 at Exit 9", "src": "ardot", "public": 1, "route": "430", "model": "AXIS Q6215", "url": "https://actis.idrivearkansas.com/index.php/api/cameras/feed/547.m3u8"}, "geometry": {"type": "Point", "coordinates": [-92.387531, 34.795508]}}, {"type": "Feature", "properties": {"id": "ardot-544", "fam": "traffic", "prog": "ardot-cctv", "lbl": "I-430 @ Maumelle Blvd", "src": "ardot", "public": 1, "route": "430", "model": "AXIS Q6215-LE PTZ", "url": "https://actis.idrivearkansas.com/index.php/api/cameras/feed/544.m3u8"}, "geometry": {"type": "Point", "coordinates": [-92.359758, 34.8091]}}, {"type": "Feature", "properties": {"id": "ardot-540", "fam": "traffic", "prog": "ardot-cctv", "lbl": "I-430 South of Arkansas River", "src": "ardot", "public": 1, "route": "430", "model": "AXIS Q6215-LE PTZ", "url": "https://actis.idrivearkansas.com/index.php/api/cameras/feed/540.m3u8"}, "geometry": {"type": "Point", "coordinates": [-92.383297, 34.796853]}}, {"type": "Feature", "properties": {"id": "ardot-541", "fam": "traffic", "prog": "ardot-cctv", "lbl": "I-430 Arkansas River Bridge", "src": "ardot", "public": 1, "route": "430", "model": "AXIS Q6215-LE PTZ", "url": "https://actis.idrivearkansas.com/index.php/api/cameras/feed/541.m3u8"}, "geometry": {"type": "Point", "coordinates": [-92.374953, 34.800611]}}, {"type": "Feature", "properties": {"id": "ardot-531", "fam": "traffic", "prog": "ardot-cctv", "lbl": "I-430 @ Cantrell Interchange", "src": "ardot", "public": 1, "route": "430", "model": "AXIS P5655-E PTZ", "url": "https://actis.idrivearkansas.com/index.php/api/cameras/feed/531.m3u8"}, "geometry": {"type": "Point", "coordinates": [-92.391611, 34.789111]}}, {"type": "Feature", "properties": {"id": "ardot-27", "fam": "traffic", "prog": "ardot-cctv", "lbl": "I-430 at I-630 Interchange", "src": "ardot", "public": 1, "route": "430", "model": "AXIS P5635-E Mk II", "url": "https://actis.idrivearkansas.com/index.php/api/cameras/feed/27.m3u8"}, "geometry": {"type": "Point", "coordinates": [-92.391794, 34.747879]}}, {"type": "Feature", "properties": {"id": "ardot-546", "fam": "traffic", "prog": "ardot-cctv", "lbl": "I-430 at Exit 9", "src": "ardot", "public": 1, "route": "430", "model": "AXIS Q6215", "url": "https://actis.idrivearkansas.com/index.php/api/cameras/feed/546.m3u8"}, "geometry": {"type": "Point", "coordinates": [-92.387531, 34.795508]}}, {"type": "Feature", "properties": {"id": "ardot-543", "fam": "traffic", "prog": "ardot-cctv", "lbl": "I-430 @ Mile Marker 12.6", "src": "ardot", "public": 1, "route": "430", "model": "AXIS Q6215-LE PTZ", "url": "https://actis.idrivearkansas.com/index.php/api/cameras/feed/543.m3u8"}, "geometry": {"type": "Point", "coordinates": [-92.362922, 34.807119]}}, {"type": "Feature", "properties": {"id": "ardot-557", "fam": "traffic", "prog": "ardot-cctv", "lbl": "I-57 @ Vandenberg Overpass", "src": "ardot", "public": 1, "route": "57", "model": "AXIS P5655-E PTZ", "url": "https://actis.idrivearkansas.com/index.php/api/cameras/feed/557.m3u8"}, "geometry": {"type": "Point", "coordinates": [-92.11056, 34.883065]}}, {"type": "Feature", "properties": {"id": "ardot-555", "fam": "traffic", "prog": "ardot-cctv", "lbl": "I-57 @ James St.", "src": "ardot", "public": 1, "route": "57", "model": "AXIS P5655-E PTZ", "url": "https://actis.idrivearkansas.com/index.php/api/cameras/feed/555.m3u8"}, "geometry": {"type": "Point", "coordinates": [-92.125722, 34.869336]}}, {"type": "Feature", "properties": {"id": "ardot-554", "fam": "traffic", "prog": "ardot-cctv", "lbl": "I-57 @ James St. (Exit 10A)", "src": "ardot", "public": 1, "route": "57", "model": "AXIS P5655-E PTZ", "url": "https://actis.idrivearkansas.com/index.php/api/cameras/feed/554.m3u8"}, "geometry": {"type": "Point", "coordinates": [-92.125722, 34.869336]}}, {"type": "Feature", "properties": {"id": "ardot-552", "fam": "traffic", "prog": "ardot-cctv", "lbl": "I-57 @ Carrington Rd", "src": "ardot", "public": 1, "route": "57", "model": "AXIS P5655-E PTZ", "url": "https://actis.idrivearkansas.com/index.php/api/cameras/feed/552.m3u8"}, "geometry": {"type": "Point", "coordinates": [-92.079897, 34.933481]}}, {"type": "Feature", "properties": {"id": "ardot-580", "fam": "traffic", "prog": "ardot-cctv", "lbl": "I-57 of Brookswood Rd.", "src": "ardot", "public": 1, "route": "57", "model": "AXIS P5655-E PTZ", "url": "https://actis.idrivearkansas.com/index.php/api/cameras/feed/580.m3u8"}, "geometry": {"type": "Point", "coordinates": [-92.191789, 34.825508]}}, {"type": "Feature", "properties": {"id": "ardot-584", "fam": "traffic", "prog": "ardot-cctv", "lbl": "I-57 at Highway 319 (Exit 25)", "src": "ardot", "public": 1, "route": "319", "model": "AXIS P5655-E PTZ", "url": "https://actis.idrivearkansas.com/index.php/api/cameras/feed/584.m3u8"}, "geometry": {"type": "Point", "coordinates": [-91.959247, 35.034381]}}, {"type": "Feature", "properties": {"id": "ardot-582", "fam": "traffic", "prog": "ardot-cctv", "lbl": "I-57 at Kiehl Ave", "src": "ardot", "public": 1, "route": "57", "model": "AXIS P5655-E PTZ", "url": "https://actis.idrivearkansas.com/index.php/api/cameras/feed/582.m3u8"}, "geometry": {"type": "Point", "coordinates": [-92.177084, 34.832269]}}, {"type": "Feature", "properties": {"id": "ardot-583", "fam": "traffic", "prog": "ardot-cctv", "lbl": "I-57 at Mile Marker 12.5", "src": "ardot", "public": 1, "route": "57", "model": "AXIS P5655-E PTZ", "url": "https://actis.idrivearkansas.com/index.php/api/cameras/feed/583.m3u8"}, "geometry": {"type": "Point", "coordinates": [-92.087217, 34.903714]}}, {"type": "Feature", "properties": {"id": "ardot-578", "fam": "traffic", "prog": "ardot-cctv", "lbl": "I-57 at McCain Blvd", "src": "ardot", "public": 1, "route": "57", "model": "AXIS P5655-E PTZ", "url": "https://actis.idrivearkansas.com/index.php/api/cameras/feed/578.m3u8"}, "geometry": {"type": "Point", "coordinates": [-92.223017, 34.792611]}}, {"type": "Feature", "properties": {"id": "ardot-581", "fam": "traffic", "prog": "ardot-cctv", "lbl": "I-57 N. of Brookswood Rd.", "src": "ardot", "public": 1, "route": "57", "model": "AXIS P5655-E PTZ", "url": "https://actis.idrivearkansas.com/index.php/api/cameras/feed/581.m3u8"}, "geometry": {"type": "Point", "coordinates": [-92.188881, 34.827536]}}, {"type": "Feature", "properties": {"id": "ardot-579", "fam": "traffic", "prog": "ardot-cctv", "lbl": "I-57 S. of Wildwood", "src": "ardot", "public": 1, "route": "57", "model": "AXIS P5655-E PTZ", "url": "https://actis.idrivearkansas.com/index.php/api/cameras/feed/579.m3u8"}, "geometry": {"type": "Point", "coordinates": [-92.205664, 34.811442]}}, {"type": "Feature", "properties": {"id": "ardot-200", "fam": "traffic", "prog": "ardot-cctv", "lbl": "I-440 at U.S. 165 (Exit 7)", "src": "ardot", "public": 1, "route": "440", "model": "AXIS P5635-E Mk II", "url": "https://actis.idrivearkansas.com/index.php/api/cameras/feed/200.m3u8"}, "geometry": {"type": "Point", "coordinates": [-92.173284, 34.730314]}}, {"type": "Feature", "properties": {"id": "ardot-246", "fam": "traffic", "prog": "ardot-cctv", "lbl": "I-440 at U.S. 70 (Exit 10)", "src": "ardot", "public": 1, "route": "440", "model": "AXIS P5635-E Mk II", "url": "https://actis.idrivearkansas.com/index.php/api/cameras/feed/246.m3u8"}, "geometry": {"type": "Point", "coordinates": [-92.161912, 34.765181]}}, {"type": "Feature", "properties": {"id": "ardot-597", "fam": "traffic", "prog": "ardot-cctv", "lbl": "I-57 at Highway 305 (Exit 22)", "src": "ardot", "public": 1, "route": "305", "model": "AXIS P5655-E PTZ", "url": "https://actis.idrivearkansas.com/index.php/api/cameras/feed/597.m3u8"}, "geometry": {"type": "Point", "coordinates": [-91.988481, 35.006561]}}, {"type": "Feature", "properties": {"id": "ardot-618", "fam": "traffic", "prog": "ardot-cctv", "lbl": "I-430 at Rodney Parham", "src": "ardot", "public": 1, "route": "430", "model": "", "url": "https://actis.idrivearkansas.com/index.php/api/cameras/feed/618.m3u8"}, "geometry": {"type": "Point", "coordinates": [-92.3905, 34.779694]}}, {"type": "Feature", "properties": {"id": "ardot-681", "fam": "traffic", "prog": "ardot-cctv", "lbl": "US70 at Hwy128", "src": "ardot", "public": 1, "route": "70", "model": "", "url": "https://actis.idrivearkansas.com/index.php/api/cameras/feed/681.m3u8"}, "geometry": {"type": "Point", "coordinates": [-92.810294, 34.556286]}}, {"type": "Feature", "properties": {"id": "ardot-680", "fam": "traffic", "prog": "ardot-cctv", "lbl": "US70 at Highway 88", "src": "ardot", "public": 1, "route": "70", "model": "", "url": "https://actis.idrivearkansas.com/index.php/api/cameras/feed/680.m3u8"}, "geometry": {"type": "Point", "coordinates": [-92.788408, 34.550125]}}, {"type": "Feature", "properties": {"id": "ardot-619", "fam": "traffic", "prog": "ardot-cctv", "lbl": "I-40 at Crystal Hill", "src": "ardot", "public": 1, "route": "40", "model": "", "url": "https://actis.idrivearkansas.com/index.php/api/cameras/feed/619.m3u8"}, "geometry": {"type": "Point", "coordinates": [-92.317784, 34.809005]}}, {"type": "Feature", "properties": {"id": "ardot-375", "fam": "traffic", "prog": "ardot-cctv", "lbl": "I-630 @ Fair Park", "src": "ardot", "public": 1, "route": "630", "model": "AXIS P5635-E Mk II", "url": "https://actis.idrivearkansas.com/index.php/api/cameras/feed/375.m3u8"}, "geometry": {"type": "Point", "coordinates": [-92.332158, 34.745139]}}, {"type": "Feature", "properties": {"id": "ardot-688", "fam": "traffic", "prog": "ardot-cctv", "lbl": "I-30 at South St (Exit 116)", "src": "ardot", "public": 1, "route": "30", "model": "", "url": "https://actis.idrivearkansas.com/index.php/api/cameras/feed/688.m3u8"}, "geometry": {"type": "Point", "coordinates": [-92.602925, 34.564453]}}, {"type": "Feature", "properties": {"id": "foia-000", "fam": "alpr", "prog": "flock-lrpd", "lbl": "5944 Rebsamen Park Rd", "src": "foia", "public": 1, "op": "Little Rock Police Department", "make": "Flock Safety", "status": "In Service", "addr": "5944 Rebsamen Park Rd, Little Rock, AR 72207, United States", "geo_score": 99.6, "url": "https://arktimes.com/wp-content/uploads/2026/01/PDFOIA-2025-4004.pdf"}, "geometry": {"type": "Point", "coordinates": [-92.339747, 34.784693]}}, {"type": "Feature", "properties": {"id": "foia-001", "fam": "alpr", "prog": "flock-lrpd", "lbl": "106 N Chester St", "src": "foia", "public": 1, "op": "Little Rock Police Department", "make": "Flock Safety", "status": "In Service", "addr": "106 N Chester St, Little Rock, AR 72201-1203, United States", "geo_score": 99.6, "url": "https://arktimes.com/wp-content/uploads/2026/01/PDFOIA-2025-4004.pdf", "osm_seen": 1}, "geometry": {"type": "Point", "coordinates": [-92.281078, 34.749776]}}, {"type": "Feature", "properties": {"id": "foia-002", "fam": "alpr", "prog": "flock-lrpd", "lbl": "5875 Rebsamen Park Rd", "src": "foia", "public": 1, "op": "Little Rock Police Department", "make": "Flock Safety", "status": "In Service", "addr": "5875 Rebsamen Park Rd, Little Rock, AR 72207, United States", "geo_score": 99.6, "url": "https://arktimes.com/wp-content/uploads/2026/01/PDFOIA-2025-4004.pdf"}, "geometry": {"type": "Point", "coordinates": [-92.339052, 34.784366]}}, {"type": "Feature", "properties": {"id": "foia-003", "fam": "alpr", "prog": "flock-lrpd", "lbl": "12103 Sardis Rd", "src": "foia", "public": 1, "op": "Little Rock Police Department", "make": "Flock Safety", "status": "In Service", "addr": "12103 Sardis Rd, Little Rock, AR 72103, United States", "geo_score": 99.5, "url": "https://arktimes.com/wp-content/uploads/2026/01/PDFOIA-2025-4004.pdf", "osm_seen": 1, "dir": 340.0}, "geometry": {"type": "Point", "coordinates": [-92.389811, 34.640658]}}, {"type": "Feature", "properties": {"id": "foia-004", "fam": "alpr", "prog": "flock-lrpd", "lbl": "6200 Mabelvale Cut Off Rd", "src": "foia", "public": 1, "op": "Little Rock Police Department", "make": "Flock Safety", "status": "In Service", "addr": "6200 Mabelvale Cut Off Rd, Little Rock, AR 72209-8306, United States", "geo_score": 91.5, "url": "https://arktimes.com/wp-content/uploads/2026/01/PDFOIA-2025-4004.pdf"}, "geometry": {"type": "Point", "coordinates": [-92.347707, 34.693458]}}, {"type": "Feature", "properties": {"id": "foia-005", "fam": "alpr", "prog": "flock-lrpd", "lbl": "Arch St & 32nd St", "src": "foia", "public": 1, "op": "Little Rock Police Department", "make": "Flock Safety", "status": "In Service", "addr": "Arch St & 32nd St, Little Rock, AR 72206, USA", "geo_score": 98.6, "url": "https://arktimes.com/wp-content/uploads/2026/01/PDFOIA-2025-4004.pdf"}, "geometry": {"type": "Point", "coordinates": [-92.280506, 34.71759]}}, {"type": "Feature", "properties": {"id": "foia-006", "fam": "alpr", "prog": "flock-lrpd", "lbl": "2508 E Roosevelt Rd", "src": "foia", "public": 1, "op": "Little Rock Police Department", "make": "Flock Safety", "status": "In Service", "addr": "2508 E Roosevelt Rd, Little Rock, AR 72206, USA", "geo_score": 99.4, "url": "https://arktimes.com/wp-content/uploads/2026/01/PDFOIA-2025-4004.pdf", "osm_seen": 1, "dir": 257.0}, "geometry": {"type": "Point", "coordinates": [-92.242967, 34.722324]}}, {"type": "Feature", "properties": {"id": "foia-007", "fam": "alpr", "prog": "flock-lrpd", "lbl": "1005 W 11th St", "src": "foia", "public": 1, "op": "Little Rock Police Department", "make": "Flock Safety", "status": "In Service", "addr": "1005 W 11th St, Little Rock, AR 72202, USA", "geo_score": 99.3, "url": "https://arktimes.com/wp-content/uploads/2026/01/PDFOIA-2025-4004.pdf"}, "geometry": {"type": "Point", "coordinates": [-92.283253, 34.739715]}}, {"type": "Feature", "properties": {"id": "foia-008", "fam": "alpr", "prog": "flock-lrpd", "lbl": "1921 Wright Ave", "src": "foia", "public": 1, "op": "Little Rock Police Department", "make": "Flock Safety", "status": "In Service", "addr": "1921 Wright Ave, Little Rock, AR 72202, USA", "geo_score": 99.4, "url": "https://arktimes.com/wp-content/uploads/2026/01/PDFOIA-2025-4004.pdf"}, "geometry": {"type": "Point", "coordinates": [-92.294856, 34.731981]}}, {"type": "Feature", "properties": {"id": "foia-009", "fam": "alpr", "prog": "flock-lrpd", "lbl": "2801 Old Forge Dr", "src": "foia", "public": 1, "op": "Little Rock Police Department", "make": "Flock Safety", "status": "In Service", "addr": "2801 Old Forge Dr, Little Rock, AR 72227, USA", "geo_score": 99.4, "url": "https://arktimes.com/wp-content/uploads/2026/01/PDFOIA-2025-4004.pdf", "osm_seen": 1, "dir": 160.0}, "geometry": {"type": "Point", "coordinates": [-92.376293, 34.772454]}}, {"type": "Feature", "properties": {"id": "foia-010", "fam": "alpr", "prog": "flock-lrpd", "lbl": "5501 W 12th St", "src": "foia", "public": 1, "op": "Little Rock Police Department", "make": "Flock Safety", "status": "In Service", "addr": "5501 W 12th St, Little Rock, AR 72204, USA", "geo_score": 99.3, "url": "https://arktimes.com/wp-content/uploads/2026/01/PDFOIA-2025-4004.pdf", "osm_seen": 1, "dir": 144.0}, "geometry": {"type": "Point", "coordinates": [-92.334544, 34.741095]}}, {"type": "Feature", "properties": {"id": "foia-011", "fam": "alpr", "prog": "flock-lrpd", "lbl": "9 Chicot Rd", "src": "foia", "public": 1, "op": "Little Rock Police Department", "make": "Flock Safety", "status": "In Service", "addr": "9 Chicot Rd, Mabelvale, AR 72103, USA", "geo_score": 85, "url": "https://arktimes.com/wp-content/uploads/2026/01/PDFOIA-2025-4004.pdf"}, "geometry": {"type": "Point", "coordinates": [-92.363603, 34.645121]}}, {"type": "Feature", "properties": {"id": "foia-012", "fam": "alpr", "prog": "flock-lrpd", "lbl": "4000 Maryland Ave", "src": "foia", "public": 1, "op": "Little Rock Police Department", "make": "Flock Safety", "status": "In Service", "addr": "4000 Maryland Ave, Little Rock, AR 72204, USA", "geo_score": 99.4, "url": "https://arktimes.com/wp-content/uploads/2026/01/PDFOIA-2025-4004.pdf"}, "geometry": {"type": "Point", "coordinates": [-92.317837, 34.743285]}}, {"type": "Feature", "properties": {"id": "foia-013", "fam": "alpr", "prog": "flock-lrpd", "lbl": "7520 W Markham St", "src": "foia", "public": 1, "op": "Little Rock Police Department", "make": "Flock Safety", "status": "In Service", "addr": "7520 W Markham St, Little Rock, AR 72205-2608, United States", "geo_score": 99.6, "url": "https://arktimes.com/wp-content/uploads/2026/01/PDFOIA-2025-4004.pdf", "osm_seen": 1, "dir": 336.0}, "geometry": {"type": "Point", "coordinates": [-92.358603, 34.753338]}}, {"type": "Feature", "properties": {"id": "foia-014", "fam": "alpr", "prog": "flock-lrpd", "lbl": "1501 Green Mountain Dr", "src": "foia", "public": 1, "op": "Little Rock Police Department", "make": "Flock Safety", "status": "In Service", "addr": "1501 Green Mountain Dr, Little Rock, AR 72211, USA", "geo_score": 99.5, "url": "https://arktimes.com/wp-content/uploads/2026/01/PDFOIA-2025-4004.pdf", "osm_seen": 1, "dir": 0.0}, "geometry": {"type": "Point", "coordinates": [-92.403045, 34.766046]}}, {"type": "Feature", "properties": {"id": "foia-015", "fam": "alpr", "prog": "flock-lrpd", "lbl": "9100 Colonel Glenn Rd", "src": "foia", "public": 1, "op": "Little Rock Police Department", "make": "Flock Safety", "status": "In Service", "addr": "9100 Colonel Glenn Rd, Little Rock, AR 72204, USA", "geo_score": 99.5, "url": "https://arktimes.com/wp-content/uploads/2026/01/PDFOIA-2025-4004.pdf", "osm_seen": 1, "dir": 225.0}, "geometry": {"type": "Point", "coordinates": [-92.377184, 34.710624]}}, {"type": "Feature", "properties": {"id": "foia-016", "fam": "alpr", "prog": "flock-lrpd", "lbl": "3115 Springer Blvd", "src": "foia", "public": 1, "op": "Little Rock Police Department", "make": "Flock Safety", "status": "In Service", "addr": "3115 Springer Blvd, Little Rock, AR 72206, USA", "geo_score": 99.4, "url": "https://arktimes.com/wp-content/uploads/2026/01/PDFOIA-2025-4004.pdf"}, "geometry": {"type": "Point", "coordinates": [-92.259007, 34.719104]}}, {"type": "Feature", "properties": {"id": "foia-017", "fam": "alpr", "prog": "flock-lrpd", "lbl": "1210 N Shackleford Rd", "src": "foia", "public": 1, "op": "Little Rock Police Department", "make": "Flock Safety", "status": "In Service", "addr": "1210 N Shackleford Rd, Little Rock, AR 72211, USA", "geo_score": 99.5, "url": "https://arktimes.com/wp-content/uploads/2026/01/PDFOIA-2025-4004.pdf"}, "geometry": {"type": "Point", "coordinates": [-92.396043, 34.76467]}}, {"type": "Feature", "properties": {"id": "foia-018", "fam": "alpr", "prog": "flock-lrpd", "lbl": "9301 Stardust Trail", "src": "foia", "public": 1, "op": "Little Rock Police Department", "make": "Flock Safety", "status": "In Service", "addr": "9301 Stardust Trail, Little Rock, AR 72209, USA", "geo_score": 99.5, "url": "https://arktimes.com/wp-content/uploads/2026/01/PDFOIA-2025-4004.pdf", "osm_seen": 1, "dir": 210.0}, "geometry": {"type": "Point", "coordinates": [-92.368886, 34.666322]}}, {"type": "Feature", "properties": {"id": "foia-019", "fam": "alpr", "prog": "flock-lrpd", "lbl": "12400 Hunters Glen Blvd", "src": "foia", "public": 1, "op": "Little Rock Police Department", "make": "Flock Safety", "status": "In Service", "addr": "12400 Hunters Glen Blvd, Little Rock, AR 72211, USA", "geo_score": 99.5, "url": "https://arktimes.com/wp-content/uploads/2026/01/PDFOIA-2025-4004.pdf"}, "geometry": {"type": "Point", "coordinates": [-92.412486, 34.767738]}}, {"type": "Feature", "properties": {"id": "foia-020", "fam": "alpr", "prog": "flock-lrpd", "lbl": "7608 W 28th St", "src": "foia", "public": 1, "op": "Little Rock Police Department", "make": "Flock Safety", "status": "In Service", "addr": "7608 W 28th St, Little Rock, AR 72204, USA", "geo_score": 99.3, "url": "https://arktimes.com/wp-content/uploads/2026/01/PDFOIA-2025-4004.pdf", "osm_seen": 1, "dir": 229.0}, "geometry": {"type": "Point", "coordinates": [-92.360043, 34.727904]}}, {"type": "Feature", "properties": {"id": "foia-021", "fam": "alpr", "prog": "flock-lrpd", "lbl": "1700 Main St", "src": "foia", "public": 1, "op": "Little Rock Police Department", "make": "Flock Safety", "status": "In Service", "addr": "1700 Main St, Little Rock, AR 72206, USA", "geo_score": 99.3, "url": "https://arktimes.com/wp-content/uploads/2026/01/PDFOIA-2025-4004.pdf"}, "geometry": {"type": "Point", "coordinates": [-92.273972, 34.731531]}}, {"type": "Feature", "properties": {"id": "foia-022", "fam": "alpr", "prog": "flock-lrpd", "lbl": "61 Rosemoor Dr", "src": "foia", "public": 1, "op": "Little Rock Police Department", "make": "Flock Safety", "status": "In Service", "addr": "61 Rosemoor Dr, Little Rock, AR 72209, USA", "geo_score": 99.4, "url": "https://arktimes.com/wp-content/uploads/2026/01/PDFOIA-2025-4004.pdf"}, "geometry": {"type": "Point", "coordinates": [-92.328026, 34.701282]}}, {"type": "Feature", "properties": {"id": "foia-023", "fam": "alpr", "prog": "flock-lrpd", "lbl": "12923 W Markham St", "src": "foia", "public": 1, "op": "Little Rock Police Department", "make": "Flock Safety", "status": "In Service", "addr": "12923 W Markham St, Little Rock, AR 72211, USA", "geo_score": 99.4, "url": "https://arktimes.com/wp-content/uploads/2026/01/PDFOIA-2025-4004.pdf", "osm_seen": 1, "dir": 255.0}, "geometry": {"type": "Point", "coordinates": [-92.417544, 34.753068]}}, {"type": "Feature", "properties": {"id": "foia-024", "fam": "alpr", "prog": "flock-lrpd", "lbl": "2405 S Pine St", "src": "foia", "public": 1, "op": "Little Rock Police Department", "make": "Flock Safety", "status": "In Service", "addr": "2405 S Pine St, Little Rock, AR 72204, United States", "geo_score": 99.5, "url": "https://arktimes.com/wp-content/uploads/2026/01/PDFOIA-2025-4004.pdf"}, "geometry": {"type": "Point", "coordinates": [-92.317248, 34.729344]}}, {"type": "Feature", "properties": {"id": "foia-025", "fam": "alpr", "prog": "flock-lrpd", "lbl": "1802 Green Mountain Dr", "src": "foia", "public": 1, "op": "Little Rock Police Department", "make": "Flock Safety", "status": "In Service", "addr": "1802 Green Mountain Dr, Little Rock, AR 72212, United States", "geo_score": 99.6, "url": "https://arktimes.com/wp-content/uploads/2026/01/PDFOIA-2025-4004.pdf"}, "geometry": {"type": "Point", "coordinates": [-92.403731, 34.770074]}}, {"type": "Feature", "properties": {"id": "foia-026", "fam": "alpr", "prog": "flock-lrpd", "lbl": "9401 Mabelvale Cut Off Rd", "src": "foia", "public": 1, "op": "Little Rock Police Department", "make": "Flock Safety", "status": "In Service", "addr": "9401 Mabelvale Cut Off Rd, Mabelvale, AR 72103, USA", "geo_score": 79.8, "url": "https://arktimes.com/wp-content/uploads/2026/01/PDFOIA-2025-4004.pdf"}, "geometry": {"type": "Point", "coordinates": [-92.382809, 34.651098]}}, {"type": "Feature", "properties": {"id": "foia-027", "fam": "alpr", "prog": "flock-lrpd", "lbl": "8800 Clover Hl Rd", "src": "foia", "public": 1, "op": "Little Rock Police Department", "make": "Flock Safety", "status": "In Service", "addr": "8800 Clover Hl Rd, Little Rock, AR 72205, USA", "geo_score": 99.4, "url": "https://arktimes.com/wp-content/uploads/2026/01/PDFOIA-2025-4004.pdf", "osm_seen": 1, "dir": 330.0}, "geometry": {"type": "Point", "coordinates": [-92.372288, 34.749441]}}, {"type": "Feature", "properties": {"id": "foia-028", "fam": "alpr", "prog": "flock-lrpd", "lbl": "1712 E 9th St", "src": "foia", "public": 1, "op": "Little Rock Police Department", "make": "Flock Safety", "status": "In Service", "addr": "1712 E 9th St, Little Rock, AR 72202, USA", "geo_score": 99.3, "url": "https://arktimes.com/wp-content/uploads/2026/01/PDFOIA-2025-4004.pdf", "osm_seen": 1, "dir": 240.0}, "geometry": {"type": "Point", "coordinates": [-92.25135, 34.739424]}}, {"type": "Feature", "properties": {"id": "foia-029", "fam": "alpr", "prog": "flock-lrpd", "lbl": "10210 Stagecoach Rd", "src": "foia", "public": 1, "op": "Little Rock Police Department", "make": "Flock Safety", "status": "In Service", "addr": "10210 Stagecoach Rd, Little Rock, AR 72210, USA", "geo_score": 99.5, "url": "https://arktimes.com/wp-content/uploads/2026/01/PDFOIA-2025-4004.pdf", "osm_seen": 1, "dir": 255.0}, "geometry": {"type": "Point", "coordinates": [-92.426094, 34.658334]}}, {"type": "Feature", "properties": {"id": "foia-030", "fam": "alpr", "prog": "flock-lrpd", "lbl": "7201 Scott Hamilton Dr", "src": "foia", "public": 1, "op": "Little Rock Police Department", "make": "Flock Safety", "status": "In Service", "addr": "7201 Scott Hamilton Dr, Little Rock, AR 72209, USA", "geo_score": 99.5, "url": "https://arktimes.com/wp-content/uploads/2026/01/PDFOIA-2025-4004.pdf"}, "geometry": {"type": "Point", "coordinates": [-92.318085, 34.683993]}}, {"type": "Feature", "properties": {"id": "foia-031", "fam": "alpr", "prog": "flock-lrpd", "lbl": "801 Vance St", "src": "foia", "public": 1, "op": "Little Rock Police Department", "make": "Flock Safety", "status": "In Service", "addr": "801 Vance St, Little Rock, AR 72206, USA", "geo_score": 94.2, "url": "https://arktimes.com/wp-content/uploads/2026/01/PDFOIA-2025-4004.pdf"}, "geometry": {"type": "Point", "coordinates": [-92.265353, 34.722823]}}, {"type": "Feature", "properties": {"id": "foia-032", "fam": "alpr", "prog": "flock-lrpd", "lbl": "65th & I-30", "src": "foia", "public": 1, "op": "Little Rock Police Department", "make": "Flock Safety", "status": "In Service", "addr": "65th & I-30, Little Rock, AR 72209, USA", "geo_score": 98.3, "url": "https://arktimes.com/wp-content/uploads/2026/01/PDFOIA-2025-4004.pdf", "osm_seen": 1, "dir": 255.0}, "geometry": {"type": "Point", "coordinates": [-92.307033, 34.689141]}}, {"type": "Feature", "properties": {"id": "foia-033", "fam": "alpr", "prog": "flock-lrpd", "lbl": "1801 Rahling Rd #101", "src": "foia", "public": 1, "op": "Little Rock Police Department", "make": "Flock Safety", "status": "In Service", "addr": "1801 Rahling Rd #101, Little Rock, AR 72223, USA", "geo_score": 99.4, "url": "https://arktimes.com/wp-content/uploads/2026/01/PDFOIA-2025-4004.pdf", "osm_seen": 1, "dir": 40.0}, "geometry": {"type": "Point", "coordinates": [-92.448477, 34.772004]}}, {"type": "Feature", "properties": {"id": "foia-034", "fam": "alpr", "prog": "flock-lrpd", "lbl": "Woodrow St & Asher Ave", "src": "foia", "public": 1, "op": "Little Rock Police Department", "make": "Flock Safety", "status": "In Service", "addr": "Woodrow St & Asher Ave, Little Rock, AR 72204, US", "geo_score": 99.1, "url": "https://arktimes.com/wp-content/uploads/2026/01/PDFOIA-2025-4004.pdf", "osm_seen": 1, "dir": 10.0}, "geometry": {"type": "Point", "coordinates": [-92.30621, 34.730694]}}, {"type": "Feature", "properties": {"id": "foia-035", "fam": "alpr", "prog": "flock-lrpd", "lbl": "3600 Ludwig St", "src": "foia", "public": 1, "op": "Little Rock Police Department", "make": "Flock Safety", "status": "In Service", "addr": "3600 Ludwig St, Little Rock, AR 72204, US", "geo_score": 99.3, "url": "https://arktimes.com/wp-content/uploads/2026/01/PDFOIA-2025-4004.pdf"}, "geometry": {"type": "Point", "coordinates": [-92.374317, 34.720578]}}, {"type": "Feature", "properties": {"id": "foia-036", "fam": "alpr", "prog": "flock-lrpd", "lbl": "7215 S Woodrow St", "src": "foia", "public": 1, "op": "Little Rock Police Department", "make": "Flock Safety", "status": "In Service", "addr": "7215 S Woodrow St, Little Rock, AR 72205, USA", "geo_score": 93.8, "url": "https://arktimes.com/wp-content/uploads/2026/01/PDFOIA-2025-4004.pdf"}, "geometry": {"type": "Point", "coordinates": [-92.305482, 34.747007]}}, {"type": "Feature", "properties": {"id": "foia-037", "fam": "alpr", "prog": "flock-lrpd", "lbl": "724 Garland St", "src": "foia", "public": 1, "op": "Little Rock Police Department", "make": "Flock Safety", "status": "In Service", "addr": "724 Garland St, Little Rock, AR 72201, US", "geo_score": 99.3, "url": "https://arktimes.com/wp-content/uploads/2026/01/PDFOIA-2025-4004.pdf", "osm_seen": 1, "dir": 250.0}, "geometry": {"type": "Point", "coordinates": [-92.278157, 34.750377]}}, {"type": "Feature", "properties": {"id": "foia-038", "fam": "alpr", "prog": "flock-lrpd", "lbl": "Riverfront Dr & Cantrell Rd", "src": "foia", "public": 1, "op": "Little Rock Police Department", "make": "Flock Safety", "status": "In Service", "addr": "Riverfront Dr & Cantrell Rd, Little Rock, AR 72202, US", "geo_score": 99.5, "url": "https://arktimes.com/wp-content/uploads/2026/01/PDFOIA-2025-4004.pdf"}, "geometry": {"type": "Point", "coordinates": [-92.303285, 34.758171]}}, {"type": "Feature", "properties": {"id": "foia-039", "fam": "alpr", "prog": "flock-lrpd", "lbl": "720 E 9th St", "src": "foia", "public": 1, "op": "Little Rock Police Department", "make": "Flock Safety", "status": "In Service", "addr": "720 E 9th St, Little Rock, AR 72202, US", "geo_score": 99.3, "url": "https://arktimes.com/wp-content/uploads/2026/01/PDFOIA-2025-4004.pdf", "osm_seen": 1, "dir": 260.0}, "geometry": {"type": "Point", "coordinates": [-92.263083, 34.73958]}}, {"type": "Feature", "properties": {"id": "foia-040", "fam": "alpr", "prog": "flock-lrpd", "lbl": "Baseline Rd @ AHTD", "src": "foia", "public": 1, "op": "Little Rock Police Department", "make": "Flock Safety", "status": "In Service", "addr": "Baseline Rd @ AHTD, Little Rock, AR 72209, USA", "geo_score": 94.8, "url": "https://arktimes.com/wp-content/uploads/2026/01/PDFOIA-2025-4004.pdf"}, "geometry": {"type": "Point", "coordinates": [-92.395292, 34.669098]}}, {"type": "Feature", "properties": {"id": "foia-041", "fam": "alpr", "prog": "flock-lrpd", "lbl": "1910 John Barrow Rd", "src": "foia", "public": 1, "op": "Little Rock Police Department", "make": "Flock Safety", "status": "In Service", "addr": "1910 John Barrow Rd, Little Rock, AR 72204, USA", "geo_score": 99.4, "url": "https://arktimes.com/wp-content/uploads/2026/01/PDFOIA-2025-4004.pdf"}, "geometry": {"type": "Point", "coordinates": [-92.373111, 34.736274]}}, {"type": "Feature", "properties": {"id": "foia-042", "fam": "alpr", "prog": "flock-lrpd", "lbl": "13100 Chenal Pkwy", "src": "foia", "public": 1, "op": "Little Rock Police Department", "make": "Flock Safety", "status": "In Service", "addr": "13100 Chenal Pkwy, Little Rock, AR 72211, USA", "geo_score": 99.4, "url": "https://arktimes.com/wp-content/uploads/2026/01/PDFOIA-2025-4004.pdf", "osm_seen": 1, "dir": 255.0}, "geometry": {"type": "Point", "coordinates": [-92.418836, 34.75539]}}, {"type": "Feature", "properties": {"id": "foia-043", "fam": "alpr", "prog": "flock-lrpd", "lbl": "3801 W 65th St", "src": "foia", "public": 1, "op": "Little Rock Police Department", "make": "Flock Safety", "status": "In Service", "addr": "3801 W 65th St, Little Rock, AR 72209, USA", "geo_score": 99.3, "url": "https://arktimes.com/wp-content/uploads/2026/01/PDFOIA-2025-4004.pdf"}, "geometry": {"type": "Point", "coordinates": [-92.31782, 34.689006]}}, {"type": "Feature", "properties": {"id": "foia-044", "fam": "alpr", "prog": "flock-lrpd", "lbl": "Wright & Chester", "src": "foia", "public": 1, "op": "Little Rock Police Department", "make": "Flock Safety", "status": "In Service", "addr": "Wright & Chester, Little Rock, AR 72206, USA", "geo_score": 97.9, "url": "https://arktimes.com/wp-content/uploads/2026/01/PDFOIA-2025-4004.pdf"}, "geometry": {"type": "Point", "coordinates": [-92.284542, 34.731855]}}, {"type": "Feature", "properties": {"id": "foia-045", "fam": "alpr", "prog": "flock-lrpd", "lbl": "Shackleford Rd & 36th St", "src": "foia", "public": 1, "op": "Little Rock Police Department", "make": "Flock Safety", "status": "In Service", "addr": "Shackleford Rd & 36th St, Little Rock, AR 72204, USA", "geo_score": 97.8, "url": "https://arktimes.com/wp-content/uploads/2026/01/PDFOIA-2025-4004.pdf", "osm_seen": 1, "dir": 345.0}, "geometry": {"type": "Point", "coordinates": [-92.394131, 34.72128]}}, {"type": "Feature", "properties": {"id": "foia-046", "fam": "alpr", "prog": "flock-lrpd", "lbl": "1301 Broadway St", "src": "foia", "public": 1, "op": "Little Rock Police Department", "make": "Flock Safety", "status": "In Service", "addr": "1301 Broadway St, Little Rock, AR 72202, USA", "geo_score": 99.4, "url": "https://arktimes.com/wp-content/uploads/2026/01/PDFOIA-2025-4004.pdf", "osm_seen": 1, "dir": 350.0}, "geometry": {"type": "Point", "coordinates": [-92.27718, 34.736778]}}, {"type": "Feature", "properties": {"id": "foia-047", "fam": "alpr", "prog": "flock-lrpd", "lbl": "1411 College St", "src": "foia", "public": 1, "op": "Little Rock Police Department", "make": "Flock Safety", "status": "In Service", "addr": "1411 College St, Little Rock, AR 72202, USA", "geo_score": 99.4, "url": "https://arktimes.com/wp-content/uploads/2026/01/PDFOIA-2025-4004.pdf"}, "geometry": {"type": "Point", "coordinates": [-92.258298, 34.73361]}}, {"type": "Feature", "properties": {"id": "foia-048", "fam": "alpr", "prog": "flock-lrpd", "lbl": "1023 E 9th St", "src": "foia", "public": 1, "op": "Little Rock Police Department", "make": "Flock Safety", "status": "In Service", "addr": "1023 E 9th St, Little Rock, AR 72202, USA", "geo_score": 99.3, "url": "https://arktimes.com/wp-content/uploads/2026/01/PDFOIA-2025-4004.pdf"}, "geometry": {"type": "Point", "coordinates": [-92.259189, 34.739396]}}, {"type": "Feature", "properties": {"id": "foia-049", "fam": "alpr", "prog": "flock-lrpd", "lbl": "108 W Roosevelt Rd", "src": "foia", "public": 1, "op": "Little Rock Police Department", "make": "Flock Safety", "status": "Optimizing", "addr": "108 W Roosevelt Rd, Little Rock, AR 72206, USA", "geo_score": 99.4, "url": "https://arktimes.com/wp-content/uploads/2026/01/PDFOIA-2025-4004.pdf"}, "geometry": {"type": "Point", "coordinates": [-92.274413, 34.724745]}}, {"type": "Feature", "properties": {"id": "foia-050", "fam": "alpr", "prog": "flock-lrpd", "lbl": "1 Airport Rd", "src": "foia", "public": 1, "op": "Little Rock Police Department", "make": "Flock Safety", "status": "Optimizing", "addr": "1 Airport Rd, Little Rock, AR 72202, USA", "geo_score": 99.3, "url": "https://arktimes.com/wp-content/uploads/2026/01/PDFOIA-2025-4004.pdf"}, "geometry": {"type": "Point", "coordinates": [-92.222141, 34.726968]}}, {"type": "Feature", "properties": {"id": "foia-051", "fam": "alpr", "prog": "flock-lrpd", "lbl": "1864 W 10th St", "src": "foia", "public": 1, "op": "Little Rock Police Department", "make": "Flock Safety", "status": "Optimizing", "addr": "1864 W 10th St, Little Rock, AR 72202, USA", "geo_score": 98.2, "url": "https://arktimes.com/wp-content/uploads/2026/01/PDFOIA-2025-4004.pdf"}, "geometry": {"type": "Point", "coordinates": [-92.294039, 34.741645]}}, {"type": "Feature", "properties": {"id": "foia-052", "fam": "alpr", "prog": "flock-lrpd", "lbl": "924 Marshall St", "src": "foia", "public": 1, "op": "Little Rock Police Department", "make": "Flock Safety", "status": "Optimizing", "addr": "924 Marshall St, Little Rock, AR 72202, USA", "geo_score": 94.7, "url": "https://arktimes.com/wp-content/uploads/2026/01/PDFOIA-2025-4004.pdf"}, "geometry": {"type": "Point", "coordinates": [-92.291884, 34.734861]}}, {"type": "Feature", "properties": {"id": "foia-053", "fam": "alpr", "prog": "flock-lrpd", "lbl": "2900 W 13th St", "src": "foia", "public": 1, "op": "Little Rock Police Department", "make": "Flock Safety", "status": "Optimizing", "addr": "2900 W 13th St, Little Rock, AR 72204, United States", "geo_score": 99.5, "url": "https://arktimes.com/wp-content/uploads/2026/01/PDFOIA-2025-4004.pdf"}, "geometry": {"type": "Point", "coordinates": [-92.30598, 34.739181]}}, {"type": "Feature", "properties": {"id": "foia-054", "fam": "alpr", "prog": "flock-lrpd", "lbl": "Charles Bussey Ave & Maple St", "src": "foia", "public": 1, "op": "Little Rock Police Department", "make": "Flock Safety", "status": "Optimizing", "addr": "Charles Bussey Ave & Maple St, Little Rock, AR 72204, USA", "geo_score": 99.2, "url": "https://arktimes.com/wp-content/uploads/2026/01/PDFOIA-2025-4004.pdf"}, "geometry": {"type": "Point", "coordinates": [-92.314958, 34.73307]}}, {"type": "Feature", "properties": {"id": "foia-055", "fam": "alpr", "prog": "flock-lrpd", "lbl": "7700 Scott Hamilton Dr", "src": "foia", "public": 1, "op": "Little Rock Police Department", "make": "Flock Safety", "status": "Optimizing", "addr": "7700 Scott Hamilton Dr, Little Rock, AR 72209, USA", "geo_score": 99.5, "url": "https://arktimes.com/wp-content/uploads/2026/01/PDFOIA-2025-4004.pdf", "osm_seen": 1, "dir": 160.0}, "geometry": {"type": "Point", "coordinates": [-92.319944, 34.677981]}}, {"type": "Feature", "properties": {"id": "foia-056", "fam": "alpr", "prog": "flock-lrpd", "lbl": "8901 Arch St", "src": "foia", "public": 1, "op": "Little Rock Police Department", "make": "Flock Safety", "status": "Optimizing", "addr": "8901 Arch St, Little Rock, AR 72206, USA", "geo_score": 96, "url": "https://arktimes.com/wp-content/uploads/2026/01/PDFOIA-2025-4004.pdf", "osm_seen": 1, "dir": 0.0}, "geometry": {"type": "Point", "coordinates": [-92.305742, 34.666623]}}, {"type": "Feature", "properties": {"id": "foia-057", "fam": "alpr", "prog": "flock-lrpd", "lbl": "5922 Valley Dr", "src": "foia", "public": 1, "op": "Little Rock Police Department", "make": "Flock Safety", "status": "Optimizing", "addr": "5922 Valley Dr, Little Rock, AR 72209, USA", "geo_score": 99.4, "url": "https://arktimes.com/wp-content/uploads/2026/01/PDFOIA-2025-4004.pdf", "osm_seen": 1, "dir": 320.0}, "geometry": {"type": "Point", "coordinates": [-92.344709, 34.661121]}}, {"type": "Feature", "properties": {"id": "foia-058", "fam": "alpr", "prog": "flock-lrpd", "lbl": "1604 N University Ave", "src": "foia", "public": 1, "op": "Little Rock Police Department", "make": "Flock Safety", "status": "Optimizing", "addr": "1604 N University Ave, Little Rock, AR 72207, USA", "geo_score": 99.5, "url": "https://arktimes.com/wp-content/uploads/2026/01/PDFOIA-2025-4004.pdf"}, "geometry": {"type": "Point", "coordinates": [-92.340968, 34.766991]}}, {"type": "Feature", "properties": {"id": "foia-059", "fam": "alpr", "prog": "flock-lrpd", "lbl": "101 N University Ave", "src": "foia", "public": 1, "op": "Little Rock Police Department", "make": "Flock Safety", "status": "Optimizing", "addr": "101 N University Ave, Little Rock, AR 72205, USA", "geo_score": 99.5, "url": "https://arktimes.com/wp-content/uploads/2026/01/PDFOIA-2025-4004.pdf"}, "geometry": {"type": "Point", "coordinates": [-92.340729, 34.752492]}}, {"type": "Feature", "properties": {"id": "foia-060", "fam": "alpr", "prog": "flock-lrpd", "lbl": "10310 W Markham St", "src": "foia", "public": 1, "op": "Little Rock Police Department", "make": "Flock Safety", "status": "Optimizing", "addr": "10310 W Markham St, Little Rock, AR 72205, USA", "geo_score": 99.4, "url": "https://arktimes.com/wp-content/uploads/2026/01/PDFOIA-2025-4004.pdf"}, "geometry": {"type": "Point", "coordinates": [-92.388114, 34.754328]}}, {"type": "Feature", "properties": {"id": "foia-061", "fam": "alpr", "prog": "flock-lrpd", "lbl": "10300 N Rodney Parham Rd Suite U", "src": "foia", "public": 1, "op": "Little Rock Police Department", "make": "Flock Safety", "status": "Optimizing", "addr": "10300 N Rodney Parham Rd Suite U, Little Rock, AR 72227, USA", "geo_score": 99.6, "url": "https://arktimes.com/wp-content/uploads/2026/01/PDFOIA-2025-4004.pdf"}, "geometry": {"type": "Point", "coordinates": [-92.387039, 34.767972]}}, {"type": "Feature", "properties": {"id": "foia-062", "fam": "alpr", "prog": "flock-lrpd", "lbl": "10923 W Markham St", "src": "foia", "public": 1, "op": "Little Rock Police Department", "make": "Flock Safety", "status": "Optimizing", "addr": "10923 W Markham St, Little Rock, AR 72211, USA", "geo_score": 99.4, "url": "https://arktimes.com/wp-content/uploads/2026/01/PDFOIA-2025-4004.pdf"}, "geometry": {"type": "Point", "coordinates": [-92.395823, 34.75332]}}, {"type": "Feature", "properties": {"id": "foia-063", "fam": "alpr", "prog": "flock-lrpd", "lbl": "303 N Bowman Rd", "src": "foia", "public": 1, "op": "Little Rock Police Department", "make": "Flock Safety", "status": "Optimizing", "addr": "303 N Bowman Rd, Little Rock, AR 72211, USA", "geo_score": 99.4, "url": "https://arktimes.com/wp-content/uploads/2026/01/PDFOIA-2025-4004.pdf"}, "geometry": {"type": "Point", "coordinates": [-92.405385, 34.756565]}}, {"type": "Feature", "properties": {"id": "foia-064", "fam": "alpr", "prog": "flock-lrpd", "lbl": "419 Allsopp Park Rd", "src": "foia", "public": 1, "op": "Little Rock Police Department", "make": "Flock Safety", "status": "Optimizing", "addr": "419 Allsopp Park Rd, Little Rock, AR 72205, USA", "geo_score": 95.1, "url": "https://arktimes.com/wp-content/uploads/2026/01/PDFOIA-2025-4004.pdf"}, "geometry": {"type": "Point", "coordinates": [-92.317102, 34.765134]}}, {"type": "Feature", "properties": {"id": "foia-065", "fam": "alpr", "prog": "flock-lrpd", "lbl": "8871 72205, 8901 Kanis Rd", "src": "foia", "public": 1, "op": "Little Rock Police Department", "make": "Flock Safety", "status": "Optimizing", "addr": "8871 72205, 8901 Kanis Rd, Little Rock, AR 72205, USA", "geo_score": 97.8, "url": "https://arktimes.com/wp-content/uploads/2026/01/PDFOIA-2025-4004.pdf"}, "geometry": {"type": "Point", "coordinates": [-92.373201, 34.739946]}}, {"type": "Feature", "properties": {"id": "foia-066", "fam": "alpr", "prog": "flock-lrpd", "lbl": "11205 Mabelvale West Rd", "src": "foia", "public": 1, "op": "Little Rock Police Department", "make": "Flock Safety", "status": "Optimizing", "addr": "11205 Mabelvale West Rd, Mabelvale, AR 72103, USA", "geo_score": 97.2, "url": "https://arktimes.com/wp-content/uploads/2026/01/PDFOIA-2025-4004.pdf"}, "geometry": {"type": "Point", "coordinates": [-92.402644, 34.655613]}}, {"type": "Feature", "properties": {"id": "foia-067", "fam": "alpr", "prog": "flock-lrpd", "lbl": "3525 John Barrow Rd", "src": "foia", "public": 1, "op": "Little Rock Police Department", "make": "Flock Safety", "status": "Optimizing", "addr": "3525 John Barrow Rd, Little Rock, AR 72204, USA", "geo_score": 99.4, "url": "https://arktimes.com/wp-content/uploads/2026/01/PDFOIA-2025-4004.pdf", "osm_seen": 1, "dir": 326.0}, "geometry": {"type": "Point", "coordinates": [-92.372454, 34.721154]}}, {"type": "Feature", "properties": {"id": "foia-068", "fam": "alpr", "prog": "flock-lrpd", "lbl": "11821 Colonel Glenn Rd", "src": "foia", "public": 1, "op": "Little Rock Police Department", "make": "Flock Safety", "status": "Optimizing", "addr": "11821 Colonel Glenn Rd, Little Rock, AR 72210, USA", "geo_score": 99.5, "url": "https://arktimes.com/wp-content/uploads/2026/01/PDFOIA-2025-4004.pdf"}, "geometry": {"type": "Point", "coordinates": [-92.407115, 34.711587]}}, {"type": "Feature", "properties": {"id": "foia-069", "fam": "alpr", "prog": "flock-lrpd", "lbl": "12301 Stagecoach Rd", "src": "foia", "public": 1, "op": "Little Rock Police Department", "make": "Flock Safety", "status": "Optimizing", "addr": "12301 Stagecoach Rd, Little Rock, AR 72210, USA", "geo_score": 99.5, "url": "https://arktimes.com/wp-content/uploads/2026/01/PDFOIA-2025-4004.pdf", "osm_seen": 1, "dir": 53.0}, "geometry": {"type": "Point", "coordinates": [-92.443212, 34.64613]}}, {"type": "Feature", "properties": {"id": "foia-070", "fam": "alpr", "prog": "flock-lrpd", "lbl": "6325 Stagecoach Rd", "src": "foia", "public": 1, "op": "Little Rock Police Department", "make": "Flock Safety", "status": "Optimizing", "addr": "6325 Stagecoach Rd, Little Rock, AR 72204, USA", "geo_score": 99.4, "url": "https://arktimes.com/wp-content/uploads/2026/01/PDFOIA-2025-4004.pdf"}, "geometry": {"type": "Point", "coordinates": [-92.392565, 34.690797]}}, {"type": "Feature", "properties": {"id": "foia-071", "fam": "alpr", "prog": "flock-lrpd", "lbl": "1301 Hanger St", "src": "foia", "public": 1, "op": "Little Rock Police Department", "make": "Flock Safety", "status": "Optimizing", "addr": "1301 Hanger St, Little Rock, AR 72202, USA", "geo_score": 99.4, "url": "https://arktimes.com/wp-content/uploads/2026/01/PDFOIA-2025-4004.pdf"}, "geometry": {"type": "Point", "coordinates": [-92.257061, 34.735266]}}, {"type": "Feature", "properties": {"id": "foia-072", "fam": "alpr", "prog": "flock-lrpd", "lbl": "6117 W 65th St", "src": "foia", "public": 1, "op": "Little Rock Police Department", "make": "Flock Safety", "status": "Optimizing", "addr": "6117 W 65th St, Little Rock, AR 72209, USA", "geo_score": 99.3, "url": "https://arktimes.com/wp-content/uploads/2026/01/PDFOIA-2025-4004.pdf"}, "geometry": {"type": "Point", "coordinates": [-92.34554, 34.690086]}}, {"type": "Feature", "properties": {"id": "foia-073", "fam": "alpr", "prog": "flock-lrpd", "lbl": "1724 N Mississippi St", "src": "foia", "public": 1, "op": "Little Rock Police Department", "make": "Flock Safety", "status": "Optimizing", "addr": "1724 N Mississippi St, Little Rock, AR 72207, USA", "geo_score": 99.5, "url": "https://arktimes.com/wp-content/uploads/2026/01/PDFOIA-2025-4004.pdf", "osm_seen": 1, "dir": 171.0}, "geometry": {"type": "Point", "coordinates": [-92.35831, 34.769077]}}, {"type": "Feature", "properties": {"id": "foia-074", "fam": "alpr", "prog": "flock-lrpd", "lbl": "717 S Mississippi St", "src": "foia", "public": 1, "op": "Little Rock Police Department", "make": "Flock Safety", "status": "Optimizing", "addr": "717 S Mississippi St, Little Rock, AR 72205, USA", "geo_score": 99.5, "url": "https://arktimes.com/wp-content/uploads/2026/01/PDFOIA-2025-4004.pdf", "osm_seen": 1}, "geometry": {"type": "Point", "coordinates": [-92.358783, 34.747533]}}, {"type": "Feature", "properties": {"id": "foia-075", "fam": "alpr", "prog": "flock-lrpd", "lbl": "Colonel Glenn Rd & Bryant St", "src": "foia", "public": 1, "op": "Little Rock Police Department", "make": "Flock Safety", "status": "Optimizing", "addr": "Colonel Glenn Rd & Bryant St, Little Rock, AR 72204, USA", "geo_score": 99.2, "url": "https://arktimes.com/wp-content/uploads/2026/01/PDFOIA-2025-4004.pdf"}, "geometry": {"type": "Point", "coordinates": [-92.351165, 34.718031]}}, {"type": "Feature", "properties": {"id": "foia-076", "fam": "alpr", "prog": "flock-lrpd", "lbl": "14317 Cantrell Rd", "src": "foia", "public": 1, "op": "Little Rock Police Department", "make": "Flock Safety", "status": "Optimizing", "addr": "14317 Cantrell Rd, Little Rock, AR 72223, USA", "geo_score": 99.4, "url": "https://arktimes.com/wp-content/uploads/2026/01/PDFOIA-2025-4004.pdf"}, "geometry": {"type": "Point", "coordinates": [-92.431099, 34.802597]}}, {"type": "Feature", "properties": {"id": "foia-077", "fam": "alpr", "prog": "flock-lrpd", "lbl": "Mabelvale Pike & Richsmith Ln", "src": "foia", "public": 1, "op": "Little Rock Police Department", "make": "Flock Safety", "status": "Optimizing", "addr": "Mabelvale Pike & Richsmith Ln, Little Rock, AR 72103, USA", "geo_score": 99.5, "url": "https://arktimes.com/wp-content/uploads/2026/01/PDFOIA-2025-4004.pdf"}, "geometry": {"type": "Point", "coordinates": [-92.386008, 34.663941]}}, {"type": "Feature", "properties": {"id": "foia-078", "fam": "alpr", "prog": "flock-lrpd", "lbl": "101 N Woodrow St", "src": "foia", "public": 1, "op": "Little Rock Police Department", "make": "Flock Safety", "status": "Optimizing", "addr": "101 N Woodrow St, Little Rock, AR 72205, USA", "geo_score": 99.4, "url": "https://arktimes.com/wp-content/uploads/2026/01/PDFOIA-2025-4004.pdf"}, "geometry": {"type": "Point", "coordinates": [-92.30567, 34.751088]}}, {"type": "Feature", "properties": {"id": "foia-079", "fam": "alpr", "prog": "flock-lrpd", "lbl": "4422 AR-338", "src": "foia", "public": 1, "op": "Little Rock Police Department", "make": "Flock Safety", "status": "Optimizing", "addr": "4422 AR-338, Little Rock, AR 72209, USA", "geo_score": 80.5, "url": "https://arktimes.com/wp-content/uploads/2026/01/PDFOIA-2025-4004.pdf"}, "geometry": {"type": "Point", "coordinates": [-92.395292, 34.669098]}}, {"type": "Feature", "properties": {"id": "foia-080", "fam": "alpr", "prog": "flock-lrpd", "lbl": "10100 N Rodney Parham Rd", "src": "foia", "public": 1, "op": "Little Rock Police Department", "make": "Flock Safety", "status": "Optimizing", "addr": "10100 N Rodney Parham Rd, Little Rock, AR 72227, USA", "geo_score": 99.5, "url": "https://arktimes.com/wp-content/uploads/2026/01/PDFOIA-2025-4004.pdf"}, "geometry": {"type": "Point", "coordinates": [-92.384712, 34.76484]}}, {"type": "Feature", "properties": {"id": "foia-081", "fam": "alpr", "prog": "flock-lrpd", "lbl": "1116 S Cleveland St", "src": "foia", "public": 1, "op": "Little Rock Police Department", "make": "Flock Safety", "status": "Optimizing", "addr": "1116 S Cleveland St, Little Rock, AR 72204, USA", "geo_score": 99.4, "url": "https://arktimes.com/wp-content/uploads/2026/01/PDFOIA-2025-4004.pdf"}, "geometry": {"type": "Point", "coordinates": [-92.345085, 34.741728]}}, {"type": "Feature", "properties": {"id": "foia-082", "fam": "alpr", "prog": "flock-lrpd", "lbl": "Geyer Springs Rd & Nova Ln", "src": "foia", "public": 1, "op": "Little Rock Police Department", "make": "Flock Safety", "status": "Optimizing", "addr": "Geyer Springs Rd & Nova Ln, Little Rock, AR 72209, USA", "geo_score": 99.5, "url": "https://arktimes.com/wp-content/uploads/2026/01/PDFOIA-2025-4004.pdf", "osm_seen": 1, "dir": 325.0}, "geometry": {"type": "Point", "coordinates": [-92.343969, 34.67547]}}, {"type": "Feature", "properties": {"id": "foia-083", "fam": "alpr", "prog": "flock-lrpd", "lbl": "2501 S Arch St", "src": "foia", "public": 1, "op": "Little Rock Police Department", "make": "Flock Safety", "status": "Optimizing", "addr": "2501 S Arch St, Little Rock, AR 72206, USA", "geo_score": 99.3, "url": "https://arktimes.com/wp-content/uploads/2026/01/PDFOIA-2025-4004.pdf"}, "geometry": {"type": "Point", "coordinates": [-92.279723, 34.724151]}}, {"type": "Feature", "properties": {"id": "foia-084", "fam": "alpr", "prog": "flock-lrpd", "lbl": "4820 Kavanaugh Blvd", "src": "foia", "public": 1, "op": "Little Rock Police Department", "make": "Flock Safety", "status": "Optimizing", "addr": "4820 Kavanaugh Blvd, Little Rock, AR 72207, US", "geo_score": 99.4, "url": "https://arktimes.com/wp-content/uploads/2026/01/PDFOIA-2025-4004.pdf"}, "geometry": {"type": "Point", "coordinates": [-92.329416, 34.767747]}}, {"type": "Feature", "properties": {"id": "foia-085", "fam": "alpr", "prog": "flock-lrpd", "lbl": "17901 Chenal Pkwy", "src": "foia", "public": 1, "op": "Little Rock Police Department", "make": "Flock Safety", "status": "Optimizing", "addr": "17901 Chenal Pkwy, Little Rock, AR 72223, USA", "geo_score": 99.4, "url": "https://arktimes.com/wp-content/uploads/2026/01/PDFOIA-2025-4004.pdf", "osm_seen": 1, "dir": 120.0}, "geometry": {"type": "Point", "coordinates": [-92.45988, 34.770006]}}, {"type": "Feature", "properties": {"id": "foia-086", "fam": "alpr", "prog": "flock-lrpd", "lbl": "1921 US-70B", "src": "foia", "public": 1, "op": "Little Rock Police Department", "make": "Flock Safety", "status": "Optimizing", "addr": "1921 US-70B, Little Rock, AR 72206, USA", "geo_score": 79.7, "url": "https://arktimes.com/wp-content/uploads/2026/01/PDFOIA-2025-4004.pdf"}, "geometry": {"type": "Point", "coordinates": [-92.2357, 34.70857]}}, {"type": "Feature", "properties": {"id": "foia-087", "fam": "alpr", "prog": "flock-lrpd", "lbl": "3 Regina Cir", "src": "foia", "public": 1, "op": "Little Rock Police Department", "make": "Flock Safety", "status": "Optimizing", "addr": "3 Regina Cir, Little Rock, AR 72209, US", "geo_score": 99.3, "url": "https://arktimes.com/wp-content/uploads/2026/01/PDFOIA-2025-4004.pdf"}, "geometry": {"type": "Point", "coordinates": [-92.332251, 34.677504]}}, {"type": "Feature", "properties": {"id": "foia-088", "fam": "alpr", "prog": "flock-lrpd", "lbl": "10501 Stagecoach Rd", "src": "foia", "public": 1, "op": "Little Rock Police Department", "make": "Flock Safety", "status": "Optimizing", "addr": "10501 Stagecoach Rd, Little Rock, AR 72210, USA", "geo_score": 99.5, "url": "https://arktimes.com/wp-content/uploads/2026/01/PDFOIA-2025-4004.pdf", "osm_seen": 1, "dir": 45.0}, "geometry": {"type": "Point", "coordinates": [-92.425775, 34.655463]}}, {"type": "Feature", "properties": {"id": "foia-089", "fam": "alpr", "prog": "flock-lrpd", "lbl": "600 Pleasant Valley Dr", "src": "foia", "public": 1, "op": "Little Rock Police Department", "make": "Flock Safety", "status": "Optimizing", "addr": "600 Pleasant Valley Dr, Little Rock, AR 72227, USA", "geo_score": 99.5, "url": "https://arktimes.com/wp-content/uploads/2026/01/PDFOIA-2025-4004.pdf"}, "geometry": {"type": "Point", "coordinates": [-92.388114, 34.785288]}}, {"type": "Feature", "properties": {"id": "foia-090", "fam": "alpr", "prog": "flock-lrpd", "lbl": "19400 Cantrell Rd", "src": "foia", "public": 1, "op": "Little Rock Police Department", "make": "Flock Safety", "status": "Optimizing", "addr": "19400 Cantrell Rd, Little Rock, AR 72223, USA", "geo_score": 99.4, "url": "https://arktimes.com/wp-content/uploads/2026/01/PDFOIA-2025-4004.pdf"}, "geometry": {"type": "Point", "coordinates": [-92.488065, 34.811029]}}, {"type": "Feature", "properties": {"id": "foia-091", "fam": "alpr", "prog": "flock-lrpd", "lbl": "PMW8+66", "src": "foia", "public": 1, "op": "Little Rock Police Department", "make": "Flock Safety", "status": "Optimizing", "addr": "PMW8+66, Little Rock, AR undefined, US", "geo_score": 90.0, "url": "https://arktimes.com/wp-content/uploads/2026/01/PDFOIA-2025-4004.pdf", "osm_seen": 1, "dir": 322.0}, "geometry": {"type": "Point", "coordinates": [-92.334437, 34.745563]}}, {"type": "Feature", "properties": {"id": "foia-092", "fam": "alpr", "prog": "flock-lrpd", "lbl": "10720 N Rodney Parham Rd a1", "src": "foia", "public": 1, "op": "Little Rock Police Department", "make": "Flock Safety", "status": "Optimizing", "addr": "10720 N Rodney Parham Rd a1, Little Rock, AR 72212, USA", "geo_score": 99.0, "url": "https://arktimes.com/wp-content/uploads/2026/01/PDFOIA-2025-4004.pdf", "osm_seen": 1, "dir": 290.0}, "geometry": {"type": "Point", "coordinates": [-92.393388, 34.770897]}}, {"type": "Feature", "properties": {"id": "foia-093", "fam": "alpr", "prog": "flock-lrpd", "lbl": "Chicot Rd & Baseline Rd", "src": "foia", "public": 1, "op": "Little Rock Police Department", "make": "Flock Safety", "status": "Optimizing", "addr": "Chicot Rd & Baseline Rd, Little Rock, AR 72209, USA", "geo_score": 99.5, "url": "https://arktimes.com/wp-content/uploads/2026/01/PDFOIA-2025-4004.pdf"}, "geometry": {"type": "Point", "coordinates": [-92.361798, 34.66971]}}, {"type": "Feature", "properties": {"id": "foia-094", "fam": "alpr", "prog": "flock-lrpd", "lbl": "7300 W 12th St", "src": "foia", "public": 1, "op": "Little Rock Police Department", "make": "Flock Safety", "status": "Optimizing", "addr": "7300 W 12th St, Little Rock, AR 72204, USA", "geo_score": 99.3, "url": "https://arktimes.com/wp-content/uploads/2026/01/PDFOIA-2025-4004.pdf", "osm_seen": 1, "dir": 125.0}, "geometry": {"type": "Point", "coordinates": [-92.355761, 34.741983]}}, {"type": "Feature", "properties": {"id": "foia-095", "fam": "alpr", "prog": "flock-lrpd", "lbl": "7616 Geyer Springs Rd", "src": "foia", "public": 1, "op": "Little Rock Police Department", "make": "Flock Safety", "status": "Optimizing", "addr": "7616 Geyer Springs Rd, Little Rock, AR 72209, USA", "geo_score": 99.5, "url": "https://arktimes.com/wp-content/uploads/2026/01/PDFOIA-2025-4004.pdf"}, "geometry": {"type": "Point", "coordinates": [-92.343836, 34.680148]}}, {"type": "Feature", "properties": {"id": "foia-096", "fam": "alpr", "prog": "flock-lrpd", "lbl": "2101 Barber St", "src": "foia", "public": 1, "op": "Little Rock Police Department", "make": "Flock Safety", "status": "Optimizing", "addr": "2101 Barber St, Little Rock, AR 72206, US", "geo_score": 99.3, "url": "https://arktimes.com/wp-content/uploads/2026/01/PDFOIA-2025-4004.pdf"}, "geometry": {"type": "Point", "coordinates": [-92.261133, 34.727409]}}, {"type": "Feature", "properties": {"id": "foia-097", "fam": "alpr", "prog": "flock-lrpd", "lbl": "8822 AR-5", "src": "foia", "public": 1, "op": "Little Rock Police Department", "make": "Flock Safety", "status": "Optimizing", "addr": "8822 AR-5, Little Rock, AR 72210, USA", "geo_score": 75.3, "url": "https://arktimes.com/wp-content/uploads/2026/01/PDFOIA-2025-4004.pdf"}, "geometry": {"type": "Point", "coordinates": [-92.446751, 34.646147]}}, {"type": "Feature", "properties": {"id": "foia-098", "fam": "alpr", "prog": "flock-lrpd", "lbl": "12800 Chenal Pkwy Ste 8", "src": "foia", "public": 1, "op": "Little Rock Police Department", "make": "Flock Safety", "status": "Optimizing", "addr": "12800 Chenal Pkwy Ste 8, Little Rock, AR 72211, USA", "geo_score": 99.9, "url": "https://arktimes.com/wp-content/uploads/2026/01/PDFOIA-2025-4004.pdf"}, "geometry": {"type": "Point", "coordinates": [-92.416833, 34.755066]}}, {"type": "Feature", "properties": {"id": "foia-099", "fam": "alpr", "prog": "flock-lrpd", "lbl": "8000 Geyer Springs Rd", "src": "foia", "public": 1, "op": "Little Rock Police Department", "make": "Flock Safety", "status": "Optimizing", "addr": "8000 Geyer Springs Rd, Little Rock, AR 72209, USA", "geo_score": 99.5, "url": "https://arktimes.com/wp-content/uploads/2026/01/PDFOIA-2025-4004.pdf"}, "geometry": {"type": "Point", "coordinates": [-92.344649, 34.677585]}}, {"type": "Feature", "properties": {"id": "foia-100", "fam": "alpr", "prog": "flock-lrpd", "lbl": "3510 Baseline Rd", "src": "foia", "public": 1, "op": "Little Rock Police Department", "make": "Flock Safety", "status": "Optimizing", "addr": "3510 Baseline Rd, Little Rock, AR 72209, USA", "geo_score": 99.4, "url": "https://arktimes.com/wp-content/uploads/2026/01/PDFOIA-2025-4004.pdf"}, "geometry": {"type": "Point", "coordinates": [-92.317253, 34.668378]}}, {"type": "Feature", "properties": {"id": "foia-101", "fam": "alpr", "prog": "flock-lrpd", "lbl": "4601 W 65th St", "src": "foia", "public": 1, "op": "Little Rock Police Department", "make": "Flock Safety", "status": "Optimizing", "addr": "4601 W 65th St, Little Rock, AR 72209, USA", "geo_score": 99.3, "url": "https://arktimes.com/wp-content/uploads/2026/01/PDFOIA-2025-4004.pdf"}, "geometry": {"type": "Point", "coordinates": [-92.327586, 34.690077]}}, {"type": "Feature", "properties": {"id": "foia-102", "fam": "alpr", "prog": "flock-lrpd", "lbl": "Wright Ave & Thayer St", "src": "foia", "public": 1, "op": "Little Rock Police Department", "make": "Flock Safety", "status": "Optimizing", "addr": "Wright Ave & Thayer St, Little Rock, AR 72202, USA", "geo_score": 99.5, "url": "https://arktimes.com/wp-content/uploads/2026/01/PDFOIA-2025-4004.pdf"}, "geometry": {"type": "Point", "coordinates": [-92.301705, 34.732431]}}, {"type": "Feature", "properties": {"id": "foia-103", "fam": "alpr", "prog": "flock-lrpd", "lbl": "2618 S Shackleford Rd", "src": "foia", "public": 1, "op": "Little Rock Police Department", "make": "Flock Safety", "status": "Optimizing", "addr": "2618 S Shackleford Rd, Little Rock, AR 72205, USA", "geo_score": 99.5, "url": "https://arktimes.com/wp-content/uploads/2026/01/PDFOIA-2025-4004.pdf", "osm_seen": 1, "dir": 160.0}, "geometry": {"type": "Point", "coordinates": [-92.395499, 34.733637]}}, {"type": "Feature", "properties": {"id": "foia-104", "fam": "alpr", "prog": "flock-lrpd", "lbl": "Broadway St & Markham St", "src": "foia", "public": 1, "op": "Little Rock Police Department", "make": "Flock Safety", "status": "Optimizing", "addr": "Broadway St & Markham St, Little Rock, AR 72201, USA", "geo_score": 99.1, "url": "https://arktimes.com/wp-content/uploads/2026/01/PDFOIA-2025-4004.pdf"}, "geometry": {"type": "Point", "coordinates": [-92.275106, 34.748748]}}, {"type": "Feature", "properties": {"id": "foia-105", "fam": "alpr", "prog": "flock-lrpd", "lbl": "Roosevelt Rd & Brown St", "src": "foia", "public": 1, "op": "Little Rock Police Department", "make": "Flock Safety", "status": "Optimizing", "addr": "Roosevelt Rd & Brown St, Little Rock, AR 72204, USA", "geo_score": 99.1, "url": "https://arktimes.com/wp-content/uploads/2026/01/PDFOIA-2025-4004.pdf"}, "geometry": {"type": "Point", "coordinates": [-92.310867, 34.725645]}}, {"type": "Feature", "properties": {"id": "foia-106", "fam": "alpr", "prog": "flock-lrpd", "lbl": "4200 Asher Ave", "src": "foia", "public": 1, "op": "Little Rock Police Department", "make": "Flock Safety", "status": "Optimizing", "addr": "4200 Asher Ave, Little Rock, AR 72204, USA", "geo_score": 99.4, "url": "https://arktimes.com/wp-content/uploads/2026/01/PDFOIA-2025-4004.pdf", "osm_seen": 1, "dir": 215.0}, "geometry": {"type": "Point", "coordinates": [-92.321188, 34.724745]}}, {"type": "Feature", "properties": {"id": "foia-107", "fam": "alpr", "prog": "flock-lrpd", "lbl": "Asher Ave & Fair Park Blvd", "src": "foia", "public": 1, "op": "Little Rock Police Department", "make": "Flock Safety", "status": "Optimizing", "addr": "Asher Ave & Fair Park Blvd, Little Rock, AR 72204, USA", "geo_score": 99.5, "url": "https://arktimes.com/wp-content/uploads/2026/01/PDFOIA-2025-4004.pdf", "osm_seen": 1, "dir": 30.0}, "geometry": {"type": "Point", "coordinates": [-92.333804, 34.719597]}}, {"type": "Feature", "properties": {"id": "foia-108", "fam": "alpr", "prog": "flock-lrpd", "lbl": "University Ave & 10th St", "src": "foia", "public": 1, "op": "Little Rock Police Department", "make": "Flock Safety", "status": "Optimizing", "addr": "University Ave & 10th St, Little Rock, AR 72204, USA", "geo_score": 98.8, "url": "https://arktimes.com/wp-content/uploads/2026/01/PDFOIA-2025-4004.pdf", "osm_seen": 1}, "geometry": {"type": "Point", "coordinates": [-92.341404, 34.743195]}}, {"type": "Feature", "properties": {"id": "foia-109", "fam": "alpr", "prog": "flock-lrpd", "lbl": "2234 River Mountain Rd", "src": "foia", "public": 1, "op": "Little Rock Police Department", "make": "Flock Safety", "status": "Optimizing", "addr": "2234 River Mountain Rd, Little Rock, AR 72212, USA", "geo_score": 99.5, "url": "https://arktimes.com/wp-content/uploads/2026/01/PDFOIA-2025-4004.pdf"}, "geometry": {"type": "Point", "coordinates": [-92.389659, 34.792678]}}, {"type": "Feature", "properties": {"id": "foia-110", "fam": "alpr", "prog": "flock-lrpd", "lbl": "2801 Rebsamen Park Rd", "src": "foia", "public": 1, "op": "Little Rock Police Department", "make": "Flock Safety", "status": "Optimizing", "addr": "2801 Rebsamen Park Rd, Little Rock, AR 72202, USA", "geo_score": 99.5, "url": "https://arktimes.com/wp-content/uploads/2026/01/PDFOIA-2025-4004.pdf", "osm_seen": 1, "dir": 295.0}, "geometry": {"type": "Point", "coordinates": [-92.311813, 34.775267]}}, {"type": "Feature", "properties": {"id": "foia-111", "fam": "alpr", "prog": "flock-lrpd", "lbl": "4815 Mabelvale Pike", "src": "foia", "public": 1, "op": "Little Rock Police Department", "make": "Flock Safety", "status": "Optimizing", "addr": "4815 Mabelvale Pike, Little Rock, AR 72209, USA", "geo_score": 99.5, "url": "https://arktimes.com/wp-content/uploads/2026/01/PDFOIA-2025-4004.pdf"}, "geometry": {"type": "Point", "coordinates": [-92.335093, 34.70532]}}, {"type": "Feature", "properties": {"id": "foia-112", "fam": "alpr", "prog": "flock-lrpd", "lbl": "4739-4571 Mabelvale Pike", "src": "foia", "public": 1, "op": "Little Rock Police Department", "make": "Flock Safety", "status": "Optimizing", "addr": "4739-4571 Mabelvale Pike, Little Rock, AR 72209, USA", "geo_score": 97.6, "url": "https://arktimes.com/wp-content/uploads/2026/01/PDFOIA-2025-4004.pdf", "osm_seen": 1, "dir": 179.0}, "geometry": {"type": "Point", "coordinates": [-92.333664, 34.707031]}}, {"type": "Feature", "properties": {"id": "foia-113", "fam": "alpr", "prog": "flock-lrpd", "lbl": "12811 Chenal Pkwy", "src": "foia", "public": 1, "op": "Little Rock Police Department", "make": "Flock Safety", "status": "Permitting", "addr": "12811 Chenal Pkwy, Little Rock, AR 72211-3357, United States", "geo_score": 99.6, "url": "https://arktimes.com/wp-content/uploads/2026/01/PDFOIA-2025-4004.pdf", "osm_seen": 1, "dir": 80.0}, "geometry": {"type": "Point", "coordinates": [-92.416002, 34.754354]}}, {"type": "Feature", "properties": {"id": "foia-114", "fam": "alpr", "prog": "flock-lrpd", "lbl": "1224 Main St", "src": "foia", "public": 1, "op": "Little Rock Police Department", "make": "Flock Safety", "status": "Permitting", "addr": "1224 Main St, Little Rock, AR 72202, United States", "geo_score": 99.5, "url": "https://arktimes.com/wp-content/uploads/2026/01/PDFOIA-2025-4004.pdf"}, "geometry": {"type": "Point", "coordinates": [-92.272883, 34.736598]}}, {"type": "Feature", "properties": {"id": "foia-115", "fam": "alpr", "prog": "flock-lrpd", "lbl": "616 S Pine St", "src": "foia", "public": 1, "op": "Little Rock Police Department", "make": "Flock Safety", "status": "Permitting", "addr": "616 S Pine St, Little Rock, AR 72205, United States", "geo_score": 95.5, "url": "https://arktimes.com/wp-content/uploads/2026/01/PDFOIA-2025-4004.pdf", "osm_seen": 1, "dir": 184.0}, "geometry": {"type": "Point", "coordinates": [-92.316395, 34.750696]}}, {"type": "Feature", "properties": {"id": "osm-n8743226749", "fam": "alpr", "prog": "flock-unattributed", "lbl": "Flock Safety", "src": "osm", "public": 0, "op": "", "make": "Flock Safety", "url": "https://www.openstreetmap.org/node/8743226749", "dir": 50.0, "zone": "traffic"}, "geometry": {"type": "Point", "coordinates": [-92.426593, 34.753017]}}, {"type": "Feature", "properties": {"id": "osm-n10700511124", "fam": "gunshot", "prog": "shotspotter", "lbl": "Camera", "src": "osm", "public": 0, "op": "", "make": "", "url": "https://www.openstreetmap.org/node/10700511124"}, "geometry": {"type": "Point", "coordinates": [-92.327785, 34.722123]}}, {"type": "Feature", "properties": {"id": "osm-n10700511125", "fam": "gunshot", "prog": "shotspotter", "lbl": "Camera", "src": "osm", "public": 0, "op": "", "make": "", "url": "https://www.openstreetmap.org/node/10700511125"}, "geometry": {"type": "Point", "coordinates": [-92.335282, 34.724686]}}, {"type": "Feature", "properties": {"id": "osm-n10700511126", "fam": "gunshot", "prog": "shotspotter", "lbl": "Camera", "src": "osm", "public": 0, "op": "", "make": "", "url": "https://www.openstreetmap.org/node/10700511126"}, "geometry": {"type": "Point", "coordinates": [-92.337165, 34.727807]}}, {"type": "Feature", "properties": {"id": "osm-n10700511127", "fam": "gunshot", "prog": "shotspotter", "lbl": "Camera", "src": "osm", "public": 0, "op": "", "make": "", "url": "https://www.openstreetmap.org/node/10700511127"}, "geometry": {"type": "Point", "coordinates": [-92.330699, 34.726385]}}, {"type": "Feature", "properties": {"id": "osm-n10700511128", "fam": "gunshot", "prog": "shotspotter", "lbl": "Camera", "src": "osm", "public": 0, "op": "", "make": "", "url": "https://www.openstreetmap.org/node/10700511128"}, "geometry": {"type": "Point", "coordinates": [-92.324685, 34.726237]}}, {"type": "Feature", "properties": {"id": "osm-n10700511129", "fam": "gunshot", "prog": "shotspotter", "lbl": "Camera", "src": "osm", "public": 0, "op": "", "make": "", "url": "https://www.openstreetmap.org/node/10700511129"}, "geometry": {"type": "Point", "coordinates": [-92.32281, 34.728809]}}, {"type": "Feature", "properties": {"id": "osm-n10700511130", "fam": "gunshot", "prog": "shotspotter", "lbl": "Camera", "src": "osm", "public": 0, "op": "", "make": "", "url": "https://www.openstreetmap.org/node/10700511130"}, "geometry": {"type": "Point", "coordinates": [-92.319617, 34.727891]}}, {"type": "Feature", "properties": {"id": "osm-n12537358658", "fam": "alpr", "prog": "flock-unattributed", "lbl": "Flock Safety", "src": "osm", "public": 0, "op": "", "make": "Flock Safety", "url": "https://www.openstreetmap.org/node/12537358658", "dir": 350.0, "zone": "traffic"}, "geometry": {"type": "Point", "coordinates": [-92.224741, 34.718649]}}, {"type": "Feature", "properties": {"id": "osm-n12637781422", "fam": "alpr", "prog": "flock-lrpd", "lbl": "Flock Safety", "src": "osm", "public": 0, "op": "Little Rock Police Department", "make": "Flock Safety", "url": "https://www.openstreetmap.org/node/12637781422", "dir": 345.0, "zone": "traffic"}, "geometry": {"type": "Point", "coordinates": [-92.305444, 34.744703]}}, {"type": "Feature", "properties": {"id": "osm-n12637781424", "fam": "alpr", "prog": "flock-unattributed", "lbl": "Flock Safety", "src": "osm", "public": 0, "op": "", "make": "Flock Safety", "url": "https://www.openstreetmap.org/node/12637781424", "dir": 330.0, "zone": "traffic"}, "geometry": {"type": "Point", "coordinates": [-92.191059, 34.829338]}}, {"type": "Feature", "properties": {"id": "osm-n12637781434", "fam": "alpr", "prog": "flock-lrpd", "lbl": "Flock Safety", "src": "osm", "public": 0, "op": "Little Rock Police Department", "make": "Flock Safety", "url": "https://www.openstreetmap.org/node/12637781434", "dir": 150.0, "zone": "traffic"}, "geometry": {"type": "Point", "coordinates": [-92.344043, 34.678123]}}, {"type": "Feature", "properties": {"id": "osm-n12637781435", "fam": "alpr", "prog": "flock-lrpd", "lbl": "Flock Safety", "src": "osm", "public": 0, "op": "Little Rock Police Department", "make": "Flock Safety", "url": "https://www.openstreetmap.org/node/12637781435", "dir": 60.0, "zone": "traffic"}, "geometry": {"type": "Point", "coordinates": [-92.343226, 34.785448]}}, {"type": "Feature", "properties": {"id": "osm-n12637781436", "fam": "alpr", "prog": "flock-lrpd", "lbl": "Flock Safety", "src": "osm", "public": 0, "op": "Little Rock Police Department", "make": "Flock Safety", "url": "https://www.openstreetmap.org/node/12637781436", "dir": 335.0, "zone": "traffic"}, "geometry": {"type": "Point", "coordinates": [-92.31895, 34.684312]}}, {"type": "Feature", "properties": {"id": "osm-n12637781438", "fam": "alpr", "prog": "flock-lrpd", "lbl": "Flock Safety", "src": "osm", "public": 0, "op": "Little Rock Police Department", "make": "Flock Safety", "url": "https://www.openstreetmap.org/node/12637781438", "dir": 250.0, "zone": "traffic"}, "geometry": {"type": "Point", "coordinates": [-92.387346, 34.753834]}}, {"type": "Feature", "properties": {"id": "osm-n12853903306", "fam": "alpr", "prog": "flock-unattributed", "lbl": "Flock Safety", "src": "osm", "public": 0, "op": "", "make": "Flock Safety", "url": "https://www.openstreetmap.org/node/12853903306", "dir": 101.0, "zone": "traffic"}, "geometry": {"type": "Point", "coordinates": [-92.128076, 34.860343]}}, {"type": "Feature", "properties": {"id": "osm-n12853922063", "fam": "alpr", "prog": "flock-unattributed", "lbl": "Flock Safety", "src": "osm", "public": 0, "op": "", "make": "Flock Safety", "url": "https://www.openstreetmap.org/node/12853922063", "dir": 275.0, "zone": "traffic"}, "geometry": {"type": "Point", "coordinates": [-92.130463, 34.861875]}}, {"type": "Feature", "properties": {"id": "osm-n12853922064", "fam": "alpr", "prog": "flock-unattributed", "lbl": "Flock Safety", "src": "osm", "public": 0, "op": "", "make": "Flock Safety", "url": "https://www.openstreetmap.org/node/12853922064", "dir": 275.0, "zone": "traffic"}, "geometry": {"type": "Point", "coordinates": [-92.109123, 34.864912]}}, {"type": "Feature", "properties": {"id": "osm-n12853997676", "fam": "alpr", "prog": "other-alpr", "lbl": "Genetec", "src": "osm", "public": 0, "op": "", "make": "Genetec", "url": "https://www.openstreetmap.org/node/12853997676", "dir": 200.0, "zone": "traffic"}, "geometry": {"type": "Point", "coordinates": [-92.145491, 34.828189]}}, {"type": "Feature", "properties": {"id": "osm-n12855854269", "fam": "alpr", "prog": "flock-unattributed", "lbl": "Flock Safety", "src": "osm", "public": 0, "op": "", "make": "Flock Safety", "url": "https://www.openstreetmap.org/node/12855854269", "dir": 260.0, "zone": "traffic"}, "geometry": {"type": "Point", "coordinates": [-92.079478, 34.86679]}}, {"type": "Feature", "properties": {"id": "osm-n12856037866", "fam": "alpr", "prog": "flock-unattributed", "lbl": "Flock Safety", "src": "osm", "public": 0, "op": "", "make": "Flock Safety", "url": "https://www.openstreetmap.org/node/12856037866", "dir": 20.0, "zone": "traffic"}, "geometry": {"type": "Point", "coordinates": [-92.172526, 34.868151]}}, {"type": "Feature", "properties": {"id": "osm-n12856037867", "fam": "alpr", "prog": "flock-unattributed", "lbl": "Flock Safety", "src": "osm", "public": 0, "op": "", "make": "Flock Safety", "url": "https://www.openstreetmap.org/node/12856037867", "dir": 200.0, "zone": "traffic"}, "geometry": {"type": "Point", "coordinates": [-92.171174, 34.869491]}}, {"type": "Feature", "properties": {"id": "osm-n12861784722", "fam": "alpr", "prog": "flock-unattributed", "lbl": "Flock Safety", "src": "osm", "public": 0, "op": "", "make": "Flock Safety", "url": "https://www.openstreetmap.org/node/12861784722", "dir": 335.0, "zone": "traffic"}, "geometry": {"type": "Point", "coordinates": [-91.963579, 34.9869]}}, {"type": "Feature", "properties": {"id": "osm-n12861784723", "fam": "alpr", "prog": "flock-unattributed", "lbl": "Flock Safety", "src": "osm", "public": 0, "op": "", "make": "Flock Safety", "url": "https://www.openstreetmap.org/node/12861784723", "dir": 90.0, "zone": "traffic"}, "geometry": {"type": "Point", "coordinates": [-91.956442, 35.033219]}}, {"type": "Feature", "properties": {"id": "osm-n12865753325", "fam": "alpr", "prog": "other-alpr", "lbl": "Motorola Solutions", "src": "osm", "public": 0, "op": "", "make": "Motorola Solutions", "url": "https://www.openstreetmap.org/node/12865753325", "dir": 75.0, "zone": "traffic"}, "geometry": {"type": "Point", "coordinates": [-92.127306, 34.867326]}}, {"type": "Feature", "properties": {"id": "osm-n12865753326", "fam": "alpr", "prog": "other-alpr", "lbl": "Motorola Solutions", "src": "osm", "public": 0, "op": "", "make": "Motorola Solutions", "url": "https://www.openstreetmap.org/node/12865753326", "zone": "traffic"}, "geometry": {"type": "Point", "coordinates": [-92.128603, 34.867601]}}, {"type": "Feature", "properties": {"id": "osm-n12865894960", "fam": "alpr", "prog": "other-alpr", "lbl": "Motorola Solutions", "src": "osm", "public": 0, "op": "", "make": "Motorola Solutions", "url": "https://www.openstreetmap.org/node/12865894960", "zone": "traffic"}, "geometry": {"type": "Point", "coordinates": [-92.118824, 34.867394]}}, {"type": "Feature", "properties": {"id": "osm-n12865894961", "fam": "alpr", "prog": "other-alpr", "lbl": "Motorola Solutions", "src": "osm", "public": 0, "op": "", "make": "Motorola Solutions", "url": "https://www.openstreetmap.org/node/12865894961", "zone": "traffic"}, "geometry": {"type": "Point", "coordinates": [-92.111463, 34.866422]}}, {"type": "Feature", "properties": {"id": "osm-n12865894962", "fam": "alpr", "prog": "other-alpr", "lbl": "Motorola Solutions", "src": "osm", "public": 0, "op": "", "make": "Motorola Solutions", "url": "https://www.openstreetmap.org/node/12865894962", "zone": "traffic"}, "geometry": {"type": "Point", "coordinates": [-92.092818, 34.85228]}}, {"type": "Feature", "properties": {"id": "osm-n12865894963", "fam": "alpr", "prog": "other-alpr", "lbl": "Motorola Solutions", "src": "osm", "public": 0, "op": "", "make": "Motorola Solutions", "url": "https://www.openstreetmap.org/node/12865894963", "zone": "traffic"}, "geometry": {"type": "Point", "coordinates": [-92.115968, 34.852591]}}, {"type": "Feature", "properties": {"id": "osm-n12865894964", "fam": "alpr", "prog": "other-alpr", "lbl": "Motorola Solutions", "src": "osm", "public": 0, "op": "", "make": "Motorola Solutions", "url": "https://www.openstreetmap.org/node/12865894964", "zone": "traffic"}, "geometry": {"type": "Point", "coordinates": [-92.120441, 34.857016]}}, {"type": "Feature", "properties": {"id": "osm-n12865894965", "fam": "alpr", "prog": "other-alpr", "lbl": "Motorola Solutions", "src": "osm", "public": 0, "op": "", "make": "Motorola Solutions", "url": "https://www.openstreetmap.org/node/12865894965", "zone": "traffic"}, "geometry": {"type": "Point", "coordinates": [-92.104106, 34.857193]}}, {"type": "Feature", "properties": {"id": "osm-n12865894966", "fam": "alpr", "prog": "other-alpr", "lbl": "Motorola Solutions", "src": "osm", "public": 0, "op": "", "make": "Motorola Solutions", "url": "https://www.openstreetmap.org/node/12865894966", "zone": "traffic"}, "geometry": {"type": "Point", "coordinates": [-92.109005, 34.864815]}}, {"type": "Feature", "properties": {"id": "osm-n12865894967", "fam": "alpr", "prog": "other-alpr", "lbl": "Motorola Solutions", "src": "osm", "public": 0, "op": "", "make": "Motorola Solutions", "url": "https://www.openstreetmap.org/node/12865894967", "zone": "traffic"}, "geometry": {"type": "Point", "coordinates": [-92.129994, 34.858511]}}, {"type": "Feature", "properties": {"id": "osm-n12865894968", "fam": "alpr", "prog": "other-alpr", "lbl": "Motorola Solutions", "src": "osm", "public": 0, "op": "", "make": "Motorola Solutions", "url": "https://www.openstreetmap.org/node/12865894968", "zone": "traffic"}, "geometry": {"type": "Point", "coordinates": [-92.116947, 34.861975]}}, {"type": "Feature", "properties": {"id": "osm-n12868337722", "fam": "alpr", "prog": "other-alpr", "lbl": "Motorola Solutions", "src": "osm", "public": 0, "op": "", "make": "Motorola Solutions", "url": "https://www.openstreetmap.org/node/12868337722", "zone": "traffic"}, "geometry": {"type": "Point", "coordinates": [-92.108426, 34.883358]}}, {"type": "Feature", "properties": {"id": "osm-n12875492505", "fam": "alpr", "prog": "flock-unattributed", "lbl": "Flock Safety", "src": "osm", "public": 0, "op": "", "make": "Flock Safety", "url": "https://www.openstreetmap.org/node/12875492505", "dir": 230.0, "zone": "traffic"}, "geometry": {"type": "Point", "coordinates": [-92.205865, 34.814495]}}, {"type": "Feature", "properties": {"id": "osm-n12885040996", "fam": "alpr", "prog": "other-alpr", "lbl": "Plate reader", "src": "osm", "public": 0, "op": "", "make": "", "url": "https://www.openstreetmap.org/node/12885040996", "dir": 165.0, "zone": "traffic"}, "geometry": {"type": "Point", "coordinates": [-92.426536, 35.095341]}}, {"type": "Feature", "properties": {"id": "osm-n12885040997", "fam": "alpr", "prog": "other-alpr", "lbl": "Plate reader", "src": "osm", "public": 0, "op": "", "make": "", "url": "https://www.openstreetmap.org/node/12885040997", "dir": 290.0, "zone": "traffic"}, "geometry": {"type": "Point", "coordinates": [-92.42655, 35.095354]}}, {"type": "Feature", "properties": {"id": "osm-n12885040998", "fam": "alpr", "prog": "other-alpr", "lbl": "Plate reader", "src": "osm", "public": 0, "op": "", "make": "", "url": "https://www.openstreetmap.org/node/12885040998", "dir": 100.0, "zone": "traffic"}, "geometry": {"type": "Point", "coordinates": [-92.134143, 34.784296]}}, {"type": "Feature", "properties": {"id": "osm-n12885040999", "fam": "alpr", "prog": "other-alpr", "lbl": "Plate reader", "src": "osm", "public": 0, "op": "", "make": "", "url": "https://www.openstreetmap.org/node/12885040999", "dir": 120.0, "zone": "traffic"}, "geometry": {"type": "Point", "coordinates": [-92.13415, 34.784263]}}, {"type": "Feature", "properties": {"id": "osm-n12895731622", "fam": "alpr", "prog": "flock-unattributed", "lbl": "Flock Safety", "src": "osm", "public": 0, "op": "", "make": "Flock Safety", "url": "https://www.openstreetmap.org/node/12895731622", "dir": 345.0, "zone": "traffic"}, "geometry": {"type": "Point", "coordinates": [-92.020394, 34.940606]}}, {"type": "Feature", "properties": {"id": "osm-n12912529681", "fam": "alpr", "prog": "flock-lrpd", "lbl": "Flock Safety", "src": "osm", "public": 0, "op": "Little Rock Police Department", "make": "Flock Safety", "url": "https://www.openstreetmap.org/node/12912529681", "dir": 70.0, "zone": "traffic"}, "geometry": {"type": "Point", "coordinates": [-92.328011, 34.668224]}}, {"type": "Feature", "properties": {"id": "osm-n12924840869", "fam": "alpr", "prog": "flock-unattributed", "lbl": "Flock Safety", "src": "osm", "public": 0, "op": "", "make": "Flock Safety", "url": "https://www.openstreetmap.org/node/12924840869", "dir": 75.0, "zone": "traffic"}, "geometry": {"type": "Point", "coordinates": [-92.194413, 34.813116]}}, {"type": "Feature", "properties": {"id": "osm-n13005449395", "fam": "alpr", "prog": "flock-unattributed", "lbl": "Flock Safety", "src": "osm", "public": 0, "op": "", "make": "Flock Safety", "url": "https://www.openstreetmap.org/node/13005449395", "dir": 120.0, "zone": "traffic"}, "geometry": {"type": "Point", "coordinates": [-92.217664, 34.781829]}}, {"type": "Feature", "properties": {"id": "osm-n13005499388", "fam": "alpr", "prog": "flock-unattributed", "lbl": "Flock Safety", "src": "osm", "public": 0, "op": "", "make": "Flock Safety", "url": "https://www.openstreetmap.org/node/13005499388", "dir": 100.0, "zone": "traffic"}, "geometry": {"type": "Point", "coordinates": [-92.454046, 34.703982]}}, {"type": "Feature", "properties": {"id": "osm-n13005542188", "fam": "alpr", "prog": "flock-unattributed", "lbl": "Flock Safety", "src": "osm", "public": 0, "op": "", "make": "Flock Safety", "url": "https://www.openstreetmap.org/node/13005542188", "dir": 210.0, "zone": "traffic"}, "geometry": {"type": "Point", "coordinates": [-92.280186, 34.789316]}}, {"type": "Feature", "properties": {"id": "osm-n13009705313", "fam": "alpr", "prog": "flock-unattributed", "lbl": "Flock Safety", "src": "osm", "public": 0, "op": "", "make": "Flock Safety", "url": "https://www.openstreetmap.org/node/13009705313", "dir": 30.0, "zone": "traffic"}, "geometry": {"type": "Point", "coordinates": [-92.149338, 34.824152]}}, {"type": "Feature", "properties": {"id": "osm-n13010052295", "fam": "alpr", "prog": "flock-unattributed", "lbl": "Flock Safety", "src": "osm", "public": 0, "op": "", "make": "Flock Safety", "url": "https://www.openstreetmap.org/node/13010052295", "dir": 180.0, "zone": "traffic"}, "geometry": {"type": "Point", "coordinates": [-92.240459, 34.780441]}}, {"type": "Feature", "properties": {"id": "osm-n13028645121", "fam": "alpr", "prog": "flock-unattributed", "lbl": "Flock Safety", "src": "osm", "public": 0, "op": "", "make": "Flock Safety", "url": "https://www.openstreetmap.org/node/13028645121", "dir": 130.0, "zone": "traffic"}, "geometry": {"type": "Point", "coordinates": [-92.408951, 34.815893]}}, {"type": "Feature", "properties": {"id": "osm-n13028645122", "fam": "alpr", "prog": "flock-lrpd", "lbl": "Flock Safety", "src": "osm", "public": 0, "op": "Little Rock Police Department", "make": "Flock Safety", "url": "https://www.openstreetmap.org/node/13028645122", "dir": 10.0, "zone": "traffic"}, "geometry": {"type": "Point", "coordinates": [-92.417672, 34.671679]}}, {"type": "Feature", "properties": {"id": "osm-n13062679895", "fam": "alpr", "prog": "flock-lrpd", "lbl": "Flock Safety", "src": "osm", "public": 0, "op": "Little Rock Police Department", "make": "Flock Safety", "url": "https://www.openstreetmap.org/node/13062679895", "dir": 90.0, "zone": "traffic"}, "geometry": {"type": "Point", "coordinates": [-92.388754, 34.767278]}}, {"type": "Feature", "properties": {"id": "osm-n13071550653", "fam": "alpr", "prog": "other-alpr", "lbl": "north Little Rock Police", "src": "osm", "public": 0, "op": "north Little Rock Police", "make": "", "url": "https://www.openstreetmap.org/node/13071550653", "dir": 225.0, "zone": "traffic"}, "geometry": {"type": "Point", "coordinates": [-92.23346, 34.819896]}}, {"type": "Feature", "properties": {"id": "osm-n13095044844", "fam": "alpr", "prog": "flock-lrpd", "lbl": "Flock Safety", "src": "osm", "public": 0, "op": "Little Rock Police Department", "make": "Flock Safety", "url": "https://www.openstreetmap.org/node/13095044844", "dir": 45.0, "zone": "traffic"}, "geometry": {"type": "Point", "coordinates": [-92.385629, 34.662548]}}, {"type": "Feature", "properties": {"id": "osm-n13095044845", "fam": "alpr", "prog": "flock-lrpd", "lbl": "Flock Safety", "src": "osm", "public": 0, "op": "Little Rock Police Department", "make": "Flock Safety", "url": "https://www.openstreetmap.org/node/13095044845", "dir": 225.0, "zone": "traffic"}, "geometry": {"type": "Point", "coordinates": [-92.385353, 34.662794]}}, {"type": "Feature", "properties": {"id": "osm-n13095044846", "fam": "alpr", "prog": "flock-lrpd", "lbl": "Flock Safety", "src": "osm", "public": 0, "op": "Little Rock Police Department", "make": "Flock Safety", "url": "https://www.openstreetmap.org/node/13095044846", "dir": 180.0, "zone": "traffic"}, "geometry": {"type": "Point", "coordinates": [-92.385907, 34.664569]}}, {"type": "Feature", "properties": {"id": "osm-n13095044847", "fam": "alpr", "prog": "flock-lrpd", "lbl": "Flock Safety", "src": "osm", "public": 0, "op": "Little Rock Police Department", "make": "Flock Safety", "url": "https://www.openstreetmap.org/node/13095044847", "dir": 65.0, "zone": "traffic"}, "geometry": {"type": "Point", "coordinates": [-92.38614, 34.658449]}}, {"type": "Feature", "properties": {"id": "osm-n13098341618", "fam": "alpr", "prog": "flock-lrpd", "lbl": "Flock Safety", "src": "osm", "public": 0, "op": "Little Rock Police Department", "make": "Flock Safety", "url": "https://www.openstreetmap.org/node/13098341618", "dir": 185.0, "zone": "traffic"}, "geometry": {"type": "Point", "coordinates": [-92.362286, 34.669021]}}, {"type": "Feature", "properties": {"id": "osm-n13098341619", "fam": "alpr", "prog": "flock-lrpd", "lbl": "Flock Safety", "src": "osm", "public": 0, "op": "Little Rock Police Department", "make": "Flock Safety", "url": "https://www.openstreetmap.org/node/13098341619", "dir": 70.0, "zone": "traffic"}, "geometry": {"type": "Point", "coordinates": [-92.404209, 34.65561]}}, {"type": "Feature", "properties": {"id": "osm-n13173419502", "fam": "alpr", "prog": "flock-unattributed", "lbl": "Flock Safety", "src": "osm", "public": 0, "op": "", "make": "Flock Safety", "url": "https://www.openstreetmap.org/node/13173419502", "dir": 145.0, "zone": "traffic"}, "geometry": {"type": "Point", "coordinates": [-92.514752, 34.649911]}}, {"type": "Feature", "properties": {"id": "osm-n13186748910", "fam": "alpr", "prog": "flock-unattributed", "lbl": "Flock Safety", "src": "osm", "public": 0, "op": "", "make": "Flock Safety", "url": "https://www.openstreetmap.org/node/13186748910", "dir": 235.0, "zone": "traffic"}, "geometry": {"type": "Point", "coordinates": [-92.509899, 34.595663]}}, {"type": "Feature", "properties": {"id": "osm-n13186752237", "fam": "alpr", "prog": "flock-unattributed", "lbl": "Flock Safety", "src": "osm", "public": 0, "op": "", "make": "Flock Safety", "url": "https://www.openstreetmap.org/node/13186752237", "dir": 345.0, "zone": "traffic"}, "geometry": {"type": "Point", "coordinates": [-92.515955, 34.615944]}}, {"type": "Feature", "properties": {"id": "osm-n13194386197", "fam": "alpr", "prog": "flock-unattributed", "lbl": "Flock Safety", "src": "osm", "public": 0, "op": "", "make": "Flock Safety", "url": "https://www.openstreetmap.org/node/13194386197", "dir": 35.0, "zone": "traffic"}, "geometry": {"type": "Point", "coordinates": [-92.515926, 34.615654]}}, {"type": "Feature", "properties": {"id": "osm-n13194616934", "fam": "alpr", "prog": "flock-unattributed", "lbl": "Flock Safety", "src": "osm", "public": 0, "op": "", "make": "Flock Safety", "url": "https://www.openstreetmap.org/node/13194616934", "dir": 140.0, "zone": "traffic"}, "geometry": {"type": "Point", "coordinates": [-92.499595, 34.624396]}}, {"type": "Feature", "properties": {"id": "osm-n13195837294", "fam": "alpr", "prog": "flock-unattributed", "lbl": "Flock Safety", "src": "osm", "public": 0, "op": "", "make": "Flock Safety", "url": "https://www.openstreetmap.org/node/13195837294", "dir": 355.0, "zone": "traffic"}, "geometry": {"type": "Point", "coordinates": [-92.494634, 34.581325]}}, {"type": "Feature", "properties": {"id": "osm-n13232732293", "fam": "alpr", "prog": "flock-unattributed", "lbl": "Flock Safety", "src": "osm", "public": 0, "op": "", "make": "Flock Safety", "url": "https://www.openstreetmap.org/node/13232732293", "dir": 240.0, "zone": "traffic"}, "geometry": {"type": "Point", "coordinates": [-92.465066, 34.612884]}}, {"type": "Feature", "properties": {"id": "osm-n13232732294", "fam": "alpr", "prog": "flock-unattributed", "lbl": "Flock Safety", "src": "osm", "public": 0, "op": "", "make": "Flock Safety", "url": "https://www.openstreetmap.org/node/13232732294", "dir": 120.0, "zone": "traffic"}, "geometry": {"type": "Point", "coordinates": [-92.465059, 34.612883]}}, {"type": "Feature", "properties": {"id": "osm-n13232733119", "fam": "alpr", "prog": "flock-unattributed", "lbl": "Flock Safety", "src": "osm", "public": 0, "op": "", "make": "Flock Safety", "url": "https://www.openstreetmap.org/node/13232733119", "dir": 240.0, "zone": "traffic"}, "geometry": {"type": "Point", "coordinates": [-92.446155, 34.611845]}}, {"type": "Feature", "properties": {"id": "osm-n13232733120", "fam": "alpr", "prog": "flock-unattributed", "lbl": "Flock Safety", "src": "osm", "public": 0, "op": "", "make": "Flock Safety", "url": "https://www.openstreetmap.org/node/13232733120", "dir": 235.0, "zone": "traffic"}, "geometry": {"type": "Point", "coordinates": [-92.445702, 34.611814]}}, {"type": "Feature", "properties": {"id": "osm-n13232733121", "fam": "alpr", "prog": "flock-unattributed", "lbl": "Flock Safety", "src": "osm", "public": 0, "op": "", "make": "Flock Safety", "url": "https://www.openstreetmap.org/node/13232733121", "dir": 160.0, "zone": "traffic"}, "geometry": {"type": "Point", "coordinates": [-92.446115, 34.611701]}}, {"type": "Feature", "properties": {"id": "osm-n13232733122", "fam": "alpr", "prog": "flock-unattributed", "lbl": "Flock Safety", "src": "osm", "public": 0, "op": "", "make": "Flock Safety", "url": "https://www.openstreetmap.org/node/13232733122", "dir": 40.0, "zone": "traffic"}, "geometry": {"type": "Point", "coordinates": [-92.446127, 34.611873]}}, {"type": "Feature", "properties": {"id": "osm-n13232734030", "fam": "alpr", "prog": "flock-unattributed", "lbl": "Flock Safety", "src": "osm", "public": 0, "op": "", "make": "Flock Safety", "url": "https://www.openstreetmap.org/node/13232734030", "dir": 40.0, "zone": "traffic"}, "geometry": {"type": "Point", "coordinates": [-92.446112, 34.61172]}}, {"type": "Feature", "properties": {"id": "osm-n13232777543", "fam": "alpr", "prog": "flock-unattributed", "lbl": "Flock Safety", "src": "osm", "public": 0, "op": "", "make": "Flock Safety", "url": "https://www.openstreetmap.org/node/13232777543", "dir": 210.0, "zone": "traffic"}, "geometry": {"type": "Point", "coordinates": [-92.446161, 34.620407]}}, {"type": "Feature", "properties": {"id": "osm-n13250760215", "fam": "alpr", "prog": "flock-unattributed", "lbl": "Flock Safety", "src": "osm", "public": 0, "op": "", "make": "Flock Safety", "url": "https://www.openstreetmap.org/node/13250760215", "dir": 170.0, "zone": "traffic"}, "geometry": {"type": "Point", "coordinates": [-92.444838, 34.637405]}}, {"type": "Feature", "properties": {"id": "osm-n13254995381", "fam": "alpr", "prog": "flock-lrpd", "lbl": "Flock Safety", "src": "osm", "public": 0, "op": "Little Rock Police Department", "make": "Flock Safety", "url": "https://www.openstreetmap.org/node/13254995381", "dir": 345.0, "zone": "traffic"}, "geometry": {"type": "Point", "coordinates": [-92.363107, 34.654554]}}, {"type": "Feature", "properties": {"id": "osm-n13276881001", "fam": "camera", "prog": "other-camera", "lbl": "Flock Safety", "src": "osm", "public": 0, "op": "", "make": "Flock Safety", "url": "https://www.openstreetmap.org/node/13276881001", "zone": "traffic"}, "geometry": {"type": "Point", "coordinates": [-92.191132, 34.832635]}}, {"type": "Feature", "properties": {"id": "osm-n13287779275", "fam": "alpr", "prog": "flock-unattributed", "lbl": "Flock Safety", "src": "osm", "public": 0, "op": "", "make": "Flock Safety", "url": "https://www.openstreetmap.org/node/13287779275", "dir": 345.0}, "geometry": {"type": "Point", "coordinates": [-92.275955, 34.781424]}}, {"type": "Feature", "properties": {"id": "osm-n13287787838", "fam": "alpr", "prog": "flock-unattributed", "lbl": "Flock Safety", "src": "osm", "public": 0, "op": "", "make": "Flock Safety", "url": "https://www.openstreetmap.org/node/13287787838", "dir": 15.0}, "geometry": {"type": "Point", "coordinates": [-92.354688, 34.800787]}}, {"type": "Feature", "properties": {"id": "osm-n13287820878", "fam": "alpr", "prog": "flock-unattributed", "lbl": "Flock Safety", "src": "osm", "public": 0, "op": "", "make": "Flock Safety", "url": "https://www.openstreetmap.org/node/13287820878", "dir": 270.0}, "geometry": {"type": "Point", "coordinates": [-92.252316, 34.753877]}}, {"type": "Feature", "properties": {"id": "osm-n13311809002", "fam": "alpr", "prog": "flock-unattributed", "lbl": "Flock Safety", "src": "osm", "public": 0, "op": "", "make": "Flock Safety", "url": "https://www.openstreetmap.org/node/13311809002", "dir": 100.0, "zone": "traffic"}, "geometry": {"type": "Point", "coordinates": [-92.386435, 34.786699]}}, {"type": "Feature", "properties": {"id": "osm-n13312028401", "fam": "alpr", "prog": "flock-unattributed", "lbl": "Flock Safety", "src": "osm", "public": 0, "op": "", "make": "Flock Safety", "url": "https://www.openstreetmap.org/node/13312028401", "dir": 93.0, "zone": "traffic"}, "geometry": {"type": "Point", "coordinates": [-92.326746, 34.767791]}}, {"type": "Feature", "properties": {"id": "osm-n13312147901", "fam": "alpr", "prog": "other-alpr", "lbl": "Genetec", "src": "osm", "public": 0, "op": "", "make": "Genetec", "url": "https://www.openstreetmap.org/node/13312147901", "zone": "traffic"}, "geometry": {"type": "Point", "coordinates": [-92.262684, 34.781424]}}, {"type": "Feature", "properties": {"id": "osm-n13312147902", "fam": "alpr", "prog": "other-alpr", "lbl": "Genetec", "src": "osm", "public": 0, "op": "", "make": "Genetec", "url": "https://www.openstreetmap.org/node/13312147902", "dir": 193.0, "zone": "traffic"}, "geometry": {"type": "Point", "coordinates": [-92.255317, 34.799701]}}, {"type": "Feature", "properties": {"id": "osm-n13312153001", "fam": "alpr", "prog": "other-alpr", "lbl": "Genetec", "src": "osm", "public": 0, "op": "", "make": "Genetec", "url": "https://www.openstreetmap.org/node/13312153001", "dir": 280.0, "zone": "traffic"}, "geometry": {"type": "Point", "coordinates": [-92.256586, 34.800412]}}, {"type": "Feature", "properties": {"id": "osm-n13312166901", "fam": "alpr", "prog": "other-alpr", "lbl": "Genetec", "src": "osm", "public": 0, "op": "", "make": "Genetec", "url": "https://www.openstreetmap.org/node/13312166901", "dir": 187.0, "zone": "traffic"}, "geometry": {"type": "Point", "coordinates": [-92.278992, 34.769924]}}, {"type": "Feature", "properties": {"id": "osm-n13312168802", "fam": "alpr", "prog": "other-alpr", "lbl": "Genetec", "src": "osm", "public": 0, "op": "", "make": "Genetec", "url": "https://www.openstreetmap.org/node/13312168802", "dir": 0.0, "zone": "traffic"}, "geometry": {"type": "Point", "coordinates": [-92.278424, 34.775983]}}, {"type": "Feature", "properties": {"id": "osm-n13312376601", "fam": "alpr", "prog": "flock-unattributed", "lbl": "Flock Safety", "src": "osm", "public": 0, "op": "", "make": "Flock Safety", "url": "https://www.openstreetmap.org/node/13312376601", "dir": 275.0, "zone": "traffic"}, "geometry": {"type": "Point", "coordinates": [-92.22918, 34.872724]}}, {"type": "Feature", "properties": {"id": "osm-n13312392901", "fam": "alpr", "prog": "other-alpr", "lbl": "Genetec", "src": "osm", "public": 0, "op": "", "make": "Genetec", "url": "https://www.openstreetmap.org/node/13312392901", "dir": 280.0, "zone": "traffic"}, "geometry": {"type": "Point", "coordinates": [-92.300344, 34.80126]}}, {"type": "Feature", "properties": {"id": "osm-n13312431301", "fam": "alpr", "prog": "other-alpr", "lbl": "Genetec", "src": "osm", "public": 0, "op": "", "make": "Genetec", "url": "https://www.openstreetmap.org/node/13312431301", "dir": 326.0, "zone": "traffic"}, "geometry": {"type": "Point", "coordinates": [-92.298612, 34.803582]}}, {"type": "Feature", "properties": {"id": "osm-n13312487901", "fam": "alpr", "prog": "flock-unattributed", "lbl": "Flock Safety", "src": "osm", "public": 0, "op": "", "make": "Flock Safety", "url": "https://www.openstreetmap.org/node/13312487901", "dir": 306.0, "zone": "traffic"}, "geometry": {"type": "Point", "coordinates": [-92.313608, 34.765523]}}, {"type": "Feature", "properties": {"id": "osm-n13312669601", "fam": "alpr", "prog": "other-alpr", "lbl": "Genetec", "src": "osm", "public": 0, "op": "", "make": "Genetec", "url": "https://www.openstreetmap.org/node/13312669601", "dir": 182.0, "zone": "traffic"}, "geometry": {"type": "Point", "coordinates": [-92.267167, 34.771247]}}, {"type": "Feature", "properties": {"id": "osm-n13312728701", "fam": "alpr", "prog": "other-alpr", "lbl": "Genetec", "src": "osm", "public": 0, "op": "", "make": "Genetec", "url": "https://www.openstreetmap.org/node/13312728701", "dir": 0.0, "zone": "traffic"}, "geometry": {"type": "Point", "coordinates": [-92.267007, 34.771354]}}, {"type": "Feature", "properties": {"id": "osm-n13314200502", "fam": "alpr", "prog": "flock-unattributed", "lbl": "Flock Safety", "src": "osm", "public": 0, "op": "", "make": "Flock Safety", "url": "https://www.openstreetmap.org/node/13314200502", "dir": 43.0, "zone": "traffic"}, "geometry": {"type": "Point", "coordinates": [-92.465799, 34.557803]}}, {"type": "Feature", "properties": {"id": "osm-n13314641104", "fam": "alpr", "prog": "other-alpr", "lbl": "Genetec", "src": "osm", "public": 0, "op": "", "make": "Genetec", "url": "https://www.openstreetmap.org/node/13314641104", "dir": 202.0, "zone": "traffic"}, "geometry": {"type": "Point", "coordinates": [-92.303404, 34.79611]}}, {"type": "Feature", "properties": {"id": "osm-n13320074801", "fam": "alpr", "prog": "flock-unattributed", "lbl": "Flock Safety", "src": "osm", "public": 0, "op": "", "make": "Flock Safety", "url": "https://www.openstreetmap.org/node/13320074801", "dir": 64.0, "zone": "traffic"}, "geometry": {"type": "Point", "coordinates": [-92.463005, 35.077522]}}, {"type": "Feature", "properties": {"id": "osm-n13320075201", "fam": "alpr", "prog": "flock-unattributed", "lbl": "Flock Safety", "src": "osm", "public": 0, "op": "", "make": "Flock Safety", "url": "https://www.openstreetmap.org/node/13320075201", "dir": 126.0, "zone": "traffic"}, "geometry": {"type": "Point", "coordinates": [-92.462759, 35.079336]}}, {"type": "Feature", "properties": {"id": "osm-n13320076601", "fam": "alpr", "prog": "flock-unattributed", "lbl": "Flock Safety", "src": "osm", "public": 0, "op": "", "make": "Flock Safety", "url": "https://www.openstreetmap.org/node/13320076601", "dir": 233.0, "zone": "traffic"}, "geometry": {"type": "Point", "coordinates": [-92.454295, 35.078339]}}, {"type": "Feature", "properties": {"id": "osm-n13320244401", "fam": "alpr", "prog": "flock-unattributed", "lbl": "Flock Safety", "src": "osm", "public": 0, "op": "", "make": "Flock Safety", "url": "https://www.openstreetmap.org/node/13320244401", "zone": "traffic"}, "geometry": {"type": "Point", "coordinates": [-92.356163, 34.788188]}}, {"type": "Feature", "properties": {"id": "osm-n13320245101", "fam": "alpr", "prog": "flock-unattributed", "lbl": "Flock Safety", "src": "osm", "public": 0, "op": "", "make": "Flock Safety", "url": "https://www.openstreetmap.org/node/13320245101", "dir": 294.0, "zone": "traffic"}, "geometry": {"type": "Point", "coordinates": [-92.343096, 34.785721]}}, {"type": "Feature", "properties": {"id": "osm-n13328944601", "fam": "alpr", "prog": "flock-unattributed", "lbl": "Flock Safety", "src": "osm", "public": 0, "op": "", "make": "Flock Safety", "url": "https://www.openstreetmap.org/node/13328944601", "dir": 16.0, "zone": "traffic"}, "geometry": {"type": "Point", "coordinates": [-92.231397, 34.821803]}}, {"type": "Feature", "properties": {"id": "osm-n13339109801", "fam": "alpr", "prog": "flock-unattributed", "lbl": "Flock Safety", "src": "osm", "public": 0, "op": "", "make": "Flock Safety", "url": "https://www.openstreetmap.org/node/13339109801", "zone": "traffic"}, "geometry": {"type": "Point", "coordinates": [-92.008658, 34.939025]}}, {"type": "Feature", "properties": {"id": "osm-n13339121001", "fam": "alpr", "prog": "flock-unattributed", "lbl": "Flock Safety", "src": "osm", "public": 0, "op": "", "make": "Flock Safety", "url": "https://www.openstreetmap.org/node/13339121001", "zone": "traffic"}, "geometry": {"type": "Point", "coordinates": [-92.38333, 34.765354]}}, {"type": "Feature", "properties": {"id": "osm-n13339129401", "fam": "alpr", "prog": "flock-unattributed", "lbl": "Flock Safety", "src": "osm", "public": 0, "op": "", "make": "Flock Safety", "url": "https://www.openstreetmap.org/node/13339129401", "zone": "traffic"}, "geometry": {"type": "Point", "coordinates": [-92.060341, 34.944199]}}, {"type": "Feature", "properties": {"id": "osm-n13339151440", "fam": "alpr", "prog": "flock-lrpd", "lbl": "Flock Safety", "src": "osm", "public": 0, "op": "Little Rock Police Department", "make": "Flock Safety", "url": "https://www.openstreetmap.org/node/13339151440", "dir": 60.0, "zone": "traffic"}, "geometry": {"type": "Point", "coordinates": [-92.384292, 34.651709]}}, {"type": "Feature", "properties": {"id": "osm-n13348237501", "fam": "alpr", "prog": "flock-unattributed", "lbl": "Flock Safety", "src": "osm", "public": 0, "op": "", "make": "Flock Safety", "url": "https://www.openstreetmap.org/node/13348237501", "zone": "traffic"}, "geometry": {"type": "Point", "coordinates": [-92.45507, 35.06767]}}, {"type": "Feature", "properties": {"id": "osm-n13348639601", "fam": "alpr", "prog": "flock-unattributed", "lbl": "Flock Safety", "src": "osm", "public": 0, "op": "", "make": "Flock Safety", "url": "https://www.openstreetmap.org/node/13348639601", "dir": 347.0, "zone": "traffic"}, "geometry": {"type": "Point", "coordinates": [-92.463183, 35.070564]}}, {"type": "Feature", "properties": {"id": "osm-n13349855201", "fam": "alpr", "prog": "flock-unattributed", "lbl": "Flock Safety", "src": "osm", "public": 0, "op": "", "make": "Flock Safety", "url": "https://www.openstreetmap.org/node/13349855201", "dir": 169.0, "zone": "traffic"}, "geometry": {"type": "Point", "coordinates": [-92.444437, 34.645809]}}, {"type": "Feature", "properties": {"id": "osm-n13350368101", "fam": "alpr", "prog": "flock-unattributed", "lbl": "Flock Safety", "src": "osm", "public": 0, "op": "", "make": "Flock Safety", "url": "https://www.openstreetmap.org/node/13350368101", "zone": "traffic"}, "geometry": {"type": "Point", "coordinates": [-92.445044, 34.605334]}}, {"type": "Feature", "properties": {"id": "osm-n13352186801", "fam": "alpr", "prog": "flock-unattributed", "lbl": "Flock Safety", "src": "osm", "public": 0, "op": "", "make": "Flock Safety", "url": "https://www.openstreetmap.org/node/13352186801", "zone": "traffic"}, "geometry": {"type": "Point", "coordinates": [-92.484132, 34.810725]}}, {"type": "Feature", "properties": {"id": "osm-n13354882401", "fam": "alpr", "prog": "flock-unattributed", "lbl": "Flock Safety", "src": "osm", "public": 0, "op": "", "make": "Flock Safety", "url": "https://www.openstreetmap.org/node/13354882401", "zone": "traffic"}, "geometry": {"type": "Point", "coordinates": [-92.758652, 34.7717]}}, {"type": "Feature", "properties": {"id": "osm-n13355669601", "fam": "gunshot", "prog": "shotspotter", "lbl": "Flock Safety", "src": "osm", "public": 0, "op": "", "make": "Flock Safety", "url": "https://www.openstreetmap.org/node/13355669601"}, "geometry": {"type": "Point", "coordinates": [-92.472094, 34.809662]}}, {"type": "Feature", "properties": {"id": "osm-n13355672401", "fam": "gunshot", "prog": "shotspotter", "lbl": "Flock Safety", "src": "osm", "public": 0, "op": "", "make": "Flock Safety", "url": "https://www.openstreetmap.org/node/13355672401"}, "geometry": {"type": "Point", "coordinates": [-92.46842, 34.809198]}}, {"type": "Feature", "properties": {"id": "osm-n13356242602", "fam": "alpr", "prog": "flock-unattributed", "lbl": "Flock Safety", "src": "osm", "public": 0, "op": "", "make": "Flock Safety", "url": "https://www.openstreetmap.org/node/13356242602", "dir": 178.0, "zone": "traffic"}, "geometry": {"type": "Point", "coordinates": [-92.258538, 34.73896]}}, {"type": "Feature", "properties": {"id": "osm-n13369607801", "fam": "alpr", "prog": "flock-unattributed", "lbl": "Flock Safety", "src": "osm", "public": 0, "op": "", "make": "Flock Safety", "url": "https://www.openstreetmap.org/node/13369607801", "dir": 49.0, "zone": "traffic"}, "geometry": {"type": "Point", "coordinates": [-92.516019, 34.615673]}}, {"type": "Feature", "properties": {"id": "osm-n13369608201", "fam": "alpr", "prog": "flock-unattributed", "lbl": "Flock Safety", "src": "osm", "public": 0, "op": "", "make": "Flock Safety", "url": "https://www.openstreetmap.org/node/13369608201", "dir": 332.0, "zone": "traffic"}, "geometry": {"type": "Point", "coordinates": [-92.515966, 34.615864]}}, {"type": "Feature", "properties": {"id": "osm-n13370013249", "fam": "alpr", "prog": "other-alpr", "lbl": "Motorola Solutions", "src": "osm", "public": 0, "op": "", "make": "Motorola Solutions", "url": "https://www.openstreetmap.org/node/13370013249", "zone": "traffic"}, "geometry": {"type": "Point", "coordinates": [-92.110364, 34.885368]}}, {"type": "Feature", "properties": {"id": "osm-n13370170401", "fam": "alpr", "prog": "flock-unattributed", "lbl": "Flock Safety", "src": "osm", "public": 0, "op": "", "make": "Flock Safety", "url": "https://www.openstreetmap.org/node/13370170401", "dir": 197.0, "zone": "traffic"}, "geometry": {"type": "Point", "coordinates": [-92.364902, 34.611478]}}, {"type": "Feature", "properties": {"id": "osm-n13379249801", "fam": "alpr", "prog": "flock-unattributed", "lbl": "Flock Safety", "src": "osm", "public": 0, "op": "", "make": "Flock Safety", "url": "https://www.openstreetmap.org/node/13379249801", "dir": 226.0, "zone": "traffic"}, "geometry": {"type": "Point", "coordinates": [-92.098613, 34.90736]}}, {"type": "Feature", "properties": {"id": "osm-n13383652001", "fam": "alpr", "prog": "flock-unattributed", "lbl": "Flock Safety", "src": "osm", "public": 0, "op": "", "make": "Flock Safety", "url": "https://www.openstreetmap.org/node/13383652001", "dir": 226.0, "zone": "traffic"}, "geometry": {"type": "Point", "coordinates": [-92.446049, 34.620406]}}, {"type": "Feature", "properties": {"id": "osm-n13389868001", "fam": "alpr", "prog": "flock-unattributed", "lbl": "Flock Safety", "src": "osm", "public": 0, "op": "", "make": "Flock Safety", "url": "https://www.openstreetmap.org/node/13389868001", "dir": 14.0, "zone": "traffic"}, "geometry": {"type": "Point", "coordinates": [-92.334516, 34.705798]}}, {"type": "Feature", "properties": {"id": "osm-n13406898701", "fam": "alpr", "prog": "flock-unattributed", "lbl": "Flock Safety", "src": "osm", "public": 0, "op": "", "make": "Flock Safety", "url": "https://www.openstreetmap.org/node/13406898701", "dir": 125.0, "zone": "traffic"}, "geometry": {"type": "Point", "coordinates": [-92.037541, 34.979214]}}, {"type": "Feature", "properties": {"id": "osm-n13408089201", "fam": "alpr", "prog": "flock-unattributed", "lbl": "Flock Safety", "src": "osm", "public": 0, "op": "", "make": "Flock Safety", "url": "https://www.openstreetmap.org/node/13408089201", "zone": "traffic"}, "geometry": {"type": "Point", "coordinates": [-92.05434, 34.958437]}}, {"type": "Feature", "properties": {"id": "osm-n13414200301", "fam": "alpr", "prog": "other-alpr", "lbl": "Genetec", "src": "osm", "public": 0, "op": "", "make": "Genetec", "url": "https://www.openstreetmap.org/node/13414200301", "dir": 191.0, "zone": "traffic"}, "geometry": {"type": "Point", "coordinates": [-92.26987, 34.797508]}}, {"type": "Feature", "properties": {"id": "osm-n13414774301", "fam": "alpr", "prog": "other-alpr", "lbl": "Leonardo", "src": "osm", "public": 0, "op": "", "make": "Leonardo", "url": "https://www.openstreetmap.org/node/13414774301", "dir": 232.0, "zone": "traffic"}, "geometry": {"type": "Point", "coordinates": [-92.136853, 34.854994]}}, {"type": "Feature", "properties": {"id": "osm-n13420747402", "fam": "alpr", "prog": "flock-unattributed", "lbl": "Flock Safety", "src": "osm", "public": 0, "op": "", "make": "Flock Safety", "url": "https://www.openstreetmap.org/node/13420747402", "dir": 254.0, "zone": "traffic"}, "geometry": {"type": "Point", "coordinates": [-92.207855, 34.789053]}}, {"type": "Feature", "properties": {"id": "osm-n13422040002", "fam": "alpr", "prog": "flock-unattributed", "lbl": "Flock Safety", "src": "osm", "public": 0, "op": "", "make": "Flock Safety", "url": "https://www.openstreetmap.org/node/13422040002", "dir": 112.0, "zone": "traffic"}, "geometry": {"type": "Point", "coordinates": [-92.02976, 34.978466]}}, {"type": "Feature", "properties": {"id": "osm-n13434717801", "fam": "alpr", "prog": "flock-unattributed", "lbl": "Flock Safety", "src": "osm", "public": 0, "op": "", "make": "Flock Safety", "url": "https://www.openstreetmap.org/node/13434717801", "dir": 156.0, "zone": "traffic"}, "geometry": {"type": "Point", "coordinates": [-92.577677, 34.713484]}}, {"type": "Feature", "properties": {"id": "osm-n13435248401", "fam": "alpr", "prog": "flock-unattributed", "lbl": "Flock Safety", "src": "osm", "public": 0, "op": "", "make": "Flock Safety", "url": "https://www.openstreetmap.org/node/13435248401", "dir": 168.0, "zone": "traffic"}, "geometry": {"type": "Point", "coordinates": [-92.41142, 34.768675]}}, {"type": "Feature", "properties": {"id": "osm-n13444635601", "fam": "alpr", "prog": "flock-unattributed", "lbl": "Flock Safety", "src": "osm", "public": 0, "op": "", "make": "Flock Safety", "url": "https://www.openstreetmap.org/node/13444635601", "dir": 35.0, "zone": "traffic"}, "geometry": {"type": "Point", "coordinates": [-92.060559, 34.947808]}}, {"type": "Feature", "properties": {"id": "osm-n13460823202", "fam": "alpr", "prog": "flock-unattributed", "lbl": "Flock Safety", "src": "osm", "public": 0, "op": "", "make": "Flock Safety", "url": "https://www.openstreetmap.org/node/13460823202", "zone": "traffic"}, "geometry": {"type": "Point", "coordinates": [-92.464488, 34.612953]}}, {"type": "Feature", "properties": {"id": "osm-n13461007401", "fam": "alpr", "prog": "flock-unattributed", "lbl": "Flock Safety", "src": "osm", "public": 0, "op": "", "make": "Flock Safety", "url": "https://www.openstreetmap.org/node/13461007401", "dir": 47.0, "zone": "traffic"}, "geometry": {"type": "Point", "coordinates": [-92.465571, 34.557833]}}, {"type": "Feature", "properties": {"id": "osm-n13471183802", "fam": "gunshot", "prog": "shotspotter", "lbl": "Flock Safety", "src": "osm", "public": 0, "op": "", "make": "Flock Safety", "url": "https://www.openstreetmap.org/node/13471183802"}, "geometry": {"type": "Point", "coordinates": [-92.402864, 34.772537]}}, {"type": "Feature", "properties": {"id": "osm-n13503182501", "fam": "alpr", "prog": "flock-unattributed", "lbl": "Flock Safety", "src": "osm", "public": 0, "op": "", "make": "Flock Safety", "url": "https://www.openstreetmap.org/node/13503182501", "dir": 0.0, "zone": "traffic"}, "geometry": {"type": "Point", "coordinates": [-91.954677, 35.005657]}}, {"type": "Feature", "properties": {"id": "osm-n13505480103", "fam": "alpr", "prog": "flock-unattributed", "lbl": "Flock Safety", "src": "osm", "public": 0, "op": "", "make": "Flock Safety", "url": "https://www.openstreetmap.org/node/13505480103", "dir": 349.0, "zone": "traffic"}, "geometry": {"type": "Point", "coordinates": [-92.168378, 34.918689]}}, {"type": "Feature", "properties": {"id": "osm-n13512513001", "fam": "alpr", "prog": "flock-other", "lbl": "Flock Safety", "src": "osm", "public": 0, "op": "The Home Depot", "make": "Flock Safety", "url": "https://www.openstreetmap.org/node/13512513001", "dir": 237.0, "zone": "traffic"}, "geometry": {"type": "Point", "coordinates": [-92.032872, 34.977452]}}, {"type": "Feature", "properties": {"id": "osm-n13566378892", "fam": "alpr", "prog": "flock-unattributed", "lbl": "Flock Safety", "src": "osm", "public": 0, "op": "", "make": "Flock Safety", "url": "https://www.openstreetmap.org/node/13566378892", "dir": 255.0, "zone": "street"}, "geometry": {"type": "Point", "coordinates": [-92.243286, 34.840776]}}, {"type": "Feature", "properties": {"id": "osm-n13577926401", "fam": "alpr", "prog": "flock-unattributed", "lbl": "Flock Safety", "src": "osm", "public": 0, "op": "", "make": "Flock Safety", "url": "https://www.openstreetmap.org/node/13577926401", "dir": 157.0, "zone": "traffic"}, "geometry": {"type": "Point", "coordinates": [-92.411773, 35.085954]}}, {"type": "Feature", "properties": {"id": "osm-n13602149201", "fam": "alpr", "prog": "flock-unattributed", "lbl": "Flock Safety", "src": "osm", "public": 0, "op": "", "make": "Flock Safety", "url": "https://www.openstreetmap.org/node/13602149201", "dir": 335.0, "zone": "traffic"}, "geometry": {"type": "Point", "coordinates": [-92.769025, 34.614224]}}, {"type": "Feature", "properties": {"id": "osm-n13602820202", "fam": "alpr", "prog": "flock-unattributed", "lbl": "Flock Safety", "src": "osm", "public": 0, "op": "", "make": "Flock Safety", "url": "https://www.openstreetmap.org/node/13602820202", "dir": 72.0, "zone": "traffic"}, "geometry": {"type": "Point", "coordinates": [-92.173934, 34.878756]}}, {"type": "Feature", "properties": {"id": "osm-n13603193901", "fam": "alpr", "prog": "flock-unattributed", "lbl": "Flock Safety", "src": "osm", "public": 0, "op": "", "make": "Flock Safety", "url": "https://www.openstreetmap.org/node/13603193901", "dir": 159.0, "zone": "traffic"}, "geometry": {"type": "Point", "coordinates": [-92.459392, 35.069264]}}, {"type": "Feature", "properties": {"id": "osm-n13603238601", "fam": "alpr", "prog": "flock-unattributed", "lbl": "Flock Safety", "src": "osm", "public": 0, "op": "", "make": "Flock Safety", "url": "https://www.openstreetmap.org/node/13603238601", "dir": 116.0, "zone": "traffic"}, "geometry": {"type": "Point", "coordinates": [-92.412489, 35.084284]}}, {"type": "Feature", "properties": {"id": "osm-n13603239401", "fam": "alpr", "prog": "flock-unattributed", "lbl": "Flock Safety", "src": "osm", "public": 0, "op": "", "make": "Flock Safety", "url": "https://www.openstreetmap.org/node/13603239401", "dir": 0.0, "zone": "traffic"}, "geometry": {"type": "Point", "coordinates": [-92.412489, 35.084283]}}, {"type": "Feature", "properties": {"id": "osm-n13612410203", "fam": "alpr", "prog": "flock-unattributed", "lbl": "Flock Safety", "src": "osm", "public": 0, "op": "", "make": "Flock Safety", "url": "https://www.openstreetmap.org/node/13612410203", "zone": "traffic"}, "geometry": {"type": "Point", "coordinates": [-92.182708, 34.880404]}}, {"type": "Feature", "properties": {"id": "osm-n13612990401", "fam": "alpr", "prog": "flock-unattributed", "lbl": "Flock Safety", "src": "osm", "public": 0, "op": "", "make": "Flock Safety", "url": "https://www.openstreetmap.org/node/13612990401", "dir": 28.0, "zone": "traffic"}, "geometry": {"type": "Point", "coordinates": [-91.954994, 35.026154]}}, {"type": "Feature", "properties": {"id": "osm-n13612992601", "fam": "alpr", "prog": "flock-unattributed", "lbl": "Flock Safety", "src": "osm", "public": 0, "op": "", "make": "Flock Safety", "url": "https://www.openstreetmap.org/node/13612992601", "dir": 116.0, "zone": "traffic"}, "geometry": {"type": "Point", "coordinates": [-91.955029, 35.02619]}}, {"type": "Feature", "properties": {"id": "osm-n13612999101", "fam": "alpr", "prog": "flock-unattributed", "lbl": "Flock Safety", "src": "osm", "public": 0, "op": "", "make": "Flock Safety", "url": "https://www.openstreetmap.org/node/13612999101", "dir": 299.0, "zone": "traffic"}, "geometry": {"type": "Point", "coordinates": [-91.954949, 35.026155]}}, {"type": "Feature", "properties": {"id": "osm-n13612999601", "fam": "alpr", "prog": "flock-unattributed", "lbl": "Flock Safety", "src": "osm", "public": 0, "op": "", "make": "Flock Safety", "url": "https://www.openstreetmap.org/node/13612999601", "dir": 214.0, "zone": "traffic"}, "geometry": {"type": "Point", "coordinates": [-91.954954, 35.026228]}}, {"type": "Feature", "properties": {"id": "osm-n13623537501", "fam": "alpr", "prog": "flock-unattributed", "lbl": "Flock Safety", "src": "osm", "public": 0, "op": "", "make": "Flock Safety", "url": "https://www.openstreetmap.org/node/13623537501", "dir": 310.0, "zone": "traffic"}, "geometry": {"type": "Point", "coordinates": [-92.857683, 34.625191]}}, {"type": "Feature", "properties": {"id": "osm-n13623975102", "fam": "alpr", "prog": "flock-unattributed", "lbl": "Flock Safety", "src": "osm", "public": 0, "op": "", "make": "Flock Safety", "url": "https://www.openstreetmap.org/node/13623975102", "dir": 305.0, "zone": "traffic"}, "geometry": {"type": "Point", "coordinates": [-92.412874, 34.75427]}}, {"type": "Feature", "properties": {"id": "osm-n13623978201", "fam": "alpr", "prog": "flock-unattributed", "lbl": "Flock Safety", "src": "osm", "public": 0, "op": "", "make": "Flock Safety", "url": "https://www.openstreetmap.org/node/13623978201", "zone": "traffic"}, "geometry": {"type": "Point", "coordinates": [-92.413879, 34.754735]}}, {"type": "Feature", "properties": {"id": "osm-n13624152002", "fam": "alpr", "prog": "flock-unattributed", "lbl": "Flock Safety", "src": "osm", "public": 0, "op": "", "make": "Flock Safety", "url": "https://www.openstreetmap.org/node/13624152002", "dir": 245.0, "zone": "traffic"}, "geometry": {"type": "Point", "coordinates": [-92.033093, 34.9757]}}, {"type": "Feature", "properties": {"id": "osm-n13631024601", "fam": "alpr", "prog": "flock-other", "lbl": "Flock Safety", "src": "osm", "public": 0, "op": "The Home Depot", "make": "Flock Safety", "url": "https://www.openstreetmap.org/node/13631024601", "zone": "traffic"}, "geometry": {"type": "Point", "coordinates": [-92.584167, 34.578785]}}, {"type": "Feature", "properties": {"id": "osm-n13631029201", "fam": "alpr", "prog": "flock-other", "lbl": "Flock Safety", "src": "osm", "public": 0, "op": "The Home Depot", "make": "Flock Safety", "url": "https://www.openstreetmap.org/node/13631029201", "zone": "traffic"}, "geometry": {"type": "Point", "coordinates": [-92.584459, 34.577905]}}, {"type": "Feature", "properties": {"id": "osm-n13631032001", "fam": "alpr", "prog": "flock-other", "lbl": "Flock Safety", "src": "osm", "public": 0, "op": "The Home Depot", "make": "Flock Safety", "url": "https://www.openstreetmap.org/node/13631032001", "zone": "traffic"}, "geometry": {"type": "Point", "coordinates": [-92.584598, 34.577806]}}, {"type": "Feature", "properties": {"id": "osm-n13662130184", "fam": "alpr", "prog": "flock-unattributed", "lbl": "Flock Safety", "src": "osm", "public": 0, "op": "", "make": "Flock Safety", "url": "https://www.openstreetmap.org/node/13662130184", "dir": 345.0, "zone": "traffic"}, "geometry": {"type": "Point", "coordinates": [-92.498219, 34.617108]}}, {"type": "Feature", "properties": {"id": "osm-n13675162080", "fam": "alpr", "prog": "flock-unattributed", "lbl": "Flock Safety", "src": "osm", "public": 0, "op": "", "make": "Flock Safety", "url": "https://www.openstreetmap.org/node/13675162080", "dir": 20.0, "zone": "traffic"}, "geometry": {"type": "Point", "coordinates": [-92.493632, 34.808614]}}, {"type": "Feature", "properties": {"id": "osm-n13676322501", "fam": "gunshot", "prog": "shotspotter", "lbl": "Camera", "src": "osm", "public": 0, "op": "", "make": "", "url": "https://www.openstreetmap.org/node/13676322501"}, "geometry": {"type": "Point", "coordinates": [-92.340368, 34.752216]}}, {"type": "Feature", "properties": {"id": "osm-n13683965101", "fam": "alpr", "prog": "flock-unattributed", "lbl": "Flock Safety", "src": "osm", "public": 0, "op": "", "make": "Flock Safety", "url": "https://www.openstreetmap.org/node/13683965101", "dir": 28.0, "zone": "traffic"}, "geometry": {"type": "Point", "coordinates": [-91.977292, 35.003472]}}, {"type": "Feature", "properties": {"id": "osm-n13699161901", "fam": "alpr", "prog": "flock-unattributed", "lbl": "Flock Safety", "src": "osm", "public": 0, "op": "", "make": "Flock Safety", "url": "https://www.openstreetmap.org/node/13699161901", "dir": 174.0, "zone": "traffic"}, "geometry": {"type": "Point", "coordinates": [-92.43568, 34.956905]}}, {"type": "Feature", "properties": {"id": "osm-n13704536901", "fam": "alpr", "prog": "flock-unattributed", "lbl": "Flock Safety", "src": "osm", "public": 0, "op": "", "make": "Flock Safety", "url": "https://www.openstreetmap.org/node/13704536901", "dir": 206.0, "zone": "traffic"}, "geometry": {"type": "Point", "coordinates": [-92.000062, 34.988559]}}, {"type": "Feature", "properties": {"id": "osm-n13711284201", "fam": "alpr", "prog": "flock-unattributed", "lbl": "Flock Safety", "src": "osm", "public": 0, "op": "", "make": "Flock Safety", "url": "https://www.openstreetmap.org/node/13711284201", "dir": 207.0, "zone": "traffic"}, "geometry": {"type": "Point", "coordinates": [-92.336594, 34.556519]}}, {"type": "Feature", "properties": {"id": "osm-n13712664702", "fam": "alpr", "prog": "flock-unattributed", "lbl": "Flock Safety", "src": "osm", "public": 0, "op": "", "make": "Flock Safety", "url": "https://www.openstreetmap.org/node/13712664702", "dir": 83.0, "zone": "traffic"}, "geometry": {"type": "Point", "coordinates": [-92.498124, 34.616883]}}, {"type": "Feature", "properties": {"id": "osm-n13719167002", "fam": "alpr", "prog": "flock-other", "lbl": "Flock Safety", "src": "osm", "public": 0, "op": "Lowe's", "make": "Flock Safety", "url": "https://www.openstreetmap.org/node/13719167002", "dir": 335.0, "zone": "traffic"}, "geometry": {"type": "Point", "coordinates": [-92.496421, 34.616134]}}, {"type": "Feature", "properties": {"id": "osm-n13719167903", "fam": "alpr", "prog": "flock-other", "lbl": "Flock Safety", "src": "osm", "public": 0, "op": "Lowe's", "make": "Flock Safety", "url": "https://www.openstreetmap.org/node/13719167903", "dir": 25.0, "zone": "traffic"}, "geometry": {"type": "Point", "coordinates": [-92.495536, 34.616087]}}, {"type": "Feature", "properties": {"id": "osm-n13719180101", "fam": "alpr", "prog": "flock-other", "lbl": "Flock Safety", "src": "osm", "public": 0, "op": "Lowe's", "make": "Flock Safety", "url": "https://www.openstreetmap.org/node/13719180101", "dir": 25.0, "zone": "traffic"}, "geometry": {"type": "Point", "coordinates": [-92.495536, 34.616087]}}, {"type": "Feature", "properties": {"id": "osm-n13733449402", "fam": "alpr", "prog": "flock-unattributed", "lbl": "Flock Safety", "src": "osm", "public": 0, "op": "", "make": "Flock Safety", "url": "https://www.openstreetmap.org/node/13733449402", "dir": 0.0, "zone": "traffic"}, "geometry": {"type": "Point", "coordinates": [-92.217984, 34.789337]}}, {"type": "Feature", "properties": {"id": "osm-n13733452501", "fam": "alpr", "prog": "flock-unattributed", "lbl": "Flock Safety", "src": "osm", "public": 0, "op": "", "make": "Flock Safety", "url": "https://www.openstreetmap.org/node/13733452501", "dir": 167.0, "zone": "traffic"}, "geometry": {"type": "Point", "coordinates": [-92.218055, 34.789208]}}, {"type": "Feature", "properties": {"id": "osm-n13735163301", "fam": "alpr", "prog": "flock-other", "lbl": "Flock Safety", "src": "osm", "public": 0, "op": "The Home Depot", "make": "Flock Safety", "url": "https://www.openstreetmap.org/node/13735163301", "dir": 264.0, "zone": "traffic"}, "geometry": {"type": "Point", "coordinates": [-92.216534, 34.791267]}}, {"type": "Feature", "properties": {"id": "osm-n13736502501", "fam": "alpr", "prog": "flock-unattributed", "lbl": "Flock Safety", "src": "osm", "public": 0, "op": "", "make": "Flock Safety", "url": "https://www.openstreetmap.org/node/13736502501", "dir": 357.0, "zone": "traffic"}, "geometry": {"type": "Point", "coordinates": [-92.218657, 34.78936]}}, {"type": "Feature", "properties": {"id": "osm-n13738321501", "fam": "alpr", "prog": "flock-unattributed", "lbl": "Flock Safety", "src": "osm", "public": 0, "op": "", "make": "Flock Safety", "url": "https://www.openstreetmap.org/node/13738321501", "dir": 208.0, "zone": "traffic"}, "geometry": {"type": "Point", "coordinates": [-92.46122, 35.081031]}}, {"type": "Feature", "properties": {"id": "osm-n13775347683", "fam": "alpr", "prog": "flock-unattributed", "lbl": "Flock Safety", "src": "osm", "public": 0, "op": "", "make": "Flock Safety", "url": "https://www.openstreetmap.org/node/13775347683", "dir": 60.0, "zone": "traffic"}, "geometry": {"type": "Point", "coordinates": [-92.089344, 34.852155]}}, {"type": "Feature", "properties": {"id": "osm-n13787984454", "fam": "alpr", "prog": "flock-unattributed", "lbl": "Flock Safety", "src": "osm", "public": 0, "op": "", "make": "Flock Safety", "url": "https://www.openstreetmap.org/node/13787984454", "dir": 215.0, "zone": "traffic"}, "geometry": {"type": "Point", "coordinates": [-92.491772, 34.622585]}}, {"type": "Feature", "properties": {"id": "osm-n13814656935", "fam": "alpr", "prog": "flock-unattributed", "lbl": "Flock Safety", "src": "osm", "public": 0, "op": "", "make": "Flock Safety", "url": "https://www.openstreetmap.org/node/13814656935", "dir": 65.0, "zone": "traffic"}, "geometry": {"type": "Point", "coordinates": [-92.387002, 34.796399]}}, {"type": "Feature", "properties": {"id": "osm-n13819696801", "fam": "alpr", "prog": "flock-unattributed", "lbl": "Flock Safety", "src": "osm", "public": 0, "op": "", "make": "Flock Safety", "url": "https://www.openstreetmap.org/node/13819696801", "dir": 141.0, "zone": "traffic"}, "geometry": {"type": "Point", "coordinates": [-92.423224, 35.055218]}}, {"type": "Feature", "properties": {"id": "osm-n13819697701", "fam": "alpr", "prog": "flock-unattributed", "lbl": "Flock Safety", "src": "osm", "public": 0, "op": "", "make": "Flock Safety", "url": "https://www.openstreetmap.org/node/13819697701", "dir": 302.0, "zone": "traffic"}, "geometry": {"type": "Point", "coordinates": [-92.422792, 35.054665]}}, {"type": "Feature", "properties": {"id": "osm-n13819726301", "fam": "alpr", "prog": "flock-unattributed", "lbl": "Flock Safety", "src": "osm", "public": 0, "op": "", "make": "Flock Safety", "url": "https://www.openstreetmap.org/node/13819726301", "dir": 341.0, "zone": "traffic"}, "geometry": {"type": "Point", "coordinates": [-92.454467, 35.070211]}}, {"type": "Feature", "properties": {"id": "osm-n13819726701", "fam": "alpr", "prog": "flock-unattributed", "lbl": "Flock Safety", "src": "osm", "public": 0, "op": "", "make": "Flock Safety", "url": "https://www.openstreetmap.org/node/13819726701", "dir": 251.0, "zone": "traffic"}, "geometry": {"type": "Point", "coordinates": [-92.454587, 35.070211]}}, {"type": "Feature", "properties": {"id": "osm-n13819726702", "fam": "alpr", "prog": "flock-unattributed", "lbl": "Flock Safety", "src": "osm", "public": 0, "op": "", "make": "Flock Safety", "url": "https://www.openstreetmap.org/node/13819726702", "dir": 161.0, "zone": "traffic"}, "geometry": {"type": "Point", "coordinates": [-92.454601, 35.06999]}}, {"type": "Feature", "properties": {"id": "osm-n13819727001", "fam": "alpr", "prog": "flock-unattributed", "lbl": "Flock Safety", "src": "osm", "public": 0, "op": "", "make": "Flock Safety", "url": "https://www.openstreetmap.org/node/13819727001", "dir": 67.0, "zone": "traffic"}, "geometry": {"type": "Point", "coordinates": [-92.454473, 35.069987]}}, {"type": "Feature", "properties": {"id": "osm-n13819737601", "fam": "alpr", "prog": "flock-unattributed", "lbl": "Flock Safety", "src": "osm", "public": 0, "op": "", "make": "Flock Safety", "url": "https://www.openstreetmap.org/node/13819737601", "dir": 53.0, "zone": "traffic"}, "geometry": {"type": "Point", "coordinates": [-92.412647, 35.084919]}}, {"type": "Feature", "properties": {"id": "osm-n13819737901", "fam": "alpr", "prog": "flock-unattributed", "lbl": "Flock Safety", "src": "osm", "public": 0, "op": "", "make": "Flock Safety", "url": "https://www.openstreetmap.org/node/13819737901", "dir": 163.0, "zone": "traffic"}, "geometry": {"type": "Point", "coordinates": [-92.4126, 35.086003]}}, {"type": "Feature", "properties": {"id": "osm-n13819740101", "fam": "alpr", "prog": "flock-unattributed", "lbl": "Flock Safety", "src": "osm", "public": 0, "op": "", "make": "Flock Safety", "url": "https://www.openstreetmap.org/node/13819740101", "dir": 71.0, "zone": "traffic"}, "geometry": {"type": "Point", "coordinates": [-92.395536, 35.090785]}}, {"type": "Feature", "properties": {"id": "osm-n13819740201", "fam": "alpr", "prog": "flock-unattributed", "lbl": "Flock Safety", "src": "osm", "public": 0, "op": "", "make": "Flock Safety", "url": "https://www.openstreetmap.org/node/13819740201", "dir": 238.0, "zone": "traffic"}, "geometry": {"type": "Point", "coordinates": [-92.395536, 35.091036]}}, {"type": "Feature", "properties": {"id": "osm-n13819745801", "fam": "alpr", "prog": "flock-unattributed", "lbl": "Flock Safety", "src": "osm", "public": 0, "op": "", "make": "Flock Safety", "url": "https://www.openstreetmap.org/node/13819745801", "dir": 69.0, "zone": "traffic"}, "geometry": {"type": "Point", "coordinates": [-92.435703, 35.091766]}}, {"type": "Feature", "properties": {"id": "osm-n13819749601", "fam": "alpr", "prog": "flock-unattributed", "lbl": "Flock Safety", "src": "osm", "public": 0, "op": "", "make": "Flock Safety", "url": "https://www.openstreetmap.org/node/13819749601", "dir": 252.0, "zone": "traffic"}, "geometry": {"type": "Point", "coordinates": [-92.435805, 35.091864]}}, {"type": "Feature", "properties": {"id": "osm-n13820004801", "fam": "alpr", "prog": "flock-unattributed", "lbl": "Flock Safety", "src": "osm", "public": 0, "op": "", "make": "Flock Safety", "url": "https://www.openstreetmap.org/node/13820004801", "dir": 329.0, "zone": "traffic"}, "geometry": {"type": "Point", "coordinates": [-92.453794, 35.085073]}}, {"type": "Feature", "properties": {"id": "osm-n13820004802", "fam": "alpr", "prog": "flock-unattributed", "lbl": "Flock Safety", "src": "osm", "public": 0, "op": "", "make": "Flock Safety", "url": "https://www.openstreetmap.org/node/13820004802", "dir": 156.0, "zone": "traffic"}, "geometry": {"type": "Point", "coordinates": [-92.454222, 35.084375]}}, {"type": "Feature", "properties": {"id": "osm-n13820005501", "fam": "alpr", "prog": "flock-unattributed", "lbl": "Flock Safety", "src": "osm", "public": 0, "op": "", "make": "Flock Safety", "url": "https://www.openstreetmap.org/node/13820005501", "dir": 66.0, "zone": "traffic"}, "geometry": {"type": "Point", "coordinates": [-92.45366, 35.084587]}}, {"type": "Feature", "properties": {"id": "osm-n13820007501", "fam": "alpr", "prog": "flock-unattributed", "lbl": "Flock Safety", "src": "osm", "public": 0, "op": "", "make": "Flock Safety", "url": "https://www.openstreetmap.org/node/13820007501", "dir": 259.0, "zone": "traffic"}, "geometry": {"type": "Point", "coordinates": [-92.454844, 35.084922]}}, {"type": "Feature", "properties": {"id": "osm-n13820097701", "fam": "alpr", "prog": "flock-unattributed", "lbl": "Flock Safety", "src": "osm", "public": 0, "op": "", "make": "Flock Safety", "url": "https://www.openstreetmap.org/node/13820097701", "dir": 233.0, "zone": "traffic"}, "geometry": {"type": "Point", "coordinates": [-92.487941, 35.070954]}}, {"type": "Feature", "properties": {"id": "osm-n13820102303", "fam": "alpr", "prog": "flock-unattributed", "lbl": "Flock Safety", "src": "osm", "public": 0, "op": "", "make": "Flock Safety", "url": "https://www.openstreetmap.org/node/13820102303", "dir": 230.0, "zone": "traffic"}, "geometry": {"type": "Point", "coordinates": [-92.498122, 35.089314]}}, {"type": "Feature", "properties": {"id": "osm-n13825708501", "fam": "alpr", "prog": "flock-unattributed", "lbl": "Flock Safety", "src": "osm", "public": 0, "op": "", "make": "Flock Safety", "url": "https://www.openstreetmap.org/node/13825708501", "dir": 284.0, "zone": "traffic"}, "geometry": {"type": "Point", "coordinates": [-92.216562, 34.789827]}}, {"type": "Feature", "properties": {"id": "osm-n13833198901", "fam": "alpr", "prog": "other-alpr", "lbl": "Leonardo", "src": "osm", "public": 0, "op": "", "make": "Leonardo", "url": "https://www.openstreetmap.org/node/13833198901", "zone": "traffic"}, "geometry": {"type": "Point", "coordinates": [-92.413457, 34.652692]}}, {"type": "Feature", "properties": {"id": "osm-n13833199101", "fam": "alpr", "prog": "other-alpr", "lbl": "Leonardo", "src": "osm", "public": 0, "op": "", "make": "Leonardo", "url": "https://www.openstreetmap.org/node/13833199101", "zone": "traffic"}, "geometry": {"type": "Point", "coordinates": [-92.413344, 34.652637]}}, {"type": "Feature", "properties": {"id": "osm-n13859079501", "fam": "alpr", "prog": "flock-unattributed", "lbl": "Flock Safety", "src": "osm", "public": 0, "op": "", "make": "Flock Safety", "url": "https://www.openstreetmap.org/node/13859079501", "dir": 9.0, "zone": "traffic"}, "geometry": {"type": "Point", "coordinates": [-92.498153, 35.089089]}}, {"type": "Feature", "properties": {"id": "osm-n13905900202", "fam": "alpr", "prog": "flock-unattributed", "lbl": "Flock Safety", "src": "osm", "public": 0, "op": "", "make": "Flock Safety", "url": "https://www.openstreetmap.org/node/13905900202", "dir": 225.0, "zone": "traffic"}, "geometry": {"type": "Point", "coordinates": [-92.233272, 34.820036]}}, {"type": "Feature", "properties": {"id": "osm-n13915502203", "fam": "alpr", "prog": "lvt-tower", "lbl": "LiveView Technologies", "src": "osm", "public": 0, "op": "Walmart", "make": "LiveView Technologies", "url": "https://www.openstreetmap.org/node/13915502203", "dir": 0.0, "zone": "parking"}, "geometry": {"type": "Point", "coordinates": [-92.376854, 34.668888]}}, {"type": "Feature", "properties": {"id": "osm-n13915524201", "fam": "alpr", "prog": "lvt-tower", "lbl": "LiveView Technologies", "src": "osm", "public": 0, "op": "Walmart", "make": "LiveView Technologies", "url": "https://www.openstreetmap.org/node/13915524201", "zone": "parking"}, "geometry": {"type": "Point", "coordinates": [-92.376549, 34.668527]}}, {"type": "Feature", "properties": {"id": "osm-n13915610602", "fam": "alpr", "prog": "flock-unattributed", "lbl": "Flock Safety", "src": "osm", "public": 0, "op": "", "make": "Flock Safety", "url": "https://www.openstreetmap.org/node/13915610602", "dir": 199.0, "zone": "traffic"}, "geometry": {"type": "Point", "coordinates": [-92.075936, 34.939001]}}, {"type": "Feature", "properties": {"id": "osm-n13916661601", "fam": "alpr", "prog": "other-alpr", "lbl": "Genetec", "src": "osm", "public": 0, "op": "", "make": "Genetec", "url": "https://www.openstreetmap.org/node/13916661601", "dir": 203.0, "zone": "traffic"}, "geometry": {"type": "Point", "coordinates": [-92.118862, 34.867426]}}, {"type": "Feature", "properties": {"id": "osm-n13918566601", "fam": "alpr", "prog": "flock-unattributed", "lbl": "Flock Safety", "src": "osm", "public": 0, "op": "", "make": "Flock Safety", "url": "https://www.openstreetmap.org/node/13918566601", "dir": 252.0, "zone": "traffic"}, "geometry": {"type": "Point", "coordinates": [-92.216748, 34.788103]}}, {"type": "Feature", "properties": {"id": "osm-n13918571901", "fam": "alpr", "prog": "flock-unattributed", "lbl": "Flock Safety", "src": "osm", "public": 0, "op": "", "make": "Flock Safety", "url": "https://www.openstreetmap.org/node/13918571901", "dir": 62.0, "zone": "traffic"}, "geometry": {"type": "Point", "coordinates": [-92.219326, 34.787413]}}, {"type": "Feature", "properties": {"id": "osm-n13924333601", "fam": "alpr", "prog": "flock-other", "lbl": "Flock Safety", "src": "osm", "public": 0, "op": "Lowe's", "make": "Flock Safety", "url": "https://www.openstreetmap.org/node/13924333601", "dir": 343.0, "zone": "traffic"}, "geometry": {"type": "Point", "coordinates": [-92.408645, 34.743801]}}, {"type": "Feature", "properties": {"id": "osm-n13930010803", "fam": "alpr", "prog": "flock-unattributed", "lbl": "Flock Safety", "src": "osm", "public": 0, "op": "", "make": "Flock Safety", "url": "https://www.openstreetmap.org/node/13930010803", "dir": 190.0, "zone": "traffic"}, "geometry": {"type": "Point", "coordinates": [-92.205025, 34.81258]}}, {"type": "Feature", "properties": {"id": "osm-n13930011503", "fam": "alpr", "prog": "flock-unattributed", "lbl": "Flock Safety", "src": "osm", "public": 0, "op": "", "make": "Flock Safety", "url": "https://www.openstreetmap.org/node/13930011503", "dir": 154.0, "zone": "traffic"}, "geometry": {"type": "Point", "coordinates": [-92.191296, 34.827025]}}, {"type": "Feature", "properties": {"id": "osm-n13930011504", "fam": "alpr", "prog": "flock-unattributed", "lbl": "Flock Safety", "src": "osm", "public": 0, "op": "", "make": "Flock Safety", "url": "https://www.openstreetmap.org/node/13930011504", "dir": 192.0, "zone": "traffic"}, "geometry": {"type": "Point", "coordinates": [-92.217921, 34.798304]}}, {"type": "Feature", "properties": {"id": "osm-n13931782801", "fam": "alpr", "prog": "flock-unattributed", "lbl": "Flock Safety", "src": "osm", "public": 0, "op": "", "make": "Flock Safety", "url": "https://www.openstreetmap.org/node/13931782801", "dir": 195.0, "zone": "traffic"}, "geometry": {"type": "Point", "coordinates": [-92.232949, 34.820379]}}, {"type": "Feature", "properties": {"id": "osm-n13936447903", "fam": "alpr", "prog": "flock-unattributed", "lbl": "Flock Safety", "src": "osm", "public": 0, "op": "", "make": "Flock Safety", "url": "https://www.openstreetmap.org/node/13936447903", "dir": 69.0, "zone": "traffic"}, "geometry": {"type": "Point", "coordinates": [-92.487152, 35.070436]}}, {"type": "Feature", "properties": {"id": "osm-n13948489301", "fam": "alpr", "prog": "flock-unattributed", "lbl": "Flock Safety", "src": "osm", "public": 0, "op": "", "make": "Flock Safety", "url": "https://www.openstreetmap.org/node/13948489301", "dir": 190.0, "zone": "traffic"}, "geometry": {"type": "Point", "coordinates": [-92.077299, 34.93831]}}, {"type": "Feature", "properties": {"id": "sight-i430-ramp-maumelle-nlr", "fam": "sighting", "prog": "ardot-wwd", "lbl": "Twin heads on an I-430 ramp, North Little Rock", "src": "sighting", "public": 0, "where": "I-430 ramp near Maumelle Boulevard (Exit 12), North Little Rock", "conf": "probable", "why": "A ramp, not the mainline; a foundation poured in 2024, which is the year ARDOT says Little Rock got the state's first wrong-way detection sites; two small heads rather than one big pan-tilt-zoom housing. ARDOT's own description of a wrong-way site lists vehicle sensors, closed-circuit cameras and illuminators on the same structure, which is what a pair of small heads looks like from the road.", "confirm": "A wrong-way site has red WRONG WAY signs with LED borders within sight of it, facing the ramp. Whether the sensor is radar or infrared can only be settled from ARDOT's plans for the job.", "note": "Nothing at this location appears in the public camera feed, which is expected: the cameras in a wrong-way kit are part of the safety system, not the public traffic-camera network.", "timeline": [{"date": "2024-08", "saw": "An excavator working beside the ramp; a fresh concrete pad and pull box set into the fill, no equipment yet."}, {"date": "2026-05", "saw": "A pole standing on that pad carrying two small heads near the top."}], "url": "https://www.google.com/maps/@?api=1&map_action=pano&viewpoint=34.8119984,-92.3570654&heading=297.8&pitch=-28", "near_cam_m": 365, "near_cam": "I-430 at Maumelle Blvd. (Exit 12)", "near_alpr_m": 1265}, "geometry": {"type": "Point", "coordinates": [-92.3570654, 34.8119984]}}, {"type": "Feature", "properties": {"id": "sight-i430-mm12-nlr", "fam": "sighting", "prog": "ardot-cctv", "lbl": "Pads in 2021, equipment in 2022", "src": "sighting", "public": 0, "where": "I-430 north of the Arkansas River, North Little Rock", "conf": "likely", "why": "The published camera 'I-430 @ Maumelle Blvd' sits 43 m from this spot, which is inside the error of a published camera point, so the mast in the photo is most likely that camera. The 2021-to-2022 gap matches the corridor build for the managed lane, which opened in March 2023 - conduit and foundations go in with the roadwork, heads arrive a season or two later.", "confirm": "Open camera 544 on IDriveArkansas and compare the view with the pole's aim. If the published view does not match, this is a second structure and the count of unpublished devices on this corridor goes up by one.", "note": "This is the one sighting where the evidence points at a device that IS on the public map - worth stating plainly, because the interesting claim is about the ones that are not.", "timeline": [{"date": "2021-05", "saw": "Concrete pads and pull boxes in the grass. Conduit in, nothing on it."}, {"date": "2022-10", "saw": "A tall pole on the pad with a head at the top and a cabinet at the base."}], "url": "https://www.google.com/maps/@?api=1&map_action=pano&viewpoint=34.8087783,-92.3600291&heading=317.4&pitch=7", "near_cam_m": 43, "near_cam": "I-430 @ Maumelle Blvd", "near_alpr_m": 1014}, "geometry": {"type": "Point", "coordinates": [-92.3600291, 34.8087783]}}, {"type": "Feature", "properties": {"id": "sight-i430-gantry-managed-lane", "fam": "sighting", "prog": "ardot-managed-lane", "lbl": "The gantry: lane control, a small camera and a cylinder", "src": "sighting", "public": 0, "where": "I-430 mast arm north of the river bridge, North Little Rock", "conf": "likely", "why": "The red X in the middle of the arm is a lane-control signal for the managed lane that opened in March 2023 - it shows a green arrow when the shoulder is running as a fourth lane. Everything else on that arm exists to let the Traffic Management Center check the lane is empty before opening it. The small head at the near end has the profile of a fixed camera.", "confirm": "The cylinder is the open question. A smooth radome that size is either a microwave radar vehicle detector aimed across the lanes or a communications antenna backhauling the gantry to the nearest cabinet. A detector points down at the traffic; an antenna points at the horizon or straight up. The mounting angle in a sharper photograph would settle it.", "note": "The square item with the red X is the lane-control sign itself, not a sensor.", "timeline": [{"date": "2021-05", "saw": "Roadside pads and boxes under construction along this stretch."}, {"date": "2026-04", "saw": "A mast arm over the lanes carrying a lane-control signal, a small head at the near end and a cylindrical device further out."}], "url": "https://www.google.com/maps/@?api=1&map_action=pano&viewpoint=34.8068273,-92.3633472&heading=20.1&pitch=-4", "near_cam_m": 51, "near_cam": "I-430 @ Mile Marker 12.6", "near_alpr_m": 1037}, "geometry": {"type": "Point", "coordinates": [-92.3633472, 34.8068273]}}, {"type": "Feature", "properties": {"id": "sight-i430-median-site", "fam": "sighting", "prog": "ardot-cctv", "lbl": "Nineteen years of equipment on one median mast", "src": "sighting", "public": 0, "where": "I-430 median north of the Arkansas River bridge", "conf": "confirmed", "why": "The published camera 'I-430 N. of Arkansas River' is 17 m away, so one of these heads is the public feed - this is the live camera you can already watch. What changed is everything around it: a single camera in 2007 became a stack of devices by 2026, on the same structure, over the same lanes.", "confirm": "Compare the public stream's field of view against each head's aim; whichever does not match the stream is doing something else. The likeliest companions on an ARDOT mast are a detection radar feeding traffic counts and a second fixed camera covering the managed lane.", "note": "This is the clearest single illustration of the pattern: a site that is on the public map, carrying more equipment than the public map describes.", "timeline": [{"date": "2007-08", "saw": "A message sign in the median with a single small camera on a pole above it."}, {"date": "2014-06", "saw": "The same arrangement, sign and one camera."}, {"date": "2022-05", "saw": "A pan-tilt-zoom dome on its own pole beside the sign."}, {"date": "2026-04", "saw": "A cluster of three or four separate heads at the top of the pole."}], "url": "https://www.google.com/maps/@?api=1&map_action=pano&viewpoint=34.8051248,-92.3660297&heading=24.9&pitch=-8", "near_cam_m": 17, "near_cam": "I-430 N. of Arkansas River", "near_alpr_m": 1142}, "geometry": {"type": "Point", "coordinates": [-92.3660297, 34.8051248]}}, {"type": "Feature", "properties": {"id": "sight-i430-i630-shackleford-mast", "fam": "sighting", "prog": "unidentified", "lbl": "Six devices on one pole at the Big Rock interchange", "src": "sighting", "public": 0, "where": "Exiting I-430 near Shackleford Road, Little Rock", "conf": "uncertain", "why": "The two published cameras at this interchange are 156 m and 163 m away, so this mast is not either of them. The middle pair read as cameras and the pair below them as detectors - flat panel radar units of the kind used for traffic counts sit on masts exactly like this, aimed across the lanes rather than along them.", "confirm": "The top pair is the honest unknown. The two strongest candidates are communications antennas linking the mast back to a cabinet, and a second detection pair. An antenna has no lens, no glass and no sunshield, and its cable enters at the base of the unit; a detector is a sealed flat panel angled down at the roadway. A zoomed photograph from below would separate them.", "note": "Listed as unidentified on purpose. Everything about the structure says ARDOT roadside equipment, but naming the individual heads without better evidence would be guessing.", "timeline": [{"date": "2026-04", "saw": "A pole carrying, from the top down: a pair of small units, then two heads on short arms, then a boxy unit lower on the mast."}], "url": "https://www.google.com/maps/@?api=1&map_action=pano&viewpoint=34.7466768,-92.3926839&heading=242.1&pitch=-20", "near_cam_m": 156, "near_cam": "I-430 at I-630 Interchange", "near_alpr_m": 792}, "geometry": {"type": "Point", "coordinates": [-92.3926839, 34.7466768]}}, {"type": "Feature", "properties": {"id": "sight-i430-big-rock-camera", "fam": "sighting", "prog": "ardot-cctv", "lbl": "Single head above the I-430 lanes", "src": "sighting", "public": 0, "where": "Big Rock interchange, Little Rock", "conf": "likely", "why": "The published camera 'Big Rock Interchange' is 48 m away and is listed as an Axis P5635-E Mk II, whose housing is exactly this shape - a long body with a sun shroud over the lens. This is almost certainly a camera you can already watch.", "confirm": "Open the Big Rock Interchange feed and check the view matches the pole's aim.", "note": "", "timeline": [{"date": "2026-04", "saw": "One boxy head with a sunshield at the top of a tall mast beside the carriageway."}], "url": "https://www.google.com/maps/@?api=1&map_action=pano&viewpoint=34.7469437,-92.3903915&heading=245.9&pitch=7", "near_cam_m": 48, "near_cam": "\u201cBig Rock\u201d Interchange", "near_alpr_m": 815}, "geometry": {"type": "Point", "coordinates": [-92.3903915, 34.7469437]}}, {"type": "Feature", "properties": {"id": "sight-markham-canister-antenna", "fam": "sighting", "prog": "small-cell", "lbl": "The canister that is not a camera", "src": "sighting", "public": 0, "where": "West Markham Street near Bowman Road, Little Rock", "conf": "confirmed", "why": "No lens, no glass, no sunshield, no aiming bracket - and a thick feeder cable running down to a cabinet. That is a mobile network small cell: a short-range base station that adds phone capacity. The purpose-built version, a slim black pole with a canister on top, is the standard carrier design and is now common along Chenal and Financial Centre.", "confirm": "Nothing to confirm; the shape is diagnostic. Carriers file for these through the city right-of-way permit process, so the paperwork is a permit rather than a police contract.", "note": "Included deliberately as a control. It is the device most often mistaken for surveillance, and telling it apart from a camera at a glance is most of the skill in reading a pole.", "timeline": [{"date": "2023-10", "saw": "A grey cylinder on a bracket at the top of a utility pole arm, with a cabinet and cabling below."}, {"date": "2026-04", "saw": "The same class of device on a purpose-built black pole at 11450 Financial Centre Parkway - a tall smooth canister on top, cabinet at the base."}], "url": "https://www.google.com/maps/@?api=1&map_action=pano&viewpoint=34.754249,-92.4130259&heading=254.1&pitch=3", "near_cam_m": 2065, "near_cam": "I-430 at I-630 Interchange", "near_alpr_m": 14}, "geometry": {"type": "Point", "coordinates": [-92.4130259, 34.754249]}}, {"type": "Feature", "properties": {"id": "sight-chenal-signal-device", "fam": "sighting", "prog": "unidentified", "lbl": "Small head on a signal pole, Chenal Parkway", "src": "sighting", "public": 0, "where": "17900 Chenal Parkway at Rahling Road, Little Rock", "conf": "uncertain", "why": "Six kilometres from the nearest state traffic camera, so this belongs to the city or the signal, not to ARDOT. Aimed along the approach rather than at the stop line, mounted low on the pole rather than out on the arm.", "confirm": "Three plausible answers: video detection for the signal itself, a radar presence detector, or a plate reader. The map now shows every plate reader recorded in the open data - if none sits at this junction, that third option weakens. A photograph showing whether the front face is glass or a sealed panel would decide it.", "note": "You said you were leaving out the obvious signal hardware, so this one is worth resolving rather than assuming.", "timeline": [{"date": "2026-04", "saw": "A small pale device clamped to the signal pole below the mast arm, aimed back along the approach lanes."}], "url": "https://www.google.com/maps/@?api=1&map_action=pano&viewpoint=34.7697244,-92.4585265&heading=12.3&pitch=-12", "near_cam_m": 6232, "near_cam": "I-430 at Rodney Parham Rd. (Exit 8)", "near_alpr_m": 128}, "geometry": {"type": "Point", "coordinates": [-92.4585265, 34.7697244]}}, {"type": "Feature", "properties": {"id": "sight-nlr-multisensor-mast", "fam": "sighting", "prog": "unidentified", "lbl": "Two domes, a cluster above, boxes below", "src": "sighting", "public": 0, "where": "I-430 corridor near Maumelle Boulevard, North Little Rock", "conf": "uncertain", "why": "Nearly 300 m from the nearest published camera, on the same corridor as the ramp and gantry sites. Two domes on opposed arms means deliberate coverage of both directions from one structure. The boxes below have the flat-fronted look of illuminators, and ARDOT's own component list for a wrong-way site names illuminators explicitly - they light the scene in infrared so a camera can read it at night.", "confirm": "Infrared illuminators show a faint red glow at night and a dark filter panel by day, unlike a floodlight's clear glass. If they are illuminators, this mast is a lit camera site, and the question becomes what is being lit and read.", "note": "The densest single structure in the sightings, and none of it is on the public feed.", "timeline": [{"date": "2022-01", "saw": "Street View coverage begins for this pole in recent years; the mast is bare or partly equipped in the earlier passes."}, {"date": "2026-04", "saw": "Three device groups on one mast: a dark cluster at the very top, two large dome cameras on opposed arms below it, and a group of boxes lower still."}], "url": "https://www.google.com/maps/@?api=1&map_action=pano&viewpoint=34.8089488,-92.3565712&heading=121.3&pitch=25", "near_cam_m": 291, "near_cam": "I-430 @ Maumelle Blvd", "near_alpr_m": 924}, "geometry": {"type": "Point", "coordinates": [-92.3565712, 34.8089488]}}]}