{"type": "FeatureCollection", "features": [{"type": "Feature", "geometry": {"type": "Point", "coordinates": [-92.331372, 34.752227]}, "properties": {"c": "assault"}}, {"type": "Feature", "geometry": {"type": "Point", "coordinates": [-92.341741, 34.751523]}, "properties": {"c": "assist"}}, {"type": "Feature", "geometry": {"type": "Point", "coordinates": [-92.338312, 34.752703999999994]}, "properties": {"c": "assist"}}, {"type": "Feature", "geometry": {"type": "Point", "coordinates": [-92.276102, 34.742133]}, "properties": {"c": "disturbance"}}, {"type": "Feature", "geometry": {"type": "Point", "coordinates": [-92.394309, 34.715541]}, "properties": {"c": "trespass"}}, {"type": "Feature", "geometry": {"type": "Point", "coordinates": [-92.359046, 34.703743]}, "properties": {"c": "disturbance"}}, {"type": "Feature", "geometry": {"type": "Point", "coordinates": [-92.465463, 34.793609]}, "properties": {"c": "shots"}}, {"type": "Feature", "geometry": {"type": "Point", "coordinates": [-92.357192, 34.772409]}, "properties": {"c": "vandalism"}}, {"type": "Feature", "geometry": {"type": "Point", "coordinates": [-92.352466, 34.770595]}, "properties": {"c": "burglary"}}, {"type": "Feature", "geometry": {"type": "Point", "coordinates": [-92.361305, 34.710159]}, "properties": {"c": "disturbance"}}, {"type": "Feature", "geometry": {"type": "Point", "coordinates": [-92.32, 34.752257]}, "properties": {"c": "disturbance"}}, {"type": "Feature", "geometry": {"type": "Point", "coordinates": [-92.383403, 34.763035]}, "properties": {"c": "alarm"}}, {"type": "Feature", "geometry": {"type": "Point", "coordinates": [-92.280843, 34.728205]}, "properties": {"c": "disturbance"}}, {"type": "Feature", "geometry": {"type": "Point", "coordinates": [-92.31017, 34.723478]}, "properties": {"c": "assist"}}, {"type": "Feature", "geometry": {"type": "Point", "coordinates": [-92.447947, 34.803738]}, "properties": {"c": "welfare"}}, {"type": "Feature", "geometry": {"type": "Point", "coordinates": [-92.410007, 34.715627]}, "properties": {"c": "disturbance"}}, {"type": "Feature", "geometry": {"type": "Point", "coordinates": [-92.330585, 34.72055]}, "properties": {"c": "disturbance"}}, {"type": "Feature", "geometry": {"type": "Point", "coordinates": [-92.348741, 34.698203]}, "properties": {"c": "trespass"}}, {"type": "Feature", "geometry": {"type": "Point", "coordinates": [-92.281227, 34.721002]}, "properties": {"c": "disturbance"}}, {"type": "Feature", "geometry": {"type": "Point", "coordinates": [-92.410175, 34.654118]}, "properties": {"c": "alarm"}}, {"type": "Feature", "geometry": {"type": "Point", "coordinates": [-92.307046, 34.689593]}, "properties": {"c": "suspicious"}}, {"type": "Feature", "geometry": {"type": "Point", "coordinates": [-92.457353, 34.771118]}, "properties": {"c": "alarm"}}, {"type": "Feature", "geometry": {"type": "Point", "coordinates": [-92.362423, 34.748275]}, "properties": {"c": "assault"}}, {"type": "Feature", "geometry": {"type": "Point", "coordinates": [-92.2850665, 34.7488605]}, "properties": {"c": "welfare"}}, {"type": "Feature", "geometry": {"type": "Point", "coordinates": [-92.287483, 34.725482]}, "properties": {"c": "theft"}}, {"type": "Feature", "geometry": {"type": "Point", "coordinates": [-92.361874, 34.783596]}, "properties": {"c": "suspicious"}}, {"type": "Feature", "geometry": {"type": "Point", "coordinates": [-92.389558, 34.665693]}, "properties": {"c": "alarm"}}, {"type": "Feature", "geometry": {"type": "Point", "coordinates": [-92.3398615, 34.7497575]}, "properties": {"c": "welfare"}}, {"type": "Feature", "geometry": {"type": "Point", "coordinates": [-92.362423, 34.748275]}, "properties": {"c": "disturbance"}}, {"type": "Feature", "geometry": {"type": "Point", "coordinates": [-92.386637, 34.670835]}, "properties": {"c": "shots"}}, {"type": "Feature", "geometry": {"type": "Point", "coordinates": [-92.351787, 34.679896]}, "properties": {"c": "suspicious"}}, {"type": "Feature", "geometry": {"type": "Point", "coordinates": [-92.364547, 34.656255]}, "properties": {"c": "disturbance"}}, {"type": "Feature", "geometry": {"type": "Point", "coordinates": [-92.258172, 34.737316]}, "properties": {"c": "alarm"}}, {"type": "Feature", "geometry": {"type": "Point", "coordinates": [-92.364085, 34.719664]}, "properties": {"c": "suspicious"}}, {"type": "Feature", "geometry": {"type": "Point", "coordinates": [-92.332147, 34.725841]}, "properties": {"c": "disturbance"}}, {"type": "Feature", "geometry": {"type": "Point", "coordinates": [-92.341317, 34.736226]}, "properties": {"c": "disturbance"}}, {"type": "Feature", "geometry": {"type": "Point", "coordinates": [-92.389878, 34.764164]}, "properties": {"c": "welfare"}}, {"type": "Feature", "geometry": {"type": "Point", "coordinates": [-92.27133699999999, 34.745874]}, "properties": {"c": "assist"}}, {"type": "Feature", "geometry": {"type": "Point", "coordinates": [-92.41220799999999, 34.655922000000004]}, "properties": {"c": "traffic"}}, {"type": "Feature", "geometry": {"type": "Point", "coordinates": [-92.332617, 34.737067]}, "properties": {"c": "shots"}}, {"type": "Feature", "geometry": {"type": "Point", "coordinates": [-92.42381364705882, 34.661780176470586]}, "properties": {"c": "traffic"}}, {"type": "Feature", "geometry": {"type": "Point", "coordinates": [-92.263976, 34.740192]}, "properties": {"c": "welfare"}}, {"type": "Feature", "geometry": {"type": "Point", "coordinates": [-92.439647, 34.671892]}, "properties": {"c": "welfare"}}, {"type": "Feature", "geometry": {"type": "Point", "coordinates": [-92.459413, 34.766976]}, "properties": {"c": "theft"}}, {"type": "Feature", "geometry": {"type": "Point", "coordinates": [-92.378775, 34.720665]}, "properties": {"c": "suspicious"}}, {"type": "Feature", "geometry": {"type": "Point", "coordinates": [-92.323548, 34.740923]}, "properties": {"c": "theft"}}, {"type": "Feature", "geometry": {"type": "Point", "coordinates": [-92.32997599999999, 34.762889]}, "properties": {"c": "traffic"}}, {"type": "Feature", "geometry": {"type": "Point", "coordinates": [-92.124639, 34.866193]}, "properties": {"c": "suspicious"}}, {"type": "Feature", "geometry": {"type": "Point", "coordinates": [-92.405651, 34.750358]}, "properties": {"c": "disturbance"}}, {"type": "Feature", "geometry": {"type": "Point", "coordinates": [-92.392979, 34.67094]}, "properties": {"c": "theft"}}, {"type": "Feature", "geometry": {"type": "Point", "coordinates": [-92.329257, 34.72111]}, "properties": {"c": "trespass"}}, {"type": "Feature", "geometry": {"type": "Point", "coordinates": [-92.455249, 34.773571]}, "properties": {"c": "disturbance"}}, {"type": "Feature", "geometry": {"type": "Point", "coordinates": [-92.426329, 34.758075]}, "properties": {"c": "shots"}}, {"type": "Feature", "geometry": {"type": "Point", "coordinates": [-92.330585, 34.72055]}, "properties": {"c": "disturbance"}}, {"type": "Feature", "geometry": {"type": "Point", "coordinates": [-92.3302925, 34.719953000000004]}, "properties": {"c": "traffic"}}, {"type": "Feature", "geometry": {"type": "Point", "coordinates": [-92.324957, 34.73664]}, "properties": {"c": "suspicious"}}, {"type": "Feature", "geometry": {"type": "Point", "coordinates": [-92.375428, 34.760179]}, "properties": {"c": "disturbance"}}, {"type": "Feature", "geometry": {"type": "Point", "coordinates": [-92.301032, 34.752423]}, "properties": {"c": "welfare"}}, {"type": "Feature", "geometry": {"type": "Point", "coordinates": [-92.317568, 34.7402935]}, "properties": {"c": "traffic"}}, {"type": "Feature", "geometry": {"type": "Point", "coordinates": [-92.108969, 34.864344]}, "properties": {"c": "welfare"}}, {"type": "Feature", "geometry": {"type": "Point", "coordinates": [-92.375634, 34.764214]}, "properties": {"c": "burglary"}}, {"type": "Feature", "geometry": {"type": "Point", "coordinates": [-92.348033, 34.719468]}, "properties": {"c": "assist"}}, {"type": "Feature", "geometry": {"type": "Point", "coordinates": [-92.20911, 34.711344]}, "properties": {"c": "traffic"}}, {"type": "Feature", "geometry": {"type": "Point", "coordinates": [-92.265916, 34.747336]}, "properties": {"c": "alarm"}}, {"type": "Feature", "geometry": {"type": "Point", "coordinates": [-92.342392, 34.681848]}, "properties": {"c": "disturbance"}}, {"type": "Feature", "geometry": {"type": "Point", "coordinates": [-92.352963, 34.659553]}, "properties": {"c": "suspicious"}}, {"type": "Feature", "geometry": {"type": "Point", "coordinates": [-92.346501, 34.698495]}, "properties": {"c": "welfare"}}, {"type": "Feature", "geometry": {"type": "Point", "coordinates": [-92.316874, 34.674245]}, "properties": {"c": "welfare"}}, {"type": "Feature", "geometry": {"type": "Point", "coordinates": [-92.27768, 34.725211]}, "properties": {"c": "alarm"}}, {"type": "Feature", "geometry": {"type": "Point", "coordinates": [-92.340058, 34.763584]}, "properties": {"c": "alarm"}}, {"type": "Feature", "geometry": {"type": "Point", "coordinates": [-92.34336, 34.676926]}, "properties": {"c": "disturbance"}}, {"type": "Feature", "geometry": {"type": "Point", "coordinates": [-92.330585, 34.72055]}, "properties": {"c": "assault"}}, {"type": "Feature", "geometry": {"type": "Point", "coordinates": [-92.296181, 34.749291]}, "properties": {"c": "welfare"}}, {"type": "Feature", "geometry": {"type": "Point", "coordinates": [-92.2545005, 34.739783]}, "properties": {"c": "traffic"}}, {"type": "Feature", "geometry": {"type": "Point", "coordinates": [-92.374224, 34.665629]}, "properties": {"c": "suspicious"}}, {"type": "Feature", "geometry": {"type": "Point", "coordinates": [-92.34149500000001, 34.759184000000005]}, "properties": {"c": "disturbance"}}, {"type": "Feature", "geometry": {"type": "Point", "coordinates": [-92.281227, 34.721002]}, "properties": {"c": "trespass"}}, {"type": "Feature", "geometry": {"type": "Point", "coordinates": [-92.281617, 34.724316]}, "properties": {"c": "welfare"}}, {"type": "Feature", "geometry": {"type": "Point", "coordinates": [-92.271597, 34.747874499999995]}, "properties": {"c": "traffic"}}, {"type": "Feature", "geometry": {"type": "Point", "coordinates": [-92.351177, 34.658101]}, "properties": {"c": "theft"}}, {"type": "Feature", "geometry": {"type": "Point", "coordinates": [-92.342518, 34.737748]}, "properties": {"c": "welfare"}}, {"type": "Feature", "geometry": {"type": "Point", "coordinates": [-92.33334450000001, 34.720584]}, "properties": {"c": "traffic"}}, {"type": "Feature", "geometry": {"type": "Point", "coordinates": [-92.35737, 34.715417]}, "properties": {"c": "alarm"}}, {"type": "Feature", "geometry": {"type": "Point", "coordinates": [-92.31017, 34.723478]}, "properties": {"c": "assist"}}, {"type": "Feature", "geometry": {"type": "Point", "coordinates": [-92.284083, 34.727737]}, "properties": {"c": "suspicious"}}, {"type": "Feature", "geometry": {"type": "Point", "coordinates": [-92.25966, 34.73154]}, "properties": {"c": "suspicious"}}, {"type": "Feature", "geometry": {"type": "Point", "coordinates": [-92.418936, 34.668438]}, "properties": {"c": "traffic"}}, {"type": "Feature", "geometry": {"type": "Point", "coordinates": [-92.340563, 34.744086]}, "properties": {"c": "disturbance"}}, {"type": "Feature", "geometry": {"type": "Point", "coordinates": [-92.38819, 34.75135]}, "properties": {"c": "alarm"}}, {"type": "Feature", "geometry": {"type": "Point", "coordinates": [-92.330883, 34.693247]}, "properties": {"c": "suspicious"}}, {"type": "Feature", "geometry": {"type": "Point", "coordinates": [-92.306149, 34.750714]}, "properties": {"c": "suspicious"}}, {"type": "Feature", "geometry": {"type": "Point", "coordinates": [-92.364294, 34.67547]}, "properties": {"c": "assault"}}, {"type": "Feature", "geometry": {"type": "Point", "coordinates": [-92.29777532360742, 34.73721700265252]}, "properties": {"c": "suspicious"}}, {"type": "Feature", "geometry": {"type": "Point", "coordinates": [-92.355849, 34.771318]}, "properties": {"c": "other"}}, {"type": "Feature", "geometry": {"type": "Point", "coordinates": [-92.382421, 34.653376]}, "properties": {"c": "other"}}, {"type": "Feature", "geometry": {"type": "Point", "coordinates": [-92.406837, 34.74308]}, "properties": {"c": "assault"}}, {"type": "Feature", "geometry": {"type": "Point", "coordinates": [-92.393473, 34.754368]}, "properties": {"c": "theft"}}, {"type": "Feature", "geometry": {"type": "Point", "coordinates": [-92.33131, 34.693269]}, "properties": {"c": "assault"}}, {"type": "Feature", "geometry": {"type": "Point", "coordinates": [-92.28708, 34.750462]}, "properties": {"c": "welfare"}}, {"type": "Feature", "geometry": {"type": "Point", "coordinates": [-92.421351, 34.646253]}, "properties": {"c": "suspicious"}}, {"type": "Feature", "geometry": {"type": "Point", "coordinates": [-92.393122, 34.742603]}, "properties": {"c": "alarm"}}, {"type": "Feature", "geometry": {"type": "Point", "coordinates": [-92.327914, 34.723265]}, "properties": {"c": "suspicious"}}, {"type": "Feature", "geometry": {"type": "Point", "coordinates": [-92.371494, 34.658088]}, "properties": {"c": "alarm"}}, {"type": "Feature", "geometry": {"type": "Point", "coordinates": [-92.34370474444444, 34.70502398888889]}, "properties": {"c": "traffic"}}, {"type": "Feature", "geometry": {"type": "Point", "coordinates": [-92.34475, 34.717359]}, "properties": {"c": "alarm"}}, {"type": "Feature", "geometry": {"type": "Point", "coordinates": [-92.281278, 34.749345]}, "properties": {"c": "suspicious"}}, {"type": "Feature", "geometry": {"type": "Point", "coordinates": [-92.33201, 34.691681]}, "properties": {"c": "disturbance"}}, {"type": "Feature", "geometry": {"type": "Point", "coordinates": [-92.314158, 34.666976]}, "properties": {"c": "assault"}}, {"type": "Feature", "geometry": {"type": "Point", "coordinates": [-92.415261, 34.770322]}, "properties": {"c": "burglary"}}, {"type": "Feature", "geometry": {"type": "Point", "coordinates": [-92.3038325, 34.748951]}, "properties": {"c": "welfare"}}, {"type": "Feature", "geometry": {"type": "Point", "coordinates": [-92.255635, 34.73712]}, "properties": {"c": "vandalism"}}, {"type": "Feature", "geometry": {"type": "Point", "coordinates": [-92.267499, 34.770469]}, "properties": {"c": "alarm"}}, {"type": "Feature", "geometry": {"type": "Point", "coordinates": [-92.34279, 34.71926]}, "properties": {"c": "disturbance"}}, {"type": "Feature", "geometry": {"type": "Point", "coordinates": [-92.409382, 34.751541]}, "properties": {"c": "alarm"}}, {"type": "Feature", "geometry": {"type": "Point", "coordinates": [-92.2709375, 34.74176]}, "properties": {"c": "assist"}}, {"type": "Feature", "geometry": {"type": "Point", "coordinates": [-92.256194, 34.737036]}, "properties": {"c": "welfare"}}, {"type": "Feature", "geometry": {"type": "Point", "coordinates": [-92.324509, 34.75757]}, "properties": {"c": "disturbance"}}, {"type": "Feature", "geometry": {"type": "Point", "coordinates": [-92.303988, 34.694488]}, "properties": {"c": "alarm"}}, {"type": "Feature", "geometry": {"type": "Point", "coordinates": [-92.346162, 34.698967]}, "properties": {"c": "disturbance"}}, {"type": "Feature", "geometry": {"type": "Point", "coordinates": [-92.32507, 34.760253]}, "properties": {"c": "burglary"}}, {"type": "Feature", "geometry": {"type": "Point", "coordinates": [-92.465463, 34.793609]}, "properties": {"c": "theft"}}, {"type": "Feature", "geometry": {"type": "Point", "coordinates": [-92.382193, 34.7358075]}, "properties": {"c": "traffic"}}, {"type": "Feature", "geometry": {"type": "Point", "coordinates": [-92.411769, 34.751949]}, "properties": {"c": "traffic"}}, {"type": "Feature", "geometry": {"type": "Point", "coordinates": [-92.342125, 34.770045]}, "properties": {"c": "other"}}, {"type": "Feature", "geometry": {"type": "Point", "coordinates": [-92.404729, 34.713404]}, "properties": {"c": "traffic"}}, {"type": "Feature", "geometry": {"type": "Point", "coordinates": [-92.379816, 34.721443]}, "properties": {"c": "other"}}, {"type": "Feature", "geometry": {"type": "Point", "coordinates": [-92.312833, 34.676558]}, "properties": {"c": "vandalism"}}, {"type": "Feature", "geometry": {"type": "Point", "coordinates": [-92.276949, 34.74211]}, "properties": {"c": "disturbance"}}, {"type": "Feature", "geometry": {"type": "Point", "coordinates": [-92.3325555, 34.767986]}, "properties": {"c": "traffic"}}, {"type": "Feature", "geometry": {"type": "Point", "coordinates": [-92.386704, 34.765344]}, "properties": {"c": "trespass"}}, {"type": "Feature", "geometry": {"type": "Point", "coordinates": [-92.338236, 34.749563]}, "properties": {"c": "traffic"}}, {"type": "Feature", "geometry": {"type": "Point", "coordinates": [-92.431875, 34.745035]}, "properties": {"c": "vandalism"}}, {"type": "Feature", "geometry": {"type": "Point", "coordinates": [-92.30073150000001, 34.7465165]}, "properties": {"c": "suspicious"}}, {"type": "Feature", "geometry": {"type": "Point", "coordinates": [-92.265245, 34.7469035]}, "properties": {"c": "traffic"}}, {"type": "Feature", "geometry": {"type": "Point", "coordinates": [-92.343582, 34.751137]}, "properties": {"c": "traffic"}}, {"type": "Feature", "geometry": {"type": "Point", "coordinates": [-92.296324, 34.736171]}, "properties": {"c": "suspicious"}}, {"type": "Feature", "geometry": {"type": "Point", "coordinates": [-92.374407, 34.741135]}, "properties": {"c": "alarm"}}, {"type": "Feature", "geometry": {"type": "Point", "coordinates": [-92.351831, 34.685394]}, "properties": {"c": "assault"}}, {"type": "Feature", "geometry": {"type": "Point", "coordinates": [-92.428788, 34.681847]}, "properties": {"c": "welfare"}}, {"type": "Feature", "geometry": {"type": "Point", "coordinates": [-92.398947, 34.77149]}, "properties": {"c": "disturbance"}}, {"type": "Feature", "geometry": {"type": "Point", "coordinates": [-92.268862, 34.740216]}, "properties": {"c": "disturbance"}}, {"type": "Feature", "geometry": {"type": "Point", "coordinates": [-92.333905, 34.743314]}, "properties": {"c": "disturbance"}}, {"type": "Feature", "geometry": {"type": "Point", "coordinates": [-92.372452, 34.721157]}, "properties": {"c": "disturbance"}}, {"type": "Feature", "geometry": {"type": "Point", "coordinates": [-92.284657, 34.725754]}, "properties": {"c": "other"}}, {"type": "Feature", "geometry": {"type": "Point", "coordinates": [-92.256328, 34.735831]}, "properties": {"c": "other"}}, {"type": "Feature", "geometry": {"type": "Point", "coordinates": [-92.4831375, 34.759777]}, "properties": {"c": "assist"}}, {"type": "Feature", "geometry": {"type": "Point", "coordinates": [-92.31017, 34.723478]}, "properties": {"c": "assist"}}, {"type": "Feature", "geometry": {"type": "Point", "coordinates": [-92.295864, 34.755877]}, "properties": {"c": "traffic"}}, {"type": "Feature", "geometry": {"type": "Point", "coordinates": [-92.399453, 34.726516]}, "properties": {"c": "burglary"}}, {"type": "Feature", "geometry": {"type": "Point", "coordinates": [-92.322927, 34.683749]}, "properties": {"c": "drugs"}}, {"type": "Feature", "geometry": {"type": "Point", "coordinates": [-92.369619, 34.650679999999994]}, "properties": {"c": "animal"}}, {"type": "Feature", "geometry": {"type": "Point", "coordinates": [-92.273541, 34.7237295]}, "properties": {"c": "disturbance"}}, {"type": "Feature", "geometry": {"type": "Point", "coordinates": [-92.274552, 34.746829500000004]}, "properties": {"c": "traffic"}}, {"type": "Feature", "geometry": {"type": "Point", "coordinates": [-92.358276, 34.714749]}, "properties": {"c": "disturbance"}}, {"type": "Feature", "geometry": {"type": "Point", "coordinates": [-92.355771, 34.725121]}, "properties": {"c": "trespass"}}, {"type": "Feature", "geometry": {"type": "Point", "coordinates": [-92.309818, 34.774232]}, "properties": {"c": "theft"}}, {"type": "Feature", "geometry": {"type": "Point", "coordinates": [-92.281057, 34.733182]}, "properties": {"c": "burglary"}}, {"type": "Feature", "geometry": {"type": "Point", "coordinates": [-92.314045, 34.679596]}, "properties": {"c": "traffic"}}, {"type": "Feature", "geometry": {"type": "Point", "coordinates": [-92.466392, 34.811405]}, "properties": {"c": "alarm"}}, {"type": "Feature", "geometry": {"type": "Point", "coordinates": [-92.368248, 34.738]}, "properties": {"c": "welfare"}}, {"type": "Feature", "geometry": {"type": "Point", "coordinates": [-92.323102, 34.740428]}, "properties": {"c": "disturbance"}}, {"type": "Feature", "geometry": {"type": "Point", "coordinates": [-92.317513, 34.740225]}, "properties": {"c": "other"}}, {"type": "Feature", "geometry": {"type": "Point", "coordinates": [-92.411924, 34.738943]}, "properties": {"c": "vandalism"}}, {"type": "Feature", "geometry": {"type": "Point", "coordinates": [-92.418443, 34.7527425]}, "properties": {"c": "traffic"}}, {"type": "Feature", "geometry": {"type": "Point", "coordinates": [-92.276537, 34.749128]}, "properties": {"c": "assist"}}, {"type": "Feature", "geometry": {"type": "Point", "coordinates": [-92.37245200000001, 34.669686999999996]}, "properties": {"c": "theft"}}, {"type": "Feature", "geometry": {"type": "Point", "coordinates": [-92.402504, 34.790017]}, "properties": {"c": "assault"}}, {"type": "Feature", "geometry": {"type": "Point", "coordinates": [-92.349169, 34.678169]}, "properties": {"c": "assault"}}, {"type": "Feature", "geometry": {"type": "Point", "coordinates": [-92.284716, 34.721988]}, "properties": {"c": "disturbance"}}, {"type": "Feature", "geometry": {"type": "Point", "coordinates": [-92.27439, 34.757256]}, "properties": {"c": "assist"}}, {"type": "Feature", "geometry": {"type": "Point", "coordinates": [-92.397723, 34.728334]}, "properties": {"c": "sex"}}, {"type": "Feature", "geometry": {"type": "Point", "coordinates": [-92.288309, 34.739926]}, "properties": {"c": "disturbance"}}, {"type": "Feature", "geometry": {"type": "Point", "coordinates": [-92.351118, 34.759122]}, "properties": {"c": "traffic"}}, {"type": "Feature", "geometry": {"type": "Point", "coordinates": [-92.29825, 34.734371]}, "properties": {"c": "assault"}}, {"type": "Feature", "geometry": {"type": "Point", "coordinates": [-92.335489, 34.753676]}, "properties": {"c": "disturbance"}}, {"type": "Feature", "geometry": {"type": "Point", "coordinates": [-92.369335, 34.662576]}, "properties": {"c": "alarm"}}, {"type": "Feature", "geometry": {"type": "Point", "coordinates": [-92.281227, 34.721002]}, "properties": {"c": "disturbance"}}, {"type": "Feature", "geometry": {"type": "Point", "coordinates": [-92.394211, 34.765333]}, "properties": {"c": "burglary"}}, {"type": "Feature", "geometry": {"type": "Point", "coordinates": [-92.382486, 34.701051]}, "properties": {"c": "trespass"}}, {"type": "Feature", "geometry": {"type": "Point", "coordinates": [-92.367349, 34.752734]}, "properties": {"c": "traffic"}}, {"type": "Feature", "geometry": {"type": "Point", "coordinates": [-92.378715, 34.762123]}, "properties": {"c": "alarm"}}, {"type": "Feature", "geometry": {"type": "Point", "coordinates": [-92.2121115, 34.711809]}, "properties": {"c": "assault"}}, {"type": "Feature", "geometry": {"type": "Point", "coordinates": [-92.28049, 34.744556]}, "properties": {"c": "traffic"}}, {"type": "Feature", "geometry": {"type": "Point", "coordinates": [-92.349302, 34.679834]}, "properties": {"c": "assist"}}, {"type": "Feature", "geometry": {"type": "Point", "coordinates": [-92.40696349999999, 34.7429675]}, "properties": {"c": "welfare"}}, {"type": "Feature", "geometry": {"type": "Point", "coordinates": [-92.353159, 34.76914]}, "properties": {"c": "alarm"}}, {"type": "Feature", "geometry": {"type": "Point", "coordinates": [-92.355718, 34.769452]}, "properties": {"c": "welfare"}}, {"type": "Feature", "geometry": {"type": "Point", "coordinates": [-92.34336, 34.676926]}, "properties": {"c": "welfare"}}, {"type": "Feature", "geometry": {"type": "Point", "coordinates": [-92.402543, 34.789249]}, "properties": {"c": "assault"}}, {"type": "Feature", "geometry": {"type": "Point", "coordinates": [-92.3423, 34.703266]}, "properties": {"c": "trespass"}}, {"type": "Feature", "geometry": {"type": "Point", "coordinates": [-92.308716, 34.7587]}, "properties": {"c": "alarm"}}, {"type": "Feature", "geometry": {"type": "Point", "coordinates": [-92.335127, 34.740745]}, "properties": {"c": "welfare"}}, {"type": "Feature", "geometry": {"type": "Point", "coordinates": [-92.291274, 34.722148]}, "properties": {"c": "traffic"}}, {"type": "Feature", "geometry": {"type": "Point", "coordinates": [-92.448465, 34.794858]}, "properties": {"c": "welfare"}}, {"type": "Feature", "geometry": {"type": "Point", "coordinates": [-92.342572, 34.721641]}, "properties": {"c": "disturbance"}}, {"type": "Feature", "geometry": {"type": "Point", "coordinates": [-92.438654, 34.801592]}, "properties": {"c": "traffic"}}, {"type": "Feature", "geometry": {"type": "Point", "coordinates": [-92.383896, 34.725234]}, "properties": {"c": "disturbance"}}, {"type": "Feature", "geometry": {"type": "Point", "coordinates": [-92.267228, 34.747997]}, "properties": {"c": "disturbance"}}, {"type": "Feature", "geometry": {"type": "Point", "coordinates": [-92.39714, 34.6552]}, "properties": {"c": "traffic"}}, {"type": "Feature", "geometry": {"type": "Point", "coordinates": [-92.341679, 34.74701]}, "properties": {"c": "traffic"}}, {"type": "Feature", "geometry": {"type": "Point", "coordinates": [-92.246932, 34.719367]}, "properties": {"c": "alarm"}}, {"type": "Feature", "geometry": {"type": "Point", "coordinates": [-92.358151, 34.743691]}, "properties": {"c": "alarm"}}, {"type": "Feature", "geometry": {"type": "Point", "coordinates": [-92.342873, 34.747581]}, "properties": {"c": "disturbance"}}, {"type": "Feature", "geometry": {"type": "Point", "coordinates": [-92.408519, 34.720862]}, "properties": {"c": "traffic"}}, {"type": "Feature", "geometry": {"type": "Point", "coordinates": [-92.43661, 34.647365]}, "properties": {"c": "welfare"}}, {"type": "Feature", "geometry": {"type": "Point", "coordinates": [-92.32218, 34.735096]}, "properties": {"c": "assault"}}, {"type": "Feature", "geometry": {"type": "Point", "coordinates": [-92.277129, 34.74877]}, "properties": {"c": "disturbance"}}, {"type": "Feature", "geometry": {"type": "Point", "coordinates": [-92.38959650000001, 34.754922]}, "properties": {"c": "welfare"}}, {"type": "Feature", "geometry": {"type": "Point", "coordinates": [-92.349302, 34.679834]}, "properties": {"c": "assist"}}, {"type": "Feature", "geometry": {"type": "Point", "coordinates": [-92.294723, 34.724785499999996]}, "properties": {"c": "traffic"}}, {"type": "Feature", "geometry": {"type": "Point", "coordinates": [-92.381709, 34.719315]}, "properties": {"c": "vandalism"}}, {"type": "Feature", "geometry": {"type": "Point", "coordinates": [-92.323138, 34.722677]}, "properties": {"c": "other"}}, {"type": "Feature", "geometry": {"type": "Point", "coordinates": [-92.369516, 34.756668]}, "properties": {"c": "traffic"}}, {"type": "Feature", "geometry": {"type": "Point", "coordinates": [-92.337354, 34.703509]}, "properties": {"c": "burglary"}}, {"type": "Feature", "geometry": {"type": "Point", "coordinates": [-92.370566, 34.658709]}, "properties": {"c": "theft"}}, {"type": "Feature", "geometry": {"type": "Point", "coordinates": [-92.334021, 34.74284299999999]}, "properties": {"c": "welfare"}}, {"type": "Feature", "geometry": {"type": "Point", "coordinates": [-92.3472825, 34.663941]}, "properties": {"c": "suspicious"}}, {"type": "Feature", "geometry": {"type": "Point", "coordinates": [-92.343646, 34.717978]}, "properties": {"c": "welfare"}}, {"type": "Feature", "geometry": {"type": "Point", "coordinates": [-92.407734, 34.661994]}, "properties": {"c": "theft"}}, {"type": "Feature", "geometry": {"type": "Point", "coordinates": [-92.348033, 34.719468]}, "properties": {"c": "welfare"}}, {"type": "Feature", "geometry": {"type": "Point", "coordinates": [-92.222898, 34.728196]}, "properties": {"c": "assist"}}, {"type": "Feature", "geometry": {"type": "Point", "coordinates": [-92.299325, 34.731871]}, "properties": {"c": "shots"}}, {"type": "Feature", "geometry": {"type": "Point", "coordinates": [-92.409836, 34.765643]}, "properties": {"c": "assault"}}, {"type": "Feature", "geometry": {"type": "Point", "coordinates": [-92.274216, 34.726125]}, "properties": {"c": "disturbance"}}, {"type": "Feature", "geometry": {"type": "Point", "coordinates": [-92.3409445, 34.7702865]}, "properties": {"c": "traffic"}}, {"type": "Feature", "geometry": {"type": "Point", "coordinates": [-92.347646, 34.749785]}, "properties": {"c": "traffic"}}, {"type": "Feature", "geometry": {"type": "Point", "coordinates": [-92.343642, 34.731236]}, "properties": {"c": "assault"}}, {"type": "Feature", "geometry": {"type": "Point", "coordinates": [-92.282103, 34.743361]}, "properties": {"c": "alarm"}}, {"type": "Feature", "geometry": {"type": "Point", "coordinates": [-92.412994, 34.656953]}, "properties": {"c": "disturbance"}}, {"type": "Feature", "geometry": {"type": "Point", "coordinates": [-92.395575, 34.729101]}, "properties": {"c": "welfare"}}, {"type": "Feature", "geometry": {"type": "Point", "coordinates": [-92.3423, 34.703266]}, "properties": {"c": "shots"}}, {"type": "Feature", "geometry": {"type": "Point", "coordinates": [-92.2648025, 34.7244745]}, "properties": {"c": "traffic"}}, {"type": "Feature", "geometry": {"type": "Point", "coordinates": [-92.379714, 34.744827]}, "properties": {"c": "suspicious"}}, {"type": "Feature", "geometry": {"type": "Point", "coordinates": [-92.343035, 34.721135]}, "properties": {"c": "disturbance"}}, {"type": "Feature", "geometry": {"type": "Point", "coordinates": [-92.35999000000001, 34.7151975]}, "properties": {"c": "welfare"}}, {"type": "Feature", "geometry": {"type": "Point", "coordinates": [-92.456306, 34.772903]}, "properties": {"c": "traffic"}}, {"type": "Feature", "geometry": {"type": "Point", "coordinates": [-92.37245200000001, 34.669686999999996]}, "properties": {"c": "traffic"}}, {"type": "Feature", "geometry": {"type": "Point", "coordinates": [-92.32507, 34.760253]}, "properties": {"c": "assist"}}, {"type": "Feature", "geometry": {"type": "Point", "coordinates": [-92.270981, 34.725322]}, "properties": {"c": "assist"}}, {"type": "Feature", "geometry": {"type": "Point", "coordinates": [-92.37009, 34.737523]}, "properties": {"c": "theft"}}, {"type": "Feature", "geometry": {"type": "Point", "coordinates": [-92.36373499999999, 34.657669]}, "properties": {"c": "traffic"}}, {"type": "Feature", "geometry": {"type": "Point", "coordinates": [-92.322079, 34.759391]}, "properties": {"c": "theft"}}, {"type": "Feature", "geometry": {"type": "Point", "coordinates": [-92.44364350000001, 34.6712485]}, "properties": {"c": "traffic"}}, {"type": "Feature", "geometry": {"type": "Point", "coordinates": [-92.330867, 34.681893]}, "properties": {"c": "disturbance"}}, {"type": "Feature", "geometry": {"type": "Point", "coordinates": [-92.44065, 34.774408]}, "properties": {"c": "alarm"}}, {"type": "Feature", "geometry": {"type": "Point", "coordinates": [-92.320051, 34.739295]}, "properties": {"c": "traffic"}}, {"type": "Feature", "geometry": {"type": "Point", "coordinates": [-92.371021, 34.660159]}, "properties": {"c": "traffic"}}, {"type": "Feature", "geometry": {"type": "Point", "coordinates": [-92.343336, 34.715788]}, "properties": {"c": "welfare"}}, {"type": "Feature", "geometry": {"type": "Point", "coordinates": [-92.324434, 34.741172]}, "properties": {"c": "disturbance"}}, {"type": "Feature", "geometry": {"type": "Point", "coordinates": [-92.457353, 34.771118]}, "properties": {"c": "disturbance"}}, {"type": "Feature", "geometry": {"type": "Point", "coordinates": [-92.268862, 34.740216]}, "properties": {"c": "assault"}}, {"type": "Feature", "geometry": {"type": "Point", "coordinates": [-92.27364850000001, 34.734243500000005]}, "properties": {"c": "traffic"}}, {"type": "Feature", "geometry": {"type": "Point", "coordinates": [-92.337132, 34.752187]}, "properties": {"c": "disturbance"}}, {"type": "Feature", "geometry": {"type": "Point", "coordinates": [-92.357669, 34.696543]}, "properties": {"c": "shots"}}, {"type": "Feature", "geometry": {"type": "Point", "coordinates": [-92.282103, 34.743361]}, "properties": {"c": "alarm"}}, {"type": "Feature", "geometry": {"type": "Point", "coordinates": [-92.256603, 34.736963]}, "properties": {"c": "assist"}}, {"type": "Feature", "geometry": {"type": "Point", "coordinates": [-92.32484149999999, 34.7678305]}, "properties": {"c": "welfare"}}, {"type": "Feature", "geometry": {"type": "Point", "coordinates": [-92.374231, 34.676823]}, "properties": {"c": "disturbance"}}, {"type": "Feature", "geometry": {"type": "Point", "coordinates": [-92.246665, 34.745141]}, "properties": {"c": "drugs"}}, {"type": "Feature", "geometry": {"type": "Point", "coordinates": [-92.405426, 34.657771]}, "properties": {"c": "drugs"}}, {"type": "Feature", "geometry": {"type": "Point", "coordinates": [-92.388851, 34.77094]}, "properties": {"c": "burglary"}}, {"type": "Feature", "geometry": {"type": "Point", "coordinates": [-92.260913, 34.724785]}, "properties": {"c": "theft"}}, {"type": "Feature", "geometry": {"type": "Point", "coordinates": [-92.33939, 34.779941]}, "properties": {"c": "alarm"}}, {"type": "Feature", "geometry": {"type": "Point", "coordinates": [-92.407213, 34.767461]}, "properties": {"c": "suspicious"}}, {"type": "Feature", "geometry": {"type": "Point", "coordinates": [-92.282103, 34.743361]}, "properties": {"c": "alarm"}}, {"type": "Feature", "geometry": {"type": "Point", "coordinates": [-92.43735, 34.647962]}, "properties": {"c": "welfare"}}, {"type": "Feature", "geometry": {"type": "Point", "coordinates": [-92.19593, 34.718138]}, "properties": {"c": "disturbance"}}, {"type": "Feature", "geometry": {"type": "Point", "coordinates": [-92.2802935, 34.7438195]}, "properties": {"c": "traffic"}}, {"type": "Feature", "geometry": {"type": "Point", "coordinates": [-92.338078, 34.67359]}, "properties": {"c": "welfare"}}, {"type": "Feature", "geometry": {"type": "Point", "coordinates": [-92.315051, 34.726135]}, "properties": {"c": "welfare"}}, {"type": "Feature", "geometry": {"type": "Point", "coordinates": [-92.3423, 34.703266]}, "properties": {"c": "disturbance"}}, {"type": "Feature", "geometry": {"type": "Point", "coordinates": [-92.373153, 34.74464]}, "properties": {"c": "traffic"}}, {"type": "Feature", "geometry": {"type": "Point", "coordinates": [-92.261695, 34.740698]}, "properties": {"c": "robbery"}}, {"type": "Feature", "geometry": {"type": "Point", "coordinates": [-92.281064, 34.748335]}, "properties": {"c": "disturbance"}}, {"type": "Feature", "geometry": {"type": "Point", "coordinates": [-92.277129, 34.74877]}, "properties": {"c": "disturbance"}}, {"type": "Feature", "geometry": {"type": "Point", "coordinates": [-92.344473, 34.711276]}, "properties": {"c": "theft"}}, {"type": "Feature", "geometry": {"type": "Point", "coordinates": [-92.394822, 34.7538415]}, "properties": {"c": "traffic"}}, {"type": "Feature", "geometry": {"type": "Point", "coordinates": [-92.315623, 34.729097]}, "properties": {"c": "disturbance"}}, {"type": "Feature", "geometry": {"type": "Point", "coordinates": [-92.124639, 34.866193]}, "properties": {"c": "trespass"}}, {"type": "Feature", "geometry": {"type": "Point", "coordinates": [-92.29015, 34.749222]}, "properties": {"c": "alarm"}}, {"type": "Feature", "geometry": {"type": "Point", "coordinates": [-92.380542, 34.77025]}, "properties": {"c": "traffic"}}, {"type": "Feature", "geometry": {"type": "Point", "coordinates": [-92.341566, 34.668733]}, "properties": {"c": "disturbance"}}, {"type": "Feature", "geometry": {"type": "Point", "coordinates": [-92.445443, 34.741956]}, "properties": {"c": "alarm"}}, {"type": "Feature", "geometry": {"type": "Point", "coordinates": [-92.345147, 34.668513]}, "properties": {"c": "disturbance"}}, {"type": "Feature", "geometry": {"type": "Point", "coordinates": [-92.313, 34.766434]}, "properties": {"c": "disturbance"}}, {"type": "Feature", "geometry": {"type": "Point", "coordinates": [-92.26933, 34.742104]}, "properties": {"c": "theft"}}, {"type": "Feature", "geometry": {"type": "Point", "coordinates": [-92.363745, 34.654697999999996]}, "properties": {"c": "traffic"}}, {"type": "Feature", "geometry": {"type": "Point", "coordinates": [-92.4414305, 34.736308]}, "properties": {"c": "traffic"}}, {"type": "Feature", "geometry": {"type": "Point", "coordinates": [-92.349257, 34.6696]}, "properties": {"c": "suspicious"}}, {"type": "Feature", "geometry": {"type": "Point", "coordinates": [-92.39988, 34.771414]}, "properties": {"c": "traffic"}}, {"type": "Feature", "geometry": {"type": "Point", "coordinates": [-92.320428, 34.738499]}, "properties": {"c": "disturbance"}}, {"type": "Feature", "geometry": {"type": "Point", "coordinates": [-92.393135, 34.715328]}, "properties": {"c": "disturbance"}}, {"type": "Feature", "geometry": {"type": "Point", "coordinates": [-92.332428, 34.720488]}, "properties": {"c": "welfare"}}, {"type": "Feature", "geometry": {"type": "Point", "coordinates": [-92.343965, 34.669466]}, "properties": {"c": "trespass"}}, {"type": "Feature", "geometry": {"type": "Point", "coordinates": [-92.386184, 34.74219]}, "properties": {"c": "disturbance"}}, {"type": "Feature", "geometry": {"type": "Point", "coordinates": [-92.419118, 34.792994]}, "properties": {"c": "alarm"}}, {"type": "Feature", "geometry": {"type": "Point", "coordinates": [-92.4715365, 34.792441999999994]}, "properties": {"c": "traffic"}}, {"type": "Feature", "geometry": {"type": "Point", "coordinates": [-92.3427455, 34.686499999999995]}, "properties": {"c": "traffic"}}, {"type": "Feature", "geometry": {"type": "Point", "coordinates": [-92.4076865, 34.721104]}, "properties": {"c": "traffic"}}, {"type": "Feature", "geometry": {"type": "Point", "coordinates": [-92.288309, 34.739926]}, "properties": {"c": "shots"}}, {"type": "Feature", "geometry": {"type": "Point", "coordinates": [-92.405426, 34.657771]}, "properties": {"c": "suspicious"}}, {"type": "Feature", "geometry": {"type": "Point", "coordinates": [-92.383666, 34.752926]}, "properties": {"c": "disturbance"}}, {"type": "Feature", "geometry": {"type": "Point", "coordinates": [-92.344612, 34.673314]}, "properties": {"c": "traffic"}}, {"type": "Feature", "geometry": {"type": "Point", "coordinates": [-92.3327, 34.71966]}, "properties": {"c": "suspicious"}}, {"type": "Feature", "geometry": {"type": "Point", "coordinates": [-92.284844, 34.732424]}, "properties": {"c": "disturbance"}}, {"type": "Feature", "geometry": {"type": "Point", "coordinates": [-92.41282100000001, 34.763326500000005]}, "properties": {"c": "traffic"}}, {"type": "Feature", "geometry": {"type": "Point", "coordinates": [-92.32819549999999, 34.741896]}, "properties": {"c": "welfare"}}, {"type": "Feature", "geometry": {"type": "Point", "coordinates": [-92.345543, 34.703248]}, "properties": {"c": "welfare"}}, {"type": "Feature", "geometry": {"type": "Point", "coordinates": [-92.31774, 34.751131]}, "properties": {"c": "welfare"}}, {"type": "Feature", "geometry": {"type": "Point", "coordinates": [-92.374543, 34.749133]}, "properties": {"c": "drugs"}}, {"type": "Feature", "geometry": {"type": "Point", "coordinates": [-92.393821, 34.742492999999996]}, "properties": {"c": "traffic"}}, {"type": "Feature", "geometry": {"type": "Point", "coordinates": [-92.396997, 34.75747]}, "properties": {"c": "disturbance"}}, {"type": "Feature", "geometry": {"type": "Point", "coordinates": [-92.403621, 34.744228]}, "properties": {"c": "welfare"}}, {"type": "Feature", "geometry": {"type": "Point", "coordinates": [-92.316979, 34.750949]}, "properties": {"c": "theft"}}, {"type": "Feature", "geometry": {"type": "Point", "coordinates": [-92.2716985, 34.7448825]}, "properties": {"c": "disturbance"}}, {"type": "Feature", "geometry": {"type": "Point", "coordinates": [-92.372444, 34.662126]}, "properties": {"c": "suspicious"}}, {"type": "Feature", "geometry": {"type": "Point", "coordinates": [-92.399305, 34.713205]}, "properties": {"c": "traffic"}}, {"type": "Feature", "geometry": {"type": "Point", "coordinates": [-92.426329, 34.758075]}, "properties": {"c": "welfare"}}, {"type": "Feature", "geometry": {"type": "Point", "coordinates": [-92.412994, 34.656953]}, "properties": {"c": "disturbance"}}, {"type": "Feature", "geometry": {"type": "Point", "coordinates": [-92.376986, 34.667168]}, "properties": {"c": "sex"}}, {"type": "Feature", "geometry": {"type": "Point", "coordinates": [-92.287296, 34.730411]}, "properties": {"c": "disturbance"}}, {"type": "Feature", "geometry": {"type": "Point", "coordinates": [-92.323545, 34.723967]}, "properties": {"c": "suspicious"}}, {"type": "Feature", "geometry": {"type": "Point", "coordinates": [-92.364803, 34.730811]}, "properties": {"c": "welfare"}}, {"type": "Feature", "geometry": {"type": "Point", "coordinates": [-92.333462, 34.698353]}, "properties": {"c": "suspicious"}}, {"type": "Feature", "geometry": {"type": "Point", "coordinates": [-92.296031, 34.730192]}, "properties": {"c": "welfare"}}, {"type": "Feature", "geometry": {"type": "Point", "coordinates": [-92.411769, 34.751949]}, "properties": {"c": "other"}}, {"type": "Feature", "geometry": {"type": "Point", "coordinates": [-92.266151, 34.747721]}, "properties": {"c": "theft"}}, {"type": "Feature", "geometry": {"type": "Point", "coordinates": [-92.373758, 34.73222]}, "properties": {"c": "traffic"}}, {"type": "Feature", "geometry": {"type": "Point", "coordinates": [-92.406337, 34.768653]}, "properties": {"c": "alarm"}}, {"type": "Feature", "geometry": {"type": "Point", "coordinates": [-92.30971, 34.762806]}, "properties": {"c": "suspicious"}}, {"type": "Feature", "geometry": {"type": "Point", "coordinates": [-92.29647, 34.7329735]}, "properties": {"c": "disturbance"}}, {"type": "Feature", "geometry": {"type": "Point", "coordinates": [-92.35612, 34.727225000000004]}, "properties": {"c": "shots"}}, {"type": "Feature", "geometry": {"type": "Point", "coordinates": [-92.393473, 34.754368]}, "properties": {"c": "disturbance"}}, {"type": "Feature", "geometry": {"type": "Point", "coordinates": [-92.366529, 34.674226]}, "properties": {"c": "assault"}}, {"type": "Feature", "geometry": {"type": "Point", "coordinates": [-92.35677, 34.75743]}, "properties": {"c": "suspicious"}}, {"type": "Feature", "geometry": {"type": "Point", "coordinates": [-92.418106, 34.636799]}, "properties": {"c": "shots"}}, {"type": "Feature", "geometry": {"type": "Point", "coordinates": [-92.273802, 34.735685]}, "properties": {"c": "welfare"}}, {"type": "Feature", "geometry": {"type": "Point", "coordinates": [-92.4034865, 34.7489735]}, "properties": {"c": "traffic"}}, {"type": "Feature", "geometry": {"type": "Point", "coordinates": [-92.33201, 34.691681]}, "properties": {"c": "suspicious"}}, {"type": "Feature", "geometry": {"type": "Point", "coordinates": [-92.389927, 34.638123]}, "properties": {"c": "alarm"}}, {"type": "Feature", "geometry": {"type": "Point", "coordinates": [-92.3297, 34.73694]}, "properties": {"c": "shots"}}, {"type": "Feature", "geometry": {"type": "Point", "coordinates": [-92.352111, 34.770211]}, "properties": {"c": "suspicious"}}, {"type": "Feature", "geometry": {"type": "Point", "coordinates": [-92.352111, 34.770211]}, "properties": {"c": "disturbance"}}, {"type": "Feature", "geometry": {"type": "Point", "coordinates": [-92.368887, 34.709145]}, "properties": {"c": "suspicious"}}, {"type": "Feature", "geometry": {"type": "Point", "coordinates": [-92.389296, 34.740462]}, "properties": {"c": "traffic"}}, {"type": "Feature", "geometry": {"type": "Point", "coordinates": [-92.276718, 34.743589]}, "properties": {"c": "welfare"}}, {"type": "Feature", "geometry": {"type": "Point", "coordinates": [-92.323589, 34.740109]}, "properties": {"c": "assault"}}, {"type": "Feature", "geometry": {"type": "Point", "coordinates": [-92.35440249999999, 34.7375725]}, "properties": {"c": "shots"}}, {"type": "Feature", "geometry": {"type": "Point", "coordinates": [-92.2670295, 34.7479625]}, "properties": {"c": "other"}}, {"type": "Feature", "geometry": {"type": "Point", "coordinates": [-92.342439, 34.750246]}, "properties": {"c": "shots"}}, {"type": "Feature", "geometry": {"type": "Point", "coordinates": [-92.419204, 34.73347]}, "properties": {"c": "suspicious"}}, {"type": "Feature", "geometry": {"type": "Point", "coordinates": [-92.275704, 34.743482]}, "properties": {"c": "traffic"}}, {"type": "Feature", "geometry": {"type": "Point", "coordinates": [-92.343101, 34.753551]}, "properties": {"c": "disturbance"}}, {"type": "Feature", "geometry": {"type": "Point", "coordinates": [-92.351177, 34.658101]}, "properties": {"c": "theft"}}, {"type": "Feature", "geometry": {"type": "Point", "coordinates": [-92.400373, 34.757497]}, "properties": {"c": "disturbance"}}, {"type": "Feature", "geometry": {"type": "Point", "coordinates": [-92.469802, 34.813646]}, "properties": {"c": "welfare"}}, {"type": "Feature", "geometry": {"type": "Point", "coordinates": [-92.259803, 34.723109]}, "properties": {"c": "disturbance"}}, {"type": "Feature", "geometry": {"type": "Point", "coordinates": [-92.41049, 34.757576]}, "properties": {"c": "suspicious"}}, {"type": "Feature", "geometry": {"type": "Point", "coordinates": [-92.2770895, 34.736097]}, "properties": {"c": "traffic"}}, {"type": "Feature", "geometry": {"type": "Point", "coordinates": [-92.332592, 34.725859]}, "properties": {"c": "welfare"}}, {"type": "Feature", "geometry": {"type": "Point", "coordinates": [-92.372234, 34.719288]}, "properties": {"c": "welfare"}}, {"type": "Feature", "geometry": {"type": "Point", "coordinates": [-92.505695, 34.812899]}, "properties": {"c": "disturbance"}}, {"type": "Feature", "geometry": {"type": "Point", "coordinates": [-92.352835, 34.669872]}, "properties": {"c": "assault"}}, {"type": "Feature", "geometry": {"type": "Point", "coordinates": [-92.326566, 34.738801]}, "properties": {"c": "suspicious"}}, {"type": "Feature", "geometry": {"type": "Point", "coordinates": [-92.267919, 34.724667]}, "properties": {"c": "welfare"}}, {"type": "Feature", "geometry": {"type": "Point", "coordinates": [-92.381358, 34.744435]}, "properties": {"c": "assault"}}, {"type": "Feature", "geometry": {"type": "Point", "coordinates": [-92.330589, 34.692257]}, "properties": {"c": "assault"}}, {"type": "Feature", "geometry": {"type": "Point", "coordinates": [-92.320103, 34.749011]}, "properties": {"c": "disturbance"}}, {"type": "Feature", "geometry": {"type": "Point", "coordinates": [-92.329038, 34.671638]}, "properties": {"c": "disturbance"}}, {"type": "Feature", "geometry": {"type": "Point", "coordinates": [-92.3675145, 34.7160695]}, "properties": {"c": "disturbance"}}, {"type": "Feature", "geometry": {"type": "Point", "coordinates": [-92.44065, 34.774408]}, "properties": {"c": "welfare"}}, {"type": "Feature", "geometry": {"type": "Point", "coordinates": [-92.28578, 34.726403]}, "properties": {"c": "assault"}}, {"type": "Feature", "geometry": {"type": "Point", "coordinates": [-92.323946, 34.77089]}, "properties": {"c": "alarm"}}, {"type": "Feature", "geometry": {"type": "Point", "coordinates": [-92.426035, 34.748073]}, "properties": {"c": "shots"}}, {"type": "Feature", "geometry": {"type": "Point", "coordinates": [-92.3291, 34.671872]}, "properties": {"c": "disturbance"}}, {"type": "Feature", "geometry": {"type": "Point", "coordinates": [-92.374734, 34.637302]}, "properties": {"c": "disturbance"}}, {"type": "Feature", "geometry": {"type": "Point", "coordinates": [-92.375226, 34.752332]}, "properties": {"c": "burglary"}}, {"type": "Feature", "geometry": {"type": "Point", "coordinates": [-92.382031, 34.664404]}, "properties": {"c": "trespass"}}, {"type": "Feature", "geometry": {"type": "Point", "coordinates": [-92.327486, 34.685642]}, "properties": {"c": "traffic"}}, {"type": "Feature", "geometry": {"type": "Point", "coordinates": [-92.344718, 34.670845]}, "properties": {"c": "shots"}}, {"type": "Feature", "geometry": {"type": "Point", "coordinates": [-92.273448, 34.747816]}, "properties": {"c": "alarm"}}, {"type": "Feature", "geometry": {"type": "Point", "coordinates": [-92.37753, 34.670597]}, "properties": {"c": "disturbance"}}, {"type": "Feature", "geometry": {"type": "Point", "coordinates": [-92.259716, 34.723517]}, "properties": {"c": "disturbance"}}, {"type": "Feature", "geometry": {"type": "Point", "coordinates": [-92.377721, 34.759619]}, "properties": {"c": "alarm"}}, {"type": "Feature", "geometry": {"type": "Point", "coordinates": [-92.31017, 34.723478]}, "properties": {"c": "assist"}}, {"type": "Feature", "geometry": {"type": "Point", "coordinates": [-92.348033, 34.719468]}, "properties": {"c": "alarm"}}, {"type": "Feature", "geometry": {"type": "Point", "coordinates": [-92.410007, 34.715627]}, "properties": {"c": "suspicious"}}, {"type": "Feature", "geometry": {"type": "Point", "coordinates": [-92.33078325, 34.692815499999995]}, "properties": {"c": "welfare"}}, {"type": "Feature", "geometry": {"type": "Point", "coordinates": [-92.387207, 34.76695]}, "properties": {"c": "traffic"}}, {"type": "Feature", "geometry": {"type": "Point", "coordinates": [-92.4061835, 34.744182]}, "properties": {"c": "shots"}}, {"type": "Feature", "geometry": {"type": "Point", "coordinates": [-92.387697, 34.764605]}, "properties": {"c": "alarm"}}, {"type": "Feature", "geometry": {"type": "Point", "coordinates": [-92.386637, 34.670835]}, "properties": {"c": "vandalism"}}, {"type": "Feature", "geometry": {"type": "Point", "coordinates": [-92.423517, 34.672849]}, "properties": {"c": "burglary"}}, {"type": "Feature", "geometry": {"type": "Point", "coordinates": [-92.374586, 34.750584]}, "properties": {"c": "disturbance"}}, {"type": "Feature", "geometry": {"type": "Point", "coordinates": [-92.248603, 34.743181]}, "properties": {"c": "traffic"}}, {"type": "Feature", "geometry": {"type": "Point", "coordinates": [-92.431944, 34.759943]}, "properties": {"c": "alarm"}}, {"type": "Feature", "geometry": {"type": "Point", "coordinates": [-92.36986, 34.672981]}, "properties": {"c": "disturbance"}}, {"type": "Feature", "geometry": {"type": "Point", "coordinates": [-92.2648235, 34.745048]}, "properties": {"c": "traffic"}}, {"type": "Feature", "geometry": {"type": "Point", "coordinates": [-92.268221, 34.742457]}, "properties": {"c": "welfare"}}, {"type": "Feature", "geometry": {"type": "Point", "coordinates": [-92.321687, 34.728177]}, "properties": {"c": "alarm"}}, {"type": "Feature", "geometry": {"type": "Point", "coordinates": [-92.37822083168317, 34.760469178217825]}, "properties": {"c": "theft"}}, {"type": "Feature", "geometry": {"type": "Point", "coordinates": [-92.427359, 34.804924]}, "properties": {"c": "theft"}}, {"type": "Feature", "geometry": {"type": "Point", "coordinates": [-92.383403, 34.763035]}, "properties": {"c": "alarm"}}, {"type": "Feature", "geometry": {"type": "Point", "coordinates": [-92.33162, 34.740296]}, "properties": {"c": "suspicious"}}, {"type": "Feature", "geometry": {"type": "Point", "coordinates": [-92.338774, 34.677916]}, "properties": {"c": "theft"}}, {"type": "Feature", "geometry": {"type": "Point", "coordinates": [-92.346369, 34.719551]}, "properties": {"c": "trespass"}}, {"type": "Feature", "geometry": {"type": "Point", "coordinates": [-92.300457, 34.759481]}, "properties": {"c": "alarm"}}, {"type": "Feature", "geometry": {"type": "Point", "coordinates": [-92.264954, 34.742945]}, "properties": {"c": "disturbance"}}, {"type": "Feature", "geometry": {"type": "Point", "coordinates": [-92.367064, 34.674143]}, "properties": {"c": "trespass"}}, {"type": "Feature", "geometry": {"type": "Point", "coordinates": [-92.373758, 34.73222]}, "properties": {"c": "assist"}}, {"type": "Feature", "geometry": {"type": "Point", "coordinates": [-92.255635, 34.73712]}, "properties": {"c": "disturbance"}}, {"type": "Feature", "geometry": {"type": "Point", "coordinates": [-92.41149, 34.787759]}, "properties": {"c": "disturbance"}}, {"type": "Feature", "geometry": {"type": "Point", "coordinates": [-92.390401, 34.75515]}, "properties": {"c": "disturbance"}}, {"type": "Feature", "geometry": {"type": "Point", "coordinates": [-92.405426, 34.657771]}, "properties": {"c": "welfare"}}, {"type": "Feature", "geometry": {"type": "Point", "coordinates": [-92.267072, 34.766628]}, "properties": {"c": "assist"}}, {"type": "Feature", "geometry": {"type": "Point", "coordinates": [-92.347746, 34.691663]}, "properties": {"c": "disturbance"}}, {"type": "Feature", "geometry": {"type": "Point", "coordinates": [-92.328386, 34.737799]}, "properties": {"c": "welfare"}}, {"type": "Feature", "geometry": {"type": "Point", "coordinates": [-92.393473, 34.754368]}, "properties": {"c": "disturbance"}}, {"type": "Feature", "geometry": {"type": "Point", "coordinates": [-92.407585, 34.749654]}, "properties": {"c": "welfare"}}, {"type": "Feature", "geometry": {"type": "Point", "coordinates": [-92.287296, 34.730411]}, "properties": {"c": "assault"}}, {"type": "Feature", "geometry": {"type": "Point", "coordinates": [-92.358949, 34.660393]}, "properties": {"c": "assault"}}, {"type": "Feature", "geometry": {"type": "Point", "coordinates": [-92.403735, 34.772012]}, "properties": {"c": "disturbance"}}, {"type": "Feature", "geometry": {"type": "Point", "coordinates": [-92.332592, 34.725859]}, "properties": {"c": "welfare"}}, {"type": "Feature", "geometry": {"type": "Point", "coordinates": [-92.36133050000001, 34.7177025]}, "properties": {"c": "traffic"}}, {"type": "Feature", "geometry": {"type": "Point", "coordinates": [-92.26756, 34.745026]}, "properties": {"c": "welfare"}}, {"type": "Feature", "geometry": {"type": "Point", "coordinates": [-92.281601, 34.76945]}, "properties": {"c": "suspicious"}}, {"type": "Feature", "geometry": {"type": "Point", "coordinates": [-92.366529, 34.674226]}, "properties": {"c": "assault"}}, {"type": "Feature", "geometry": {"type": "Point", "coordinates": [-92.31017, 34.723478]}, "properties": {"c": "assist"}}, {"type": "Feature", "geometry": {"type": "Point", "coordinates": [-92.320103, 34.749011]}, "properties": {"c": "shots"}}, {"type": "Feature", "geometry": {"type": "Point", "coordinates": [-92.360713, 34.671013]}, "properties": {"c": "welfare"}}, {"type": "Feature", "geometry": {"type": "Point", "coordinates": [-92.302698, 34.758443]}, "properties": {"c": "assault"}}, {"type": "Feature", "geometry": {"type": "Point", "coordinates": [-92.296723, 34.750424]}, "properties": {"c": "suspicious"}}, {"type": "Feature", "geometry": {"type": "Point", "coordinates": [-92.410542, 34.746653]}, "properties": {"c": "welfare"}}, {"type": "Feature", "geometry": {"type": "Point", "coordinates": [-92.268862, 34.740216]}, "properties": {"c": "assault"}}, {"type": "Feature", "geometry": {"type": "Point", "coordinates": [-92.343965, 34.669466]}, "properties": {"c": "shots"}}, {"type": "Feature", "geometry": {"type": "Point", "coordinates": [-92.246665, 34.745141]}, "properties": {"c": "disturbance"}}, {"type": "Feature", "geometry": {"type": "Point", "coordinates": [-92.268862, 34.740216]}, "properties": {"c": "welfare"}}, {"type": "Feature", "geometry": {"type": "Point", "coordinates": [-92.398378, 34.72648]}, "properties": {"c": "trespass"}}, {"type": "Feature", "geometry": {"type": "Point", "coordinates": [-92.215584, 34.70578]}, "properties": {"c": "welfare"}}, {"type": "Feature", "geometry": {"type": "Point", "coordinates": [-92.431538, 34.66173]}, "properties": {"c": "assault"}}, {"type": "Feature", "geometry": {"type": "Point", "coordinates": [-92.330894, 34.721222]}, "properties": {"c": "alarm"}}, {"type": "Feature", "geometry": {"type": "Point", "coordinates": [-92.34208, 34.742904]}, "properties": {"c": "suspicious"}}, {"type": "Feature", "geometry": {"type": "Point", "coordinates": [-92.419012, 34.670636]}, "properties": {"c": "welfare"}}, {"type": "Feature", "geometry": {"type": "Point", "coordinates": [-92.465463, 34.793609]}, "properties": {"c": "disturbance"}}, {"type": "Feature", "geometry": {"type": "Point", "coordinates": [-92.27354432812501, 34.74633459375]}, "properties": {"c": "theft"}}, {"type": "Feature", "geometry": {"type": "Point", "coordinates": [-92.396013, 34.799879]}, "properties": {"c": "burglary"}}, {"type": "Feature", "geometry": {"type": "Point", "coordinates": [-92.356291, 34.739812]}, "properties": {"c": "disturbance"}}, {"type": "Feature", "geometry": {"type": "Point", "coordinates": [-92.36046, 34.774162]}, "properties": {"c": "disturbance"}}, {"type": "Feature", "geometry": {"type": "Point", "coordinates": [-92.32, 34.752257]}, "properties": {"c": "trespass"}}, {"type": "Feature", "geometry": {"type": "Point", "coordinates": [-92.350982, 34.73909]}, "properties": {"c": "traffic"}}, {"type": "Feature", "geometry": {"type": "Point", "coordinates": [-92.271783, 34.7388]}, "properties": {"c": "welfare"}}, {"type": "Feature", "geometry": {"type": "Point", "coordinates": [-92.40984, 34.65474]}, "properties": {"c": "traffic"}}, {"type": "Feature", "geometry": {"type": "Point", "coordinates": [-92.322898, 34.746892]}, "properties": {"c": "assist"}}, {"type": "Feature", "geometry": {"type": "Point", "coordinates": [-92.368106, 34.649261]}, "properties": {"c": "assault"}}, {"type": "Feature", "geometry": {"type": "Point", "coordinates": [-92.278653, 34.735691]}, "properties": {"c": "disturbance"}}, {"type": "Feature", "geometry": {"type": "Point", "coordinates": [-92.265738, 34.724247]}, "properties": {"c": "theft"}}, {"type": "Feature", "geometry": {"type": "Point", "coordinates": [-92.349525, 34.746861]}, "properties": {"c": "disturbance"}}, {"type": "Feature", "geometry": {"type": "Point", "coordinates": [-92.402585, 34.761203]}, "properties": {"c": "alarm"}}, {"type": "Feature", "geometry": {"type": "Point", "coordinates": [-92.410634, 34.748357]}, "properties": {"c": "theft"}}, {"type": "Feature", "geometry": {"type": "Point", "coordinates": [-92.375932, 34.724573]}, "properties": {"c": "disturbance"}}, {"type": "Feature", "geometry": {"type": "Point", "coordinates": [-92.354616, 34.668796]}, "properties": {"c": "disturbance"}}, {"type": "Feature", "geometry": {"type": "Point", "coordinates": [-92.346771, 34.724702]}, "properties": {"c": "other"}}, {"type": "Feature", "geometry": {"type": "Point", "coordinates": [-92.279251, 34.735544]}, "properties": {"c": "disturbance"}}, {"type": "Feature", "geometry": {"type": "Point", "coordinates": [-92.31161349999999, 34.738712]}, "properties": {"c": "traffic"}}, {"type": "Feature", "geometry": {"type": "Point", "coordinates": [-92.378715, 34.762123]}, "properties": {"c": "alarm"}}, {"type": "Feature", "geometry": {"type": "Point", "coordinates": [-92.319923, 34.751832]}, "properties": {"c": "disturbance"}}, {"type": "Feature", "geometry": {"type": "Point", "coordinates": [-92.389476, 34.784425]}, "properties": {"c": "vandalism"}}, {"type": "Feature", "geometry": {"type": "Point", "coordinates": [-92.406801, 34.769892]}, "properties": {"c": "disturbance"}}, {"type": "Feature", "geometry": {"type": "Point", "coordinates": [-92.282101, 34.712528]}, "properties": {"c": "welfare"}}, {"type": "Feature", "geometry": {"type": "Point", "coordinates": [-92.2609955, 34.7219185]}, "properties": {"c": "disturbance"}}, {"type": "Feature", "geometry": {"type": "Point", "coordinates": [-92.332592, 34.725859]}, "properties": {"c": "disturbance"}}, {"type": "Feature", "geometry": {"type": "Point", "coordinates": [-92.410974, 34.725195]}, "properties": {"c": "welfare"}}, {"type": "Feature", "geometry": {"type": "Point", "coordinates": [-92.30126, 34.745427]}, "properties": {"c": "welfare"}}, {"type": "Feature", "geometry": {"type": "Point", "coordinates": [-92.351759, 34.719502]}, "properties": {"c": "disturbance"}}, {"type": "Feature", "geometry": {"type": "Point", "coordinates": [-92.308811, 34.759903]}, "properties": {"c": "welfare"}}, {"type": "Feature", "geometry": {"type": "Point", "coordinates": [-92.407163, 34.657003]}, "properties": {"c": "traffic"}}, {"type": "Feature", "geometry": {"type": "Point", "coordinates": [-92.408676, 34.793768]}, "properties": {"c": "welfare"}}, {"type": "Feature", "geometry": {"type": "Point", "coordinates": [-92.43325899999999, 34.749567]}, "properties": {"c": "disturbance"}}, {"type": "Feature", "geometry": {"type": "Point", "coordinates": [-92.354907, 34.766116]}, "properties": {"c": "welfare"}}, {"type": "Feature", "geometry": {"type": "Point", "coordinates": [-92.274307, 34.749308]}, "properties": {"c": "suspicious"}}, {"type": "Feature", "geometry": {"type": "Point", "coordinates": [-92.26872499999999, 34.7419795]}, "properties": {"c": "welfare"}}, {"type": "Feature", "geometry": {"type": "Point", "coordinates": [-92.279596, 34.736058]}, "properties": {"c": "vandalism"}}, {"type": "Feature", "geometry": {"type": "Point", "coordinates": [-92.414839, 34.799157]}, "properties": {"c": "alarm"}}, {"type": "Feature", "geometry": {"type": "Point", "coordinates": [-92.328172, 34.742077]}, "properties": {"c": "disturbance"}}, {"type": "Feature", "geometry": {"type": "Point", "coordinates": [-92.315623, 34.729097]}, "properties": {"c": "trespass"}}, {"type": "Feature", "geometry": {"type": "Point", "coordinates": [-92.26907, 34.746363]}, "properties": {"c": "alarm"}}, {"type": "Feature", "geometry": {"type": "Point", "coordinates": [-92.404932, 34.756794]}, "properties": {"c": "alarm"}}, {"type": "Feature", "geometry": {"type": "Point", "coordinates": [-92.428286, 34.782389]}, "properties": {"c": "burglary"}}, {"type": "Feature", "geometry": {"type": "Point", "coordinates": [-92.255377, 34.756152]}, "properties": {"c": "welfare"}}, {"type": "Feature", "geometry": {"type": "Point", "coordinates": [-92.327015, 34.740612]}, "properties": {"c": "disturbance"}}, {"type": "Feature", "geometry": {"type": "Point", "coordinates": [-92.34323, 34.665934]}, "properties": {"c": "welfare"}}, {"type": "Feature", "geometry": {"type": "Point", "coordinates": [-92.383666, 34.752926]}, "properties": {"c": "alarm"}}, {"type": "Feature", "geometry": {"type": "Point", "coordinates": [-92.442886, 34.640475]}, "properties": {"c": "traffic"}}, {"type": "Feature", "geometry": {"type": "Point", "coordinates": [-92.337359, 34.702364]}, "properties": {"c": "alarm"}}, {"type": "Feature", "geometry": {"type": "Point", "coordinates": [-92.371486, 34.669754]}, "properties": {"c": "assault"}}, {"type": "Feature", "geometry": {"type": "Point", "coordinates": [-92.340175, 34.741026]}, "properties": {"c": "alarm"}}, {"type": "Feature", "geometry": {"type": "Point", "coordinates": [-92.2926235, 34.746409]}, "properties": {"c": "welfare"}}, {"type": "Feature", "geometry": {"type": "Point", "coordinates": [-92.459413, 34.766976]}, "properties": {"c": "theft"}}, {"type": "Feature", "geometry": {"type": "Point", "coordinates": [-92.354427, 34.713861]}, "properties": {"c": "shots"}}, {"type": "Feature", "geometry": {"type": "Point", "coordinates": [-92.322382, 34.740967999999995]}, "properties": {"c": "suspicious"}}, {"type": "Feature", "geometry": {"type": "Point", "coordinates": [-92.347865, 34.735317]}, "properties": {"c": "shots"}}, {"type": "Feature", "geometry": {"type": "Point", "coordinates": [-92.378523, 34.660114]}, "properties": {"c": "burglary"}}, {"type": "Feature", "geometry": {"type": "Point", "coordinates": [-92.272037, 34.734955]}, "properties": {"c": "disturbance"}}, {"type": "Feature", "geometry": {"type": "Point", "coordinates": [-92.250079, 34.70423]}, "properties": {"c": "shots"}}, {"type": "Feature", "geometry": {"type": "Point", "coordinates": [-92.407734, 34.661994]}, "properties": {"c": "trespass"}}, {"type": "Feature", "geometry": {"type": "Point", "coordinates": [-92.386159, 34.668674]}, "properties": {"c": "vandalism"}}, {"type": "Feature", "geometry": {"type": "Point", "coordinates": [-92.342964, 34.679654]}, "properties": {"c": "disturbance"}}, {"type": "Feature", "geometry": {"type": "Point", "coordinates": [-92.378118, 34.721322]}, "properties": {"c": "theft"}}, {"type": "Feature", "geometry": {"type": "Point", "coordinates": [-92.352097, 34.718424]}, "properties": {"c": "assault"}}, {"type": "Feature", "geometry": {"type": "Point", "coordinates": [-92.326341, 34.696838]}, "properties": {"c": "alarm"}}, {"type": "Feature", "geometry": {"type": "Point", "coordinates": [-92.37799, 34.696032]}, "properties": {"c": "alarm"}}, {"type": "Feature", "geometry": {"type": "Point", "coordinates": [-92.405426, 34.657771]}, "properties": {"c": "disturbance"}}, {"type": "Feature", "geometry": {"type": "Point", "coordinates": [-92.389767, 34.711575]}, "properties": {"c": "suspicious"}}, {"type": "Feature", "geometry": {"type": "Point", "coordinates": [-92.3401455, 34.7409745]}, "properties": {"c": "traffic"}}, {"type": "Feature", "geometry": {"type": "Point", "coordinates": [-92.278685, 34.71871]}, "properties": {"c": "welfare"}}, {"type": "Feature", "geometry": {"type": "Point", "coordinates": [-92.282925, 34.721365]}, "properties": {"c": "burglary"}}, {"type": "Feature", "geometry": {"type": "Point", "coordinates": [-92.359837, 34.654784]}, "properties": {"c": "other"}}, {"type": "Feature", "geometry": {"type": "Point", "coordinates": [-92.38493700000001, 34.721408499999995]}, "properties": {"c": "welfare"}}, {"type": "Feature", "geometry": {"type": "Point", "coordinates": [-92.31017, 34.723478]}, "properties": {"c": "assist"}}, {"type": "Feature", "geometry": {"type": "Point", "coordinates": [-92.345036, 34.698648]}, "properties": {"c": "alarm"}}, {"type": "Feature", "geometry": {"type": "Point", "coordinates": [-92.382928, 34.772876]}, "properties": {"c": "suspicious"}}, {"type": "Feature", "geometry": {"type": "Point", "coordinates": [-92.37662, 34.733881]}, "properties": {"c": "assault"}}, {"type": "Feature", "geometry": {"type": "Point", "coordinates": [-92.368106, 34.649261]}, "properties": {"c": "welfare"}}, {"type": "Feature", "geometry": {"type": "Point", "coordinates": [-92.108969, 34.864344]}, "properties": {"c": "alarm"}}, {"type": "Feature", "geometry": {"type": "Point", "coordinates": [-92.386704, 34.765344]}, "properties": {"c": "other"}}, {"type": "Feature", "geometry": {"type": "Point", "coordinates": [-92.321669, 34.740474]}, "properties": {"c": "suspicious"}}, {"type": "Feature", "geometry": {"type": "Point", "coordinates": [-92.38314, 34.66263]}, "properties": {"c": "assault"}}, {"type": "Feature", "geometry": {"type": "Point", "coordinates": [-92.33157, 34.726763]}, "properties": {"c": "alarm"}}, {"type": "Feature", "geometry": {"type": "Point", "coordinates": [-92.401625, 34.748223]}, "properties": {"c": "traffic"}}, {"type": "Feature", "geometry": {"type": "Point", "coordinates": [-92.349542, 34.7536385]}, "properties": {"c": "traffic"}}, {"type": "Feature", "geometry": {"type": "Point", "coordinates": [-92.406337, 34.768653]}, "properties": {"c": "alarm"}}, {"type": "Feature", "geometry": {"type": "Point", "coordinates": [-92.356531, 34.703255]}, "properties": {"c": "shots"}}, {"type": "Feature", "geometry": {"type": "Point", "coordinates": [-92.390715, 34.66789]}, "properties": {"c": "alarm"}}, {"type": "Feature", "geometry": {"type": "Point", "coordinates": [-92.405651, 34.750358]}, "properties": {"c": "traffic"}}, {"type": "Feature", "geometry": {"type": "Point", "coordinates": [-92.405606, 34.749749]}, "properties": {"c": "suspicious"}}, {"type": "Feature", "geometry": {"type": "Point", "coordinates": [-92.288309, 34.739926]}, "properties": {"c": "shots"}}, {"type": "Feature", "geometry": {"type": "Point", "coordinates": [-92.369948, 34.72013]}, "properties": {"c": "alarm"}}, {"type": "Feature", "geometry": {"type": "Point", "coordinates": [-92.3116665, 34.772838]}, "properties": {"c": "vandalism"}}, {"type": "Feature", "geometry": {"type": "Point", "coordinates": [-92.3234555, 34.739985000000004]}, "properties": {"c": "traffic"}}, {"type": "Feature", "geometry": {"type": "Point", "coordinates": [-92.267369, 34.739364]}, "properties": {"c": "welfare"}}, {"type": "Feature", "geometry": {"type": "Point", "coordinates": [-92.246878, 34.755174]}, "properties": {"c": "shots"}}, {"type": "Feature", "geometry": {"type": "Point", "coordinates": [-92.28573848979592, 34.73537034693877]}, "properties": {"c": "suspicious"}}, {"type": "Feature", "geometry": {"type": "Point", "coordinates": [-92.274783, 34.739381]}, "properties": {"c": "alarm"}}, {"type": "Feature", "geometry": {"type": "Point", "coordinates": [-92.34446, 34.674877]}, "properties": {"c": "traffic"}}, {"type": "Feature", "geometry": {"type": "Point", "coordinates": [-92.37136749999999, 34.748838500000005]}, "properties": {"c": "traffic"}}, {"type": "Feature", "geometry": {"type": "Point", "coordinates": [-92.399902, 34.757474]}, "properties": {"c": "disturbance"}}, {"type": "Feature", "geometry": {"type": "Point", "coordinates": [-92.334244, 34.684002]}, "properties": {"c": "disturbance"}}, {"type": "Feature", "geometry": {"type": "Point", "coordinates": [-92.3771675, 34.7206125]}, "properties": {"c": "welfare"}}, {"type": "Feature", "geometry": {"type": "Point", "coordinates": [-92.261016, 34.739745]}, "properties": {"c": "animal"}}, {"type": "Feature", "geometry": {"type": "Point", "coordinates": [-92.314067, 34.725435]}, "properties": {"c": "vandalism"}}, {"type": "Feature", "geometry": {"type": "Point", "coordinates": [-92.271137, 34.745653]}, "properties": {"c": "sex"}}, {"type": "Feature", "geometry": {"type": "Point", "coordinates": [-92.27847, 34.73636]}, "properties": {"c": "alarm"}}, {"type": "Feature", "geometry": {"type": "Point", "coordinates": [-92.400223, 34.696426]}, "properties": {"c": "animal"}}, {"type": "Feature", "geometry": {"type": "Point", "coordinates": [-92.412689, 34.753772]}, "properties": {"c": "alarm"}}, {"type": "Feature", "geometry": {"type": "Point", "coordinates": [-92.385681, 34.754435]}, "properties": {"c": "suspicious"}}, {"type": "Feature", "geometry": {"type": "Point", "coordinates": [-92.28974600000001, 34.7142075]}, "properties": {"c": "burglary"}}, {"type": "Feature", "geometry": {"type": "Point", "coordinates": [-92.310863, 34.762678]}, "properties": {"c": "alarm"}}, {"type": "Feature", "geometry": {"type": "Point", "coordinates": [-92.26933, 34.742104]}, "properties": {"c": "welfare"}}, {"type": "Feature", "geometry": {"type": "Point", "coordinates": [-92.281057, 34.733182]}, "properties": {"c": "disturbance"}}, {"type": "Feature", "geometry": {"type": "Point", "coordinates": [-92.26594700000001, 34.778002]}, "properties": {"c": "disturbance"}}, {"type": "Feature", "geometry": {"type": "Point", "coordinates": [-92.295391, 34.731994]}, "properties": {"c": "drugs"}}, {"type": "Feature", "geometry": {"type": "Point", "coordinates": [-92.32178300000001, 34.7354625]}, "properties": {"c": "assault"}}, {"type": "Feature", "geometry": {"type": "Point", "coordinates": [-92.377707, 34.741337]}, "properties": {"c": "suspicious"}}, {"type": "Feature", "geometry": {"type": "Point", "coordinates": [-92.414922, 34.755989]}, "properties": {"c": "theft"}}, {"type": "Feature", "geometry": {"type": "Point", "coordinates": [-92.375491, 34.667735]}, "properties": {"c": "disturbance"}}, {"type": "Feature", "geometry": {"type": "Point", "coordinates": [-92.320227, 34.724532499999995]}, "properties": {"c": "vandalism"}}, {"type": "Feature", "geometry": {"type": "Point", "coordinates": [-92.246878, 34.755174]}, "properties": {"c": "shots"}}, {"type": "Feature", "geometry": {"type": "Point", "coordinates": [-92.265297, 34.739462]}, "properties": {"c": "traffic"}}, {"type": "Feature", "geometry": {"type": "Point", "coordinates": [-92.322028, 34.670692]}, "properties": {"c": "assault"}}, {"type": "Feature", "geometry": {"type": "Point", "coordinates": [-92.387606, 34.729319]}, "properties": {"c": "welfare"}}, {"type": "Feature", "geometry": {"type": "Point", "coordinates": [-92.412689, 34.753772]}, "properties": {"c": "alarm"}}, {"type": "Feature", "geometry": {"type": "Point", "coordinates": [-92.475294, 34.779301]}, "properties": {"c": "traffic"}}, {"type": "Feature", "geometry": {"type": "Point", "coordinates": [-92.395555, 34.731624]}, "properties": {"c": "suspicious"}}, {"type": "Feature", "geometry": {"type": "Point", "coordinates": [-92.274307, 34.749308]}, "properties": {"c": "disturbance"}}, {"type": "Feature", "geometry": {"type": "Point", "coordinates": [-92.334244, 34.684002]}, "properties": {"c": "disturbance"}}, {"type": "Feature", "geometry": {"type": "Point", "coordinates": [-92.3401, 34.719554]}, "properties": {"c": "traffic"}}, {"type": "Feature", "geometry": {"type": "Point", "coordinates": [-92.41092910465116, 34.6706065116279]}, "properties": {"c": "burglary"}}, {"type": "Feature", "geometry": {"type": "Point", "coordinates": [-92.309034, 34.725967]}, "properties": {"c": "disturbance"}}, {"type": "Feature", "geometry": {"type": "Point", "coordinates": [-92.329037, 34.748007]}, "properties": {"c": "welfare"}}, {"type": "Feature", "geometry": {"type": "Point", "coordinates": [-92.297339, 34.74193]}, "properties": {"c": "assist"}}, {"type": "Feature", "geometry": {"type": "Point", "coordinates": [-92.394923, 34.711163]}, "properties": {"c": "disturbance"}}, {"type": "Feature", "geometry": {"type": "Point", "coordinates": [-92.384637, 34.754162]}, "properties": {"c": "suspicious"}}, {"type": "Feature", "geometry": {"type": "Point", "coordinates": [-92.332834, 34.743618]}, "properties": {"c": "suspicious"}}, {"type": "Feature", "geometry": {"type": "Point", "coordinates": [-92.3260515, 34.697769]}, "properties": {"c": "traffic"}}, {"type": "Feature", "geometry": {"type": "Point", "coordinates": [-92.362423, 34.748275]}, "properties": {"c": "traffic"}}, {"type": "Feature", "geometry": {"type": "Point", "coordinates": [-92.293397, 34.741007]}, "properties": {"c": "welfare"}}, {"type": "Feature", "geometry": {"type": "Point", "coordinates": [-92.330991, 34.680119]}, "properties": {"c": "assault"}}, {"type": "Feature", "geometry": {"type": "Point", "coordinates": [-92.412454, 34.655099]}, "properties": {"c": "traffic"}}, {"type": "Feature", "geometry": {"type": "Point", "coordinates": [-92.394965, 34.742621]}, "properties": {"c": "theft"}}, {"type": "Feature", "geometry": {"type": "Point", "coordinates": [-92.25844799303137, 34.74653504529617]}, "properties": {"c": "welfare"}}, {"type": "Feature", "geometry": {"type": "Point", "coordinates": [-92.333292, 34.68262]}, "properties": {"c": "disturbance"}}, {"type": "Feature", "geometry": {"type": "Point", "coordinates": [-92.396851, 34.69479]}, "properties": {"c": "disturbance"}}, {"type": "Feature", "geometry": {"type": "Point", "coordinates": [-92.25892049999999, 34.7352155]}, "properties": {"c": "traffic"}}, {"type": "Feature", "geometry": {"type": "Point", "coordinates": [-92.412689, 34.753772]}, "properties": {"c": "robbery"}}, {"type": "Feature", "geometry": {"type": "Point", "coordinates": [-92.331166, 34.6965395]}, "properties": {"c": "traffic"}}, {"type": "Feature", "geometry": {"type": "Point", "coordinates": [-92.39995049999999, 34.744085]}, "properties": {"c": "welfare"}}, {"type": "Feature", "geometry": {"type": "Point", "coordinates": [-92.386192, 34.743729]}, "properties": {"c": "alarm"}}, {"type": "Feature", "geometry": {"type": "Point", "coordinates": [-92.293397, 34.741007]}, "properties": {"c": "disturbance"}}, {"type": "Feature", "geometry": {"type": "Point", "coordinates": [-92.446195, 34.756705]}, "properties": {"c": "traffic"}}, {"type": "Feature", "geometry": {"type": "Point", "coordinates": [-92.292751, 34.71658]}, "properties": {"c": "traffic"}}, {"type": "Feature", "geometry": {"type": "Point", "coordinates": [-92.341313, 34.772318]}, "properties": {"c": "disturbance"}}, {"type": "Feature", "geometry": {"type": "Point", "coordinates": [-92.4024555, 34.7810805]}, "properties": {"c": "shots"}}, {"type": "Feature", "geometry": {"type": "Point", "coordinates": [-92.344425, 34.701489]}, "properties": {"c": "assault"}}, {"type": "Feature", "geometry": {"type": "Point", "coordinates": [-92.418673, 34.668961]}, "properties": {"c": "alarm"}}, {"type": "Feature", "geometry": {"type": "Point", "coordinates": [-92.29279, 34.742747]}, "properties": {"c": "assault"}}, {"type": "Feature", "geometry": {"type": "Point", "coordinates": [-92.286119, 34.718893]}, "properties": {"c": "suspicious"}}, {"type": "Feature", "geometry": {"type": "Point", "coordinates": [-92.32118249999999, 34.743777]}, "properties": {"c": "disturbance"}}, {"type": "Feature", "geometry": {"type": "Point", "coordinates": [-92.338224, 34.753049]}, "properties": {"c": "disturbance"}}, {"type": "Feature", "geometry": {"type": "Point", "coordinates": [-92.405426, 34.657771]}, "properties": {"c": "theft"}}, {"type": "Feature", "geometry": {"type": "Point", "coordinates": [-92.2669, 34.745123]}, "properties": {"c": "trespass"}}, {"type": "Feature", "geometry": {"type": "Point", "coordinates": [-92.2711125, 34.7360905]}, "properties": {"c": "traffic"}}, {"type": "Feature", "geometry": {"type": "Point", "coordinates": [-92.289132, 34.734743]}, "properties": {"c": "suspicious"}}, {"type": "Feature", "geometry": {"type": "Point", "coordinates": [-92.35677, 34.655207]}, "properties": {"c": "shots"}}, {"type": "Feature", "geometry": {"type": "Point", "coordinates": [-92.378715, 34.762123]}, "properties": {"c": "suspicious"}}, {"type": "Feature", "geometry": {"type": "Point", "coordinates": [-92.31539499740259, 34.727072057142855]}, "properties": {"c": "welfare"}}, {"type": "Feature", "geometry": {"type": "Point", "coordinates": [-92.277329, 34.721237]}, "properties": {"c": "shots"}}, {"type": "Feature", "geometry": {"type": "Point", "coordinates": [-92.279547, 34.740989]}, "properties": {"c": "burglary"}}, {"type": "Feature", "geometry": {"type": "Point", "coordinates": [-92.332916, 34.6911315]}, "properties": {"c": "disturbance"}}, {"type": "Feature", "geometry": {"type": "Point", "coordinates": [-92.375226, 34.752332]}, "properties": {"c": "alarm"}}, {"type": "Feature", "geometry": {"type": "Point", "coordinates": [-92.403417, 34.717028]}, "properties": {"c": "traffic"}}, {"type": "Feature", "geometry": {"type": "Point", "coordinates": [-92.28099900000001, 34.74808]}, "properties": {"c": "welfare"}}, {"type": "Feature", "geometry": {"type": "Point", "coordinates": [-92.3110085, 34.7280005]}, "properties": {"c": "shots"}}, {"type": "Feature", "geometry": {"type": "Point", "coordinates": [-92.352466, 34.770595]}, "properties": {"c": "welfare"}}, {"type": "Feature", "geometry": {"type": "Point", "coordinates": [-92.333913, 34.734521]}, "properties": {"c": "welfare"}}, {"type": "Feature", "geometry": {"type": "Point", "coordinates": [-92.3675145, 34.7160695]}, "properties": {"c": "disturbance"}}, {"type": "Feature", "geometry": {"type": "Point", "coordinates": [-92.332958, 34.721512]}, "properties": {"c": "vandalism"}}, {"type": "Feature", "geometry": {"type": "Point", "coordinates": [-92.309644, 34.730607750000004]}, "properties": {"c": "shots"}}, {"type": "Feature", "geometry": {"type": "Point", "coordinates": [-92.282394, 34.745282]}, "properties": {"c": "welfare"}}, {"type": "Feature", "geometry": {"type": "Point", "coordinates": [-92.341741, 34.751523]}, "properties": {"c": "welfare"}}, {"type": "Feature", "geometry": {"type": "Point", "coordinates": [-92.320146, 34.685964]}, "properties": {"c": "assault"}}, {"type": "Feature", "geometry": {"type": "Point", "coordinates": [-92.390576, 34.775215]}, "properties": {"c": "welfare"}}, {"type": "Feature", "geometry": {"type": "Point", "coordinates": [-92.403284, 34.769392]}, "properties": {"c": "shots"}}, {"type": "Feature", "geometry": {"type": "Point", "coordinates": [-92.332492, 34.683353]}, "properties": {"c": "shots"}}, {"type": "Feature", "geometry": {"type": "Point", "coordinates": [-92.332319, 34.690928]}, "properties": {"c": "suspicious"}}, {"type": "Feature", "geometry": {"type": "Point", "coordinates": [-92.335925, 34.670235]}, "properties": {"c": "disturbance"}}, {"type": "Feature", "geometry": {"type": "Point", "coordinates": [-92.451723, 34.773682]}, "properties": {"c": "welfare"}}, {"type": "Feature", "geometry": {"type": "Point", "coordinates": [-92.362274, 34.732973]}, "properties": {"c": "welfare"}}, {"type": "Feature", "geometry": {"type": "Point", "coordinates": [-92.351649, 34.674563]}, "properties": {"c": "disturbance"}}, {"type": "Feature", "geometry": {"type": "Point", "coordinates": [-92.296653, 34.719386]}, "properties": {"c": "traffic"}}, {"type": "Feature", "geometry": {"type": "Point", "coordinates": [-92.373087, 34.725602]}, "properties": {"c": "traffic"}}, {"type": "Feature", "geometry": {"type": "Point", "coordinates": [-92.377448, 34.69841]}, "properties": {"c": "welfare"}}, {"type": "Feature", "geometry": {"type": "Point", "coordinates": [-92.289233, 34.732704999999996]}, "properties": {"c": "traffic"}}, {"type": "Feature", "geometry": {"type": "Point", "coordinates": [-92.333543, 34.686403]}, "properties": {"c": "shots"}}, {"type": "Feature", "geometry": {"type": "Point", "coordinates": [-92.341741, 34.751523]}, "properties": {"c": "welfare"}}, {"type": "Feature", "geometry": {"type": "Point", "coordinates": [-92.31017, 34.723478]}, "properties": {"c": "assist"}}, {"type": "Feature", "geometry": {"type": "Point", "coordinates": [-92.124639, 34.866193]}, "properties": {"c": "trespass"}}, {"type": "Feature", "geometry": {"type": "Point", "coordinates": [-92.305424, 34.739555]}, "properties": {"c": "traffic"}}, {"type": "Feature", "geometry": {"type": "Point", "coordinates": [-92.391244, 34.724546]}, "properties": {"c": "welfare"}}, {"type": "Feature", "geometry": {"type": "Point", "coordinates": [-92.42596930275229, 34.65842056880734]}, "properties": {"c": "theft"}}, {"type": "Feature", "geometry": {"type": "Point", "coordinates": [-92.255781, 34.735838]}, "properties": {"c": "assault"}}, {"type": "Feature", "geometry": {"type": "Point", "coordinates": [-92.403735, 34.772012]}, "properties": {"c": "disturbance"}}, {"type": "Feature", "geometry": {"type": "Point", "coordinates": [-92.379816, 34.721443]}, "properties": {"c": "assault"}}, {"type": "Feature", "geometry": {"type": "Point", "coordinates": [-92.351836, 34.720203]}, "properties": {"c": "disturbance"}}, {"type": "Feature", "geometry": {"type": "Point", "coordinates": [-92.4322, 34.65356]}, "properties": {"c": "suspicious"}}, {"type": "Feature", "geometry": {"type": "Point", "coordinates": [-92.374224, 34.665629]}, "properties": {"c": "disturbance"}}, {"type": "Feature", "geometry": {"type": "Point", "coordinates": [-92.324593, 34.728741]}, "properties": {"c": "theft"}}, {"type": "Feature", "geometry": {"type": "Point", "coordinates": [-92.428311, 34.68222]}, "properties": {"c": "disturbance"}}, {"type": "Feature", "geometry": {"type": "Point", "coordinates": [-92.353253, 34.652457]}, "properties": {"c": "suspicious"}}, {"type": "Feature", "geometry": {"type": "Point", "coordinates": [-92.332592, 34.725859]}, "properties": {"c": "other"}}, {"type": "Feature", "geometry": {"type": "Point", "coordinates": [-92.343229, 34.725254]}, "properties": {"c": "other"}}, {"type": "Feature", "geometry": {"type": "Point", "coordinates": [-92.324931, 34.758267]}, "properties": {"c": "theft"}}, {"type": "Feature", "geometry": {"type": "Point", "coordinates": [-92.354616, 34.668796]}, "properties": {"c": "theft"}}, {"type": "Feature", "geometry": {"type": "Point", "coordinates": [-92.3797945, 34.7098175]}, "properties": {"c": "traffic"}}, {"type": "Feature", "geometry": {"type": "Point", "coordinates": [-92.37753, 34.670597]}, "properties": {"c": "welfare"}}, {"type": "Feature", "geometry": {"type": "Point", "coordinates": [-92.389878, 34.764164]}, "properties": {"c": "assault"}}, {"type": "Feature", "geometry": {"type": "Point", "coordinates": [-92.329749, 34.692502]}, "properties": {"c": "assault"}}, {"type": "Feature", "geometry": {"type": "Point", "coordinates": [-92.371486, 34.669754]}, "properties": {"c": "drugs"}}, {"type": "Feature", "geometry": {"type": "Point", "coordinates": [-92.331131, 34.664971]}, "properties": {"c": "burglary"}}, {"type": "Feature", "geometry": {"type": "Point", "coordinates": [-92.355167, 34.742472]}, "properties": {"c": "welfare"}}, {"type": "Feature", "geometry": {"type": "Point", "coordinates": [-92.387685, 34.738534]}, "properties": {"c": "alarm"}}, {"type": "Feature", "geometry": {"type": "Point", "coordinates": [-92.350567, 34.663241]}, "properties": {"c": "alarm"}}, {"type": "Feature", "geometry": {"type": "Point", "coordinates": [-92.393473, 34.754368]}, "properties": {"c": "welfare"}}, {"type": "Feature", "geometry": {"type": "Point", "coordinates": [-92.316874, 34.674245]}, "properties": {"c": "vandalism"}}, {"type": "Feature", "geometry": {"type": "Point", "coordinates": [-92.304135, 34.68819]}, "properties": {"c": "welfare"}}, {"type": "Feature", "geometry": {"type": "Point", "coordinates": [-92.344021, 34.681124]}, "properties": {"c": "vandalism"}}, {"type": "Feature", "geometry": {"type": "Point", "coordinates": [-92.37734, 34.731932]}, "properties": {"c": "traffic"}}, {"type": "Feature", "geometry": {"type": "Point", "coordinates": [-92.255781, 34.735838]}, "properties": {"c": "assault"}}, {"type": "Feature", "geometry": {"type": "Point", "coordinates": [-92.306854, 34.690147]}, "properties": {"c": "disturbance"}}, {"type": "Feature", "geometry": {"type": "Point", "coordinates": [-92.32111, 34.673257]}, "properties": {"c": "shots"}}, {"type": "Feature", "geometry": {"type": "Point", "coordinates": [-92.32417699999999, 34.7310255]}, "properties": {"c": "welfare"}}, {"type": "Feature", "geometry": {"type": "Point", "coordinates": [-92.31606, 34.751193]}, "properties": {"c": "welfare"}}, {"type": "Feature", "geometry": {"type": "Point", "coordinates": [-92.403284, 34.769392]}, "properties": {"c": "disturbance"}}, {"type": "Feature", "geometry": {"type": "Point", "coordinates": [-92.329275, 34.68575]}, "properties": {"c": "vandalism"}}, {"type": "Feature", "geometry": {"type": "Point", "coordinates": [-92.412434, 34.780545]}, "properties": {"c": "alarm"}}, {"type": "Feature", "geometry": {"type": "Point", "coordinates": [-92.351836, 34.720203]}, "properties": {"c": "shots"}}, {"type": "Feature", "geometry": {"type": "Point", "coordinates": [-92.412689, 34.753772]}, "properties": {"c": "alarm"}}, {"type": "Feature", "geometry": {"type": "Point", "coordinates": [-92.372705, 34.738992]}, "properties": {"c": "traffic"}}, {"type": "Feature", "geometry": {"type": "Point", "coordinates": [-92.246878, 34.755174]}, "properties": {"c": "welfare"}}, {"type": "Feature", "geometry": {"type": "Point", "coordinates": [-92.309853, 34.74338]}, "properties": {"c": "welfare"}}, {"type": "Feature", "geometry": {"type": "Point", "coordinates": [-92.3729275, 34.711068]}, "properties": {"c": "traffic"}}, {"type": "Feature", "geometry": {"type": "Point", "coordinates": [-92.360248, 34.688996]}, "properties": {"c": "shots"}}, {"type": "Feature", "geometry": {"type": "Point", "coordinates": [-92.316979, 34.750949]}, "properties": {"c": "theft"}}, {"type": "Feature", "geometry": {"type": "Point", "coordinates": [-92.310057, 34.730432]}, "properties": {"c": "traffic"}}, {"type": "Feature", "geometry": {"type": "Point", "coordinates": [-92.318083, 34.68399]}, "properties": {"c": "traffic"}}, {"type": "Feature", "geometry": {"type": "Point", "coordinates": [-92.415021, 34.75981]}, "properties": {"c": "assault"}}, {"type": "Feature", "geometry": {"type": "Point", "coordinates": [-92.28792, 34.72924]}, "properties": {"c": "alarm"}}, {"type": "Feature", "geometry": {"type": "Point", "coordinates": [-92.251618, 34.732054]}, "properties": {"c": "alarm"}}, {"type": "Feature", "geometry": {"type": "Point", "coordinates": [-92.43908, 34.765688]}, "properties": {"c": "alarm"}}, {"type": "Feature", "geometry": {"type": "Point", "coordinates": [-92.370118, 34.670462]}, "properties": {"c": "traffic"}}, {"type": "Feature", "geometry": {"type": "Point", "coordinates": [-92.332834, 34.743618]}, "properties": {"c": "disturbance"}}, {"type": "Feature", "geometry": {"type": "Point", "coordinates": [-92.2894815, 34.7295565]}, "properties": {"c": "suspicious"}}, {"type": "Feature", "geometry": {"type": "Point", "coordinates": [-92.457064, 34.769817]}, "properties": {"c": "traffic"}}, {"type": "Feature", "geometry": {"type": "Point", "coordinates": [-92.389878, 34.764164]}, "properties": {"c": "disturbance"}}, {"type": "Feature", "geometry": {"type": "Point", "coordinates": [-92.308227, 34.737148]}, "properties": {"c": "welfare"}}, {"type": "Feature", "geometry": {"type": "Point", "coordinates": [-92.339421, 34.698063]}, "properties": {"c": "assist"}}, {"type": "Feature", "geometry": {"type": "Point", "coordinates": [-92.36871, 34.67844]}, "properties": {"c": "vandalism"}}, {"type": "Feature", "geometry": {"type": "Point", "coordinates": [-92.352111, 34.770211]}, "properties": {"c": "disturbance"}}, {"type": "Feature", "geometry": {"type": "Point", "coordinates": [-92.358036, 34.670641]}, "properties": {"c": "burglary"}}, {"type": "Feature", "geometry": {"type": "Point", "coordinates": [-92.392979, 34.67094]}, "properties": {"c": "trespass"}}, {"type": "Feature", "geometry": {"type": "Point", "coordinates": [-92.455249, 34.773571]}, "properties": {"c": "suspicious"}}, {"type": "Feature", "geometry": {"type": "Point", "coordinates": [-92.338962, 34.764452]}, "properties": {"c": "burglary"}}, {"type": "Feature", "geometry": {"type": "Point", "coordinates": [-92.38017, 34.697813]}, "properties": {"c": "suspicious"}}, {"type": "Feature", "geometry": {"type": "Point", "coordinates": [-92.282394, 34.745282]}, "properties": {"c": "welfare"}}, {"type": "Feature", "geometry": {"type": "Point", "coordinates": [-92.333905, 34.743314]}, "properties": {"c": "welfare"}}, {"type": "Feature", "geometry": {"type": "Point", "coordinates": [-92.402893, 34.765066]}, "properties": {"c": "traffic"}}, {"type": "Feature", "geometry": {"type": "Point", "coordinates": [-92.408676, 34.793768]}, "properties": {"c": "welfare"}}, {"type": "Feature", "geometry": {"type": "Point", "coordinates": [-92.362684, 34.655371]}, "properties": {"c": "alarm"}}, {"type": "Feature", "geometry": {"type": "Point", "coordinates": [-92.278324, 34.749413]}, "properties": {"c": "welfare"}}, {"type": "Feature", "geometry": {"type": "Point", "coordinates": [-92.3219495, 34.76772]}, "properties": {"c": "traffic"}}, {"type": "Feature", "geometry": {"type": "Point", "coordinates": [-92.34336, 34.676926]}, "properties": {"c": "trespass"}}, {"type": "Feature", "geometry": {"type": "Point", "coordinates": [-92.431014, 34.674378]}, "properties": {"c": "assault"}}, {"type": "Feature", "geometry": {"type": "Point", "coordinates": [-92.251475, 34.70746]}, "properties": {"c": "welfare"}}, {"type": "Feature", "geometry": {"type": "Point", "coordinates": [-92.458406, 34.803789]}, "properties": {"c": "alarm"}}, {"type": "Feature", "geometry": {"type": "Point", "coordinates": [-92.333024, 34.684253]}, "properties": {"c": "traffic"}}, {"type": "Feature", "geometry": {"type": "Point", "coordinates": [-92.358246, 34.753847]}, "properties": {"c": "welfare"}}, {"type": "Feature", "geometry": {"type": "Point", "coordinates": [-92.375893, 34.7351]}, "properties": {"c": "assault"}}, {"type": "Feature", "geometry": {"type": "Point", "coordinates": [-92.307407, 34.733769]}, "properties": {"c": "disturbance"}}, {"type": "Feature", "geometry": {"type": "Point", "coordinates": [-92.452145, 34.775895]}, "properties": {"c": "welfare"}}, {"type": "Feature", "geometry": {"type": "Point", "coordinates": [-92.246878, 34.755174]}, "properties": {"c": "welfare"}}, {"type": "Feature", "geometry": {"type": "Point", "coordinates": [-92.330894, 34.721222]}, "properties": {"c": "assault"}}, {"type": "Feature", "geometry": {"type": "Point", "coordinates": [-92.382995, 34.695139]}, "properties": {"c": "assault"}}, {"type": "Feature", "geometry": {"type": "Point", "coordinates": [-92.3675145, 34.7160695]}, "properties": {"c": "shots"}}, {"type": "Feature", "geometry": {"type": "Point", "coordinates": [-92.313019, 34.694029]}, "properties": {"c": "other"}}, {"type": "Feature", "geometry": {"type": "Point", "coordinates": [-92.422606, 34.7738]}, "properties": {"c": "welfare"}}, {"type": "Feature", "geometry": {"type": "Point", "coordinates": [-92.37283, 34.710955]}, "properties": {"c": "assault"}}, {"type": "Feature", "geometry": {"type": "Point", "coordinates": [-92.307407, 34.733769]}, "properties": {"c": "disturbance"}}, {"type": "Feature", "geometry": {"type": "Point", "coordinates": [-92.31895, 34.751866]}, "properties": {"c": "assault"}}, {"type": "Feature", "geometry": {"type": "Point", "coordinates": [-92.381391, 34.77986525974026]}, "properties": {"c": "traffic"}}, {"type": "Feature", "geometry": {"type": "Point", "coordinates": [-92.300012, 34.758631]}, "properties": {"c": "traffic"}}, {"type": "Feature", "geometry": {"type": "Point", "coordinates": [-92.302698, 34.758443]}, "properties": {"c": "shots"}}, {"type": "Feature", "geometry": {"type": "Point", "coordinates": [-92.360395, 34.694012]}, "properties": {"c": "shots"}}, {"type": "Feature", "geometry": {"type": "Point", "coordinates": [-92.400373, 34.757497]}, "properties": {"c": "burglary"}}, {"type": "Feature", "geometry": {"type": "Point", "coordinates": [-92.343917, 34.6901065]}, "properties": {"c": "traffic"}}, {"type": "Feature", "geometry": {"type": "Point", "coordinates": [-92.404613, 34.767581]}, "properties": {"c": "disturbance"}}, {"type": "Feature", "geometry": {"type": "Point", "coordinates": [-92.404085, 34.791348]}, "properties": {"c": "disturbance"}}, {"type": "Feature", "geometry": {"type": "Point", "coordinates": [-92.302001, 34.731172]}, "properties": {"c": "welfare"}}, {"type": "Feature", "geometry": {"type": "Point", "coordinates": [-92.412177, 34.676201]}, "properties": {"c": "drugs"}}, {"type": "Feature", "geometry": {"type": "Point", "coordinates": [-92.269746, 34.741629]}, "properties": {"c": "robbery"}}, {"type": "Feature", "geometry": {"type": "Point", "coordinates": [-92.296748, 34.720923]}, "properties": {"c": "suspicious"}}, {"type": "Feature", "geometry": {"type": "Point", "coordinates": [-92.3069415, 34.73391166666667]}, "properties": {"c": "suspicious"}}, {"type": "Feature", "geometry": {"type": "Point", "coordinates": [-92.33078325, 34.692815499999995]}, "properties": {"c": "disturbance"}}, {"type": "Feature", "geometry": {"type": "Point", "coordinates": [-92.383215, 34.756153]}, "properties": {"c": "assault"}}, {"type": "Feature", "geometry": {"type": "Point", "coordinates": [-92.330585, 34.72055]}, "properties": {"c": "trespass"}}, {"type": "Feature", "geometry": {"type": "Point", "coordinates": [-92.229679, 34.719831]}, "properties": {"c": "alarm"}}, {"type": "Feature", "geometry": {"type": "Point", "coordinates": [-92.3317965, 34.733081]}, "properties": {"c": "disturbance"}}, {"type": "Feature", "geometry": {"type": "Point", "coordinates": [-92.326912, 34.688865]}, "properties": {"c": "welfare"}}, {"type": "Feature", "geometry": {"type": "Point", "coordinates": [-92.383403, 34.763035]}, "properties": {"c": "alarm"}}, {"type": "Feature", "geometry": {"type": "Point", "coordinates": [-92.346162, 34.698967]}, "properties": {"c": "disturbance"}}, {"type": "Feature", "geometry": {"type": "Point", "coordinates": [-92.443141, 34.642138]}, "properties": {"c": "assist"}}, {"type": "Feature", "geometry": {"type": "Point", "coordinates": [-92.260913, 34.724785]}, "properties": {"c": "theft"}}, {"type": "Feature", "geometry": {"type": "Point", "coordinates": [-92.348033, 34.719468]}, "properties": {"c": "disturbance"}}, {"type": "Feature", "geometry": {"type": "Point", "coordinates": [-92.3948165, 34.7778505]}, "properties": {"c": "traffic"}}, {"type": "Feature", "geometry": {"type": "Point", "coordinates": [-92.406801, 34.769892]}, "properties": {"c": "disturbance"}}, {"type": "Feature", "geometry": {"type": "Point", "coordinates": [-92.255781, 34.735838]}, "properties": {"c": "welfare"}}, {"type": "Feature", "geometry": {"type": "Point", "coordinates": [-92.474978, 34.789777]}, "properties": {"c": "welfare"}}, {"type": "Feature", "geometry": {"type": "Point", "coordinates": [-92.460763, 34.766665]}, "properties": {"c": "welfare"}}, {"type": "Feature", "geometry": {"type": "Point", "coordinates": [-92.346238, 34.718097]}, "properties": {"c": "disturbance"}}, {"type": "Feature", "geometry": {"type": "Point", "coordinates": [-92.482107, 34.804918]}, "properties": {"c": "welfare"}}, {"type": "Feature", "geometry": {"type": "Point", "coordinates": [-92.376619, 34.751538]}, "properties": {"c": "traffic"}}, {"type": "Feature", "geometry": {"type": "Point", "coordinates": [-92.388851, 34.77094]}, "properties": {"c": "disturbance"}}, {"type": "Feature", "geometry": {"type": "Point", "coordinates": [-92.390401, 34.75515]}, "properties": {"c": "theft"}}, {"type": "Feature", "geometry": {"type": "Point", "coordinates": [-92.289662, 34.738208]}, "properties": {"c": "vandalism"}}, {"type": "Feature", "geometry": {"type": "Point", "coordinates": [-92.386637, 34.670835]}, "properties": {"c": "shots"}}, {"type": "Feature", "geometry": {"type": "Point", "coordinates": [-92.421789, 34.649333]}, "properties": {"c": "traffic"}}, {"type": "Feature", "geometry": {"type": "Point", "coordinates": [-92.395496, 34.733633]}, "properties": {"c": "traffic"}}, {"type": "Feature", "geometry": {"type": "Point", "coordinates": [-92.351177, 34.658101]}, "properties": {"c": "welfare"}}, {"type": "Feature", "geometry": {"type": "Point", "coordinates": [-92.34073, 34.75249]}, "properties": {"c": "disturbance"}}, {"type": "Feature", "geometry": {"type": "Point", "coordinates": [-92.27104750000001, 34.7424635]}, "properties": {"c": "traffic"}}, {"type": "Feature", "geometry": {"type": "Point", "coordinates": [-92.379816, 34.721443]}, "properties": {"c": "welfare"}}, {"type": "Feature", "geometry": {"type": "Point", "coordinates": [-92.365938, 34.707924500000004]}, "properties": {"c": "vandalism"}}, {"type": "Feature", "geometry": {"type": "Point", "coordinates": [-92.379714, 34.744827]}, "properties": {"c": "suspicious"}}, {"type": "Feature", "geometry": {"type": "Point", "coordinates": [-92.3302465, 34.7682995]}, "properties": {"c": "traffic"}}, {"type": "Feature", "geometry": {"type": "Point", "coordinates": [-92.357858, 34.747252]}, "properties": {"c": "other"}}, {"type": "Feature", "geometry": {"type": "Point", "coordinates": [-92.390401, 34.75515]}, "properties": {"c": "disturbance"}}, {"type": "Feature", "geometry": {"type": "Point", "coordinates": [-92.277329, 34.721237]}, "properties": {"c": "vandalism"}}, {"type": "Feature", "geometry": {"type": "Point", "coordinates": [-92.388851, 34.77094]}, "properties": {"c": "vandalism"}}, {"type": "Feature", "geometry": {"type": "Point", "coordinates": [-92.353159, 34.76914]}, "properties": {"c": "alarm"}}, {"type": "Feature", "geometry": {"type": "Point", "coordinates": [-92.319322, 34.747341500000005]}, "properties": {"c": "welfare"}}, {"type": "Feature", "geometry": {"type": "Point", "coordinates": [-92.29005, 34.724562]}, "properties": {"c": "welfare"}}, {"type": "Feature", "geometry": {"type": "Point", "coordinates": [-92.409236, 34.761951]}, "properties": {"c": "alarm"}}, {"type": "Feature", "geometry": {"type": "Point", "coordinates": [-92.359837, 34.654784]}, "properties": {"c": "other"}}, {"type": "Feature", "geometry": {"type": "Point", "coordinates": [-92.256425, 34.738992]}, "properties": {"c": "other"}}, {"type": "Feature", "geometry": {"type": "Point", "coordinates": [-92.297296, 34.749627]}, "properties": {"c": "assault"}}, {"type": "Feature", "geometry": {"type": "Point", "coordinates": [-92.270779, 34.740794]}, "properties": {"c": "disturbance"}}, {"type": "Feature", "geometry": {"type": "Point", "coordinates": [-92.443141, 34.642138]}, "properties": {"c": "assist"}}, {"type": "Feature", "geometry": {"type": "Point", "coordinates": [-92.407107, 34.724197]}, "properties": {"c": "alarm"}}, {"type": "Feature", "geometry": {"type": "Point", "coordinates": [-92.18526, 34.722241]}, "properties": {"c": "disturbance"}}, {"type": "Feature", "geometry": {"type": "Point", "coordinates": [-92.323102, 34.740428]}, "properties": {"c": "disturbance"}}, {"type": "Feature", "geometry": {"type": "Point", "coordinates": [-92.366456, 34.71439]}, "properties": {"c": "welfare"}}, {"type": "Feature", "geometry": {"type": "Point", "coordinates": [-92.378368, 34.759032]}, "properties": {"c": "suspicious"}}, {"type": "Feature", "geometry": {"type": "Point", "coordinates": [-92.381657, 34.780395]}, "properties": {"c": "suspicious"}}, {"type": "Feature", "geometry": {"type": "Point", "coordinates": [-92.354016, 34.683775]}, "properties": {"c": "theft"}}, {"type": "Feature", "geometry": {"type": "Point", "coordinates": [-92.338236, 34.749563]}, "properties": {"c": "theft"}}, {"type": "Feature", "geometry": {"type": "Point", "coordinates": [-92.31606, 34.751193]}, "properties": {"c": "welfare"}}, {"type": "Feature", "geometry": {"type": "Point", "coordinates": [-92.26674, 34.744438]}, "properties": {"c": "trespass"}}, {"type": "Feature", "geometry": {"type": "Point", "coordinates": [-92.465463, 34.793609]}, "properties": {"c": "theft"}}, {"type": "Feature", "geometry": {"type": "Point", "coordinates": [-92.394629, 34.752605]}, "properties": {"c": "welfare"}}, {"type": "Feature", "geometry": {"type": "Point", "coordinates": [-92.330094, 34.7318725]}, "properties": {"c": "disturbance"}}, {"type": "Feature", "geometry": {"type": "Point", "coordinates": [-92.329233, 34.773536]}, "properties": {"c": "alarm"}}, {"type": "Feature", "geometry": {"type": "Point", "coordinates": [-92.389558, 34.665693]}, "properties": {"c": "alarm"}}, {"type": "Feature", "geometry": {"type": "Point", "coordinates": [-92.359722, 34.686172]}, "properties": {"c": "welfare"}}, {"type": "Feature", "geometry": {"type": "Point", "coordinates": [-92.403417, 34.717028]}, "properties": {"c": "assist"}}, {"type": "Feature", "geometry": {"type": "Point", "coordinates": [-92.343101, 34.753551]}, "properties": {"c": "traffic"}}, {"type": "Feature", "geometry": {"type": "Point", "coordinates": [-92.293397, 34.741007]}, "properties": {"c": "welfare"}}, {"type": "Feature", "geometry": {"type": "Point", "coordinates": [-92.344276, 34.666987]}, "properties": {"c": "welfare"}}, {"type": "Feature", "geometry": {"type": "Point", "coordinates": [-92.357006, 34.650197]}, "properties": {"c": "alarm"}}, {"type": "Feature", "geometry": {"type": "Point", "coordinates": [-92.332865, 34.732237]}, "properties": {"c": "vandalism"}}, {"type": "Feature", "geometry": {"type": "Point", "coordinates": [-92.414494, 34.802752]}, "properties": {"c": "alarm"}}, {"type": "Feature", "geometry": {"type": "Point", "coordinates": [-92.32954, 34.732558]}, "properties": {"c": "suspicious"}}, {"type": "Feature", "geometry": {"type": "Point", "coordinates": [-92.35028, 34.754997]}, "properties": {"c": "disturbance"}}, {"type": "Feature", "geometry": {"type": "Point", "coordinates": [-92.36088, 34.744548]}, "properties": {"c": "traffic"}}, {"type": "Feature", "geometry": {"type": "Point", "coordinates": [-92.44065, 34.774408]}, "properties": {"c": "alarm"}}, {"type": "Feature", "geometry": {"type": "Point", "coordinates": [-92.398683, 34.757936]}, "properties": {"c": "suspicious"}}, {"type": "Feature", "geometry": {"type": "Point", "coordinates": [-92.266993, 34.747427]}, "properties": {"c": "disturbance"}}, {"type": "Feature", "geometry": {"type": "Point", "coordinates": [-92.333292, 34.68262]}, "properties": {"c": "disturbance"}}, {"type": "Feature", "geometry": {"type": "Point", "coordinates": [-92.34026850000001, 34.734167]}, "properties": {"c": "traffic"}}, {"type": "Feature", "geometry": {"type": "Point", "coordinates": [-92.3056425, 34.7382745]}, "properties": {"c": "other"}}, {"type": "Feature", "geometry": {"type": "Point", "coordinates": [-92.349169, 34.678169]}, "properties": {"c": "vandalism"}}, {"type": "Feature", "geometry": {"type": "Point", "coordinates": [-92.437549, 34.763072]}, "properties": {"c": "disturbance"}}, {"type": "Feature", "geometry": {"type": "Point", "coordinates": [-92.362798, 34.680382]}, "properties": {"c": "disturbance"}}, {"type": "Feature", "geometry": {"type": "Point", "coordinates": [-92.367833, 34.652402]}, "properties": {"c": "disturbance"}}, {"type": "Feature", "geometry": {"type": "Point", "coordinates": [-92.445622, 34.739684]}, "properties": {"c": "welfare"}}, {"type": "Feature", "geometry": {"type": "Point", "coordinates": [-92.353108, 34.647211]}, "properties": {"c": "shots"}}, {"type": "Feature", "geometry": {"type": "Point", "coordinates": [-92.18872729, 34.7181164]}, "properties": {"c": "traffic"}}, {"type": "Feature", "geometry": {"type": "Point", "coordinates": [-92.263548, 34.727542]}, "properties": {"c": "suspicious"}}, {"type": "Feature", "geometry": {"type": "Point", "coordinates": [-92.498087, 34.809405]}, "properties": {"c": "disturbance"}}, {"type": "Feature", "geometry": {"type": "Point", "coordinates": [-92.345036, 34.698648]}, "properties": {"c": "alarm"}}, {"type": "Feature", "geometry": {"type": "Point", "coordinates": [-92.373484, 34.705114]}, "properties": {"c": "suspicious"}}, {"type": "Feature", "geometry": {"type": "Point", "coordinates": [-92.378237, 34.737117]}, "properties": {"c": "theft"}}, {"type": "Feature", "geometry": {"type": "Point", "coordinates": [-92.36861, 34.716238]}, "properties": {"c": "traffic"}}, {"type": "Feature", "geometry": {"type": "Point", "coordinates": [-92.323589, 34.740109]}, "properties": {"c": "theft"}}, {"type": "Feature", "geometry": {"type": "Point", "coordinates": [-92.356775, 34.767883]}, "properties": {"c": "alarm"}}, {"type": "Feature", "geometry": {"type": "Point", "coordinates": [-92.367574, 34.647719]}, "properties": {"c": "suspicious"}}, {"type": "Feature", "geometry": {"type": "Point", "coordinates": [-92.318295, 34.751986]}, "properties": {"c": "disturbance"}}, {"type": "Feature", "geometry": {"type": "Point", "coordinates": [-92.343511, 34.659036]}, "properties": {"c": "disturbance"}}, {"type": "Feature", "geometry": {"type": "Point", "coordinates": [-92.277129, 34.74877]}, "properties": {"c": "assist"}}, {"type": "Feature", "geometry": {"type": "Point", "coordinates": [-92.355167, 34.742472]}, "properties": {"c": "disturbance"}}, {"type": "Feature", "geometry": {"type": "Point", "coordinates": [-92.447747, 34.7563]}, "properties": {"c": "disturbance"}}, {"type": "Feature", "geometry": {"type": "Point", "coordinates": [-92.258172, 34.737316]}, "properties": {"c": "alarm"}}, {"type": "Feature", "geometry": {"type": "Point", "coordinates": [-92.347741, 34.654409]}, "properties": {"c": "welfare"}}, {"type": "Feature", "geometry": {"type": "Point", "coordinates": [-92.375634, 34.764214]}, "properties": {"c": "shots"}}, {"type": "Feature", "geometry": {"type": "Point", "coordinates": [-92.377034, 34.723016]}, "properties": {"c": "animal"}}, {"type": "Feature", "geometry": {"type": "Point", "coordinates": [-92.343965, 34.669466]}, "properties": {"c": "traffic"}}, {"type": "Feature", "geometry": {"type": "Point", "coordinates": [-92.345036, 34.698648]}, "properties": {"c": "alarm"}}, {"type": "Feature", "geometry": {"type": "Point", "coordinates": [-92.256425, 34.738992]}, "properties": {"c": "traffic"}}, {"type": "Feature", "geometry": {"type": "Point", "coordinates": [-92.29737850000001, 34.741054000000005]}, "properties": {"c": "suspicious"}}, {"type": "Feature", "geometry": {"type": "Point", "coordinates": [-92.34636850000001, 34.6984815]}, "properties": {"c": "traffic"}}, {"type": "Feature", "geometry": {"type": "Point", "coordinates": [-92.325431, 34.733332]}, "properties": {"c": "other"}}, {"type": "Feature", "geometry": {"type": "Point", "coordinates": [-92.390715, 34.66789]}, "properties": {"c": "alarm"}}, {"type": "Feature", "geometry": {"type": "Point", "coordinates": [-92.275713, 34.749117]}, "properties": {"c": "alarm"}}, {"type": "Feature", "geometry": {"type": "Point", "coordinates": [-92.366714, 34.71944]}, "properties": {"c": "alarm"}}, {"type": "Feature", "geometry": {"type": "Point", "coordinates": [-92.42596930275229, 34.65842056880734]}, "properties": {"c": "theft"}}, {"type": "Feature", "geometry": {"type": "Point", "coordinates": [-92.437424, 34.665568]}, "properties": {"c": "vandalism"}}, {"type": "Feature", "geometry": {"type": "Point", "coordinates": [-92.3088, 34.76708]}, "properties": {"c": "alarm"}}, {"type": "Feature", "geometry": {"type": "Point", "coordinates": [-92.347746, 34.691663]}, "properties": {"c": "welfare"}}, {"type": "Feature", "geometry": {"type": "Point", "coordinates": [-92.341351, 34.760035]}, "properties": {"c": "suspicious"}}, {"type": "Feature", "geometry": {"type": "Point", "coordinates": [-92.348282, 34.692086]}, "properties": {"c": "welfare"}}, {"type": "Feature", "geometry": {"type": "Point", "coordinates": [-92.324606, 34.734185]}, "properties": {"c": "suspicious"}}, {"type": "Feature", "geometry": {"type": "Point", "coordinates": [-92.31017, 34.723478]}, "properties": {"c": "assist"}}, {"type": "Feature", "geometry": {"type": "Point", "coordinates": [-92.397723, 34.728334]}, "properties": {"c": "suspicious"}}, {"type": "Feature", "geometry": {"type": "Point", "coordinates": [-92.285282, 34.735612]}, "properties": {"c": "animal"}}, {"type": "Feature", "geometry": {"type": "Point", "coordinates": [-92.337304, 34.66929]}, "properties": {"c": "suspicious"}}, {"type": "Feature", "geometry": {"type": "Point", "coordinates": [-92.259421, 34.719583]}, "properties": {"c": "disturbance"}}, {"type": "Feature", "geometry": {"type": "Point", "coordinates": [-92.360074, 34.727996]}, "properties": {"c": "traffic"}}, {"type": "Feature", "geometry": {"type": "Point", "coordinates": [-92.376986, 34.667168]}, "properties": {"c": "assist"}}, {"type": "Feature", "geometry": {"type": "Point", "coordinates": [-92.337918, 34.756718]}, "properties": {"c": "assist"}}, {"type": "Feature", "geometry": {"type": "Point", "coordinates": [-92.333913, 34.734521]}, "properties": {"c": "assist"}}, {"type": "Feature", "geometry": {"type": "Point", "coordinates": [-92.35464, 34.684862]}, "properties": {"c": "disturbance"}}, {"type": "Feature", "geometry": {"type": "Point", "coordinates": [-92.308736, 34.761958]}, "properties": {"c": "alarm"}}, {"type": "Feature", "geometry": {"type": "Point", "coordinates": [-92.306149, 34.750714]}, "properties": {"c": "welfare"}}, {"type": "Feature", "geometry": {"type": "Point", "coordinates": [-92.321353, 34.725599]}, "properties": {"c": "traffic"}}, {"type": "Feature", "geometry": {"type": "Point", "coordinates": [-92.439601, 34.669998]}, "properties": {"c": "theft"}}, {"type": "Feature", "geometry": {"type": "Point", "coordinates": [-92.285078, 34.726649]}, "properties": {"c": "disturbance"}}, {"type": "Feature", "geometry": {"type": "Point", "coordinates": [-92.402839, 34.792765]}, "properties": {"c": "alarm"}}, {"type": "Feature", "geometry": {"type": "Point", "coordinates": [-92.397352, 34.714303]}, "properties": {"c": "theft"}}, {"type": "Feature", "geometry": {"type": "Point", "coordinates": [-92.351057, 34.740158]}, "properties": {"c": "traffic"}}, {"type": "Feature", "geometry": {"type": "Point", "coordinates": [-92.3269995, 34.7416315]}, "properties": {"c": "traffic"}}, {"type": "Feature", "geometry": {"type": "Point", "coordinates": [-92.337796, 34.665017]}, "properties": {"c": "suspicious"}}, {"type": "Feature", "geometry": {"type": "Point", "coordinates": [-92.338381, 34.73592]}, "properties": {"c": "shots"}}, {"type": "Feature", "geometry": {"type": "Point", "coordinates": [-92.406337, 34.768653]}, "properties": {"c": "disturbance"}}, {"type": "Feature", "geometry": {"type": "Point", "coordinates": [-92.373978, 34.719318]}, "properties": {"c": "shots"}}, {"type": "Feature", "geometry": {"type": "Point", "coordinates": [-92.379965, 34.735632]}, "properties": {"c": "theft"}}, {"type": "Feature", "geometry": {"type": "Point", "coordinates": [-92.387387, 34.732241]}, "properties": {"c": "disturbance"}}, {"type": "Feature", "geometry": {"type": "Point", "coordinates": [-92.34634299999999, 34.711627]}, "properties": {"c": "traffic"}}, {"type": "Feature", "geometry": {"type": "Point", "coordinates": [-92.318292, 34.732128]}, "properties": {"c": "shots"}}, {"type": "Feature", "geometry": {"type": "Point", "coordinates": [-92.411924, 34.738943]}, "properties": {"c": "suspicious"}}, {"type": "Feature", "geometry": {"type": "Point", "coordinates": [-92.3401, 34.719554]}, "properties": {"c": "traffic"}}, {"type": "Feature", "geometry": {"type": "Point", "coordinates": [-92.3731335, 34.737055]}, "properties": {"c": "traffic"}}, {"type": "Feature", "geometry": {"type": "Point", "coordinates": [-92.322419, 34.737023]}, "properties": {"c": "drugs"}}, {"type": "Feature", "geometry": {"type": "Point", "coordinates": [-92.306955, 34.726231]}, "properties": {"c": "theft"}}, {"type": "Feature", "geometry": {"type": "Point", "coordinates": [-92.386637, 34.670835]}, "properties": {"c": "burglary"}}, {"type": "Feature", "geometry": {"type": "Point", "coordinates": [-92.343917, 34.6901065]}, "properties": {"c": "traffic"}}, {"type": "Feature", "geometry": {"type": "Point", "coordinates": [-92.256328, 34.735831]}, "properties": {"c": "disturbance"}}, {"type": "Feature", "geometry": {"type": "Point", "coordinates": [-92.259803, 34.723109]}, "properties": {"c": "trespass"}}, {"type": "Feature", "geometry": {"type": "Point", "coordinates": [-92.325269, 34.723444]}, "properties": {"c": "alarm"}}, {"type": "Feature", "geometry": {"type": "Point", "coordinates": [-92.329811, 34.680453]}, "properties": {"c": "disturbance"}}, {"type": "Feature", "geometry": {"type": "Point", "coordinates": [-92.349843, 34.771905]}, "properties": {"c": "welfare"}}, {"type": "Feature", "geometry": {"type": "Point", "coordinates": [-92.381299, 34.734466]}, "properties": {"c": "shots"}}, {"type": "Feature", "geometry": {"type": "Point", "coordinates": [-92.397723, 34.728334]}, "properties": {"c": "disturbance"}}, {"type": "Feature", "geometry": {"type": "Point", "coordinates": [-92.32761, 34.727849]}, "properties": {"c": "shots"}}, {"type": "Feature", "geometry": {"type": "Point", "coordinates": [-92.2770895, 34.736097]}, "properties": {"c": "suspicious"}}, {"type": "Feature", "geometry": {"type": "Point", "coordinates": [-92.3410875, 34.6633205]}, "properties": {"c": "shots"}}, {"type": "Feature", "geometry": {"type": "Point", "coordinates": [-92.3416445, 34.6980785]}, "properties": {"c": "traffic"}}, {"type": "Feature", "geometry": {"type": "Point", "coordinates": [-92.465463, 34.793609]}, "properties": {"c": "disturbance"}}, {"type": "Feature", "geometry": {"type": "Point", "coordinates": [-92.368106, 34.649261]}, "properties": {"c": "theft"}}, {"type": "Feature", "geometry": {"type": "Point", "coordinates": [-92.363468, 34.776084]}, "properties": {"c": "disturbance"}}, {"type": "Feature", "geometry": {"type": "Point", "coordinates": [-92.398703, 34.75811]}, "properties": {"c": "animal"}}, {"type": "Feature", "geometry": {"type": "Point", "coordinates": [-92.4416335, 34.754286]}, "properties": {"c": "traffic"}}, {"type": "Feature", "geometry": {"type": "Point", "coordinates": [-92.320103, 34.749011]}, "properties": {"c": "shots"}}, {"type": "Feature", "geometry": {"type": "Point", "coordinates": [-92.26674, 34.744438]}, "properties": {"c": "sex"}}, {"type": "Feature", "geometry": {"type": "Point", "coordinates": [-92.343965, 34.669466]}, "properties": {"c": "disturbance"}}, {"type": "Feature", "geometry": {"type": "Point", "coordinates": [-92.261134, 34.72741]}, "properties": {"c": "suspicious"}}, {"type": "Feature", "geometry": {"type": "Point", "coordinates": [-92.346551, 34.717153]}, "properties": {"c": "alarm"}}, {"type": "Feature", "geometry": {"type": "Point", "coordinates": [-92.2833645, 34.721503]}, "properties": {"c": "disturbance"}}, {"type": "Feature", "geometry": {"type": "Point", "coordinates": [-92.28673, 34.720099]}, "properties": {"c": "disturbance"}}, {"type": "Feature", "geometry": {"type": "Point", "coordinates": [-92.37283, 34.710955]}, "properties": {"c": "suspicious"}}, {"type": "Feature", "geometry": {"type": "Point", "coordinates": [-92.369045, 34.716355]}, "properties": {"c": "disturbance"}}, {"type": "Feature", "geometry": {"type": "Point", "coordinates": [-92.314158, 34.666976]}, "properties": {"c": "suspicious"}}, {"type": "Feature", "geometry": {"type": "Point", "coordinates": [-92.37371, 34.721359]}, "properties": {"c": "suspicious"}}, {"type": "Feature", "geometry": {"type": "Point", "coordinates": [-92.269999, 34.747892]}, "properties": {"c": "suspicious"}}, {"type": "Feature", "geometry": {"type": "Point", "coordinates": [-92.272936, 34.7254645]}, "properties": {"c": "traffic"}}, {"type": "Feature", "geometry": {"type": "Point", "coordinates": [-92.341654, 34.74907]}, "properties": {"c": "suspicious"}}, {"type": "Feature", "geometry": {"type": "Point", "coordinates": [-92.376097, 34.670488]}, "properties": {"c": "disturbance"}}, {"type": "Feature", "geometry": {"type": "Point", "coordinates": [-92.278324, 34.749413]}, "properties": {"c": "welfare"}}, {"type": "Feature", "geometry": {"type": "Point", "coordinates": [-92.375918, 34.756452]}, "properties": {"c": "suspicious"}}, {"type": "Feature", "geometry": {"type": "Point", "coordinates": [-92.365074, 34.719441]}, "properties": {"c": "other"}}, {"type": "Feature", "geometry": {"type": "Point", "coordinates": [-92.275991, 34.74615]}, "properties": {"c": "welfare"}}, {"type": "Feature", "geometry": {"type": "Point", "coordinates": [-92.31539499740259, 34.727072057142855]}, "properties": {"c": "welfare"}}, {"type": "Feature", "geometry": {"type": "Point", "coordinates": [-92.272442, 34.747945]}, "properties": {"c": "theft"}}, {"type": "Feature", "geometry": {"type": "Point", "coordinates": [-92.34327, 34.667376]}, "properties": {"c": "suspicious"}}, {"type": "Feature", "geometry": {"type": "Point", "coordinates": [-92.309853, 34.74338]}, "properties": {"c": "welfare"}}, {"type": "Feature", "geometry": {"type": "Point", "coordinates": [-92.36661, 34.650951]}, "properties": {"c": "alarm"}}, {"type": "Feature", "geometry": {"type": "Point", "coordinates": [-92.309756, 34.732999500000005]}, "properties": {"c": "welfare"}}, {"type": "Feature", "geometry": {"type": "Point", "coordinates": [-92.385515, 34.738424]}, "properties": {"c": "disturbance"}}, {"type": "Feature", "geometry": {"type": "Point", "coordinates": [-92.288309, 34.739926]}, "properties": {"c": "welfare"}}, {"type": "Feature", "geometry": {"type": "Point", "coordinates": [-92.343646, 34.717978]}, "properties": {"c": "suspicious"}}, {"type": "Feature", "geometry": {"type": "Point", "coordinates": [-92.275991, 34.74615]}, "properties": {"c": "welfare"}}, {"type": "Feature", "geometry": {"type": "Point", "coordinates": [-92.34447, 34.760812]}, "properties": {"c": "welfare"}}, {"type": "Feature", "geometry": {"type": "Point", "coordinates": [-92.33377, 34.718136]}, "properties": {"c": "other"}}, {"type": "Feature", "geometry": {"type": "Point", "coordinates": [-92.279211, 34.7248885]}, "properties": {"c": "assist"}}, {"type": "Feature", "geometry": {"type": "Point", "coordinates": [-92.398328, 34.757087]}, "properties": {"c": "disturbance"}}, {"type": "Feature", "geometry": {"type": "Point", "coordinates": [-92.373508, 34.633951]}, "properties": {"c": "vandalism"}}, {"type": "Feature", "geometry": {"type": "Point", "coordinates": [-92.33252, 34.71767]}, "properties": {"c": "shots"}}, {"type": "Feature", "geometry": {"type": "Point", "coordinates": [-92.268862, 34.740216]}, "properties": {"c": "assault"}}, {"type": "Feature", "geometry": {"type": "Point", "coordinates": [-92.33095, 34.751687]}, "properties": {"c": "drugs"}}, {"type": "Feature", "geometry": {"type": "Point", "coordinates": [-92.328307, 34.752185]}, "properties": {"c": "disturbance"}}, {"type": "Feature", "geometry": {"type": "Point", "coordinates": [-92.357858, 34.747252]}, "properties": {"c": "welfare"}}, {"type": "Feature", "geometry": {"type": "Point", "coordinates": [-92.312833, 34.676558]}, "properties": {"c": "disturbance"}}, {"type": "Feature", "geometry": {"type": "Point", "coordinates": [-92.336299, 34.756019]}, "properties": {"c": "welfare"}}, {"type": "Feature", "geometry": {"type": "Point", "coordinates": [-92.2794875, 34.737106999999995]}, "properties": {"c": "traffic"}}, {"type": "Feature", "geometry": {"type": "Point", "coordinates": [-92.386925, 34.767199]}, "properties": {"c": "traffic"}}, {"type": "Feature", "geometry": {"type": "Point", "coordinates": [-92.31017, 34.723478]}, "properties": {"c": "traffic"}}, {"type": "Feature", "geometry": {"type": "Point", "coordinates": [-92.332447, 34.724111]}, "properties": {"c": "suspicious"}}, {"type": "Feature", "geometry": {"type": "Point", "coordinates": [-92.322089, 34.730828]}, "properties": {"c": "disturbance"}}, {"type": "Feature", "geometry": {"type": "Point", "coordinates": [-92.394741, 34.755575]}, "properties": {"c": "trespass"}}, {"type": "Feature", "geometry": {"type": "Point", "coordinates": [-92.329913, 34.738032]}, "properties": {"c": "assist"}}, {"type": "Feature", "geometry": {"type": "Point", "coordinates": [-92.365071, 34.7244]}, "properties": {"c": "theft"}}, {"type": "Feature", "geometry": {"type": "Point", "coordinates": [-92.330585, 34.72055]}, "properties": {"c": "disturbance"}}, {"type": "Feature", "geometry": {"type": "Point", "coordinates": [-92.31540104415585, 34.72713902857143]}, "properties": {"c": "disturbance"}}, {"type": "Feature", "geometry": {"type": "Point", "coordinates": [-92.401543, 34.755415]}, "properties": {"c": "other"}}, {"type": "Feature", "geometry": {"type": "Point", "coordinates": [-92.410542, 34.746653]}, "properties": {"c": "disturbance"}}, {"type": "Feature", "geometry": {"type": "Point", "coordinates": [-92.318266, 34.66832]}, "properties": {"c": "trespass"}}, {"type": "Feature", "geometry": {"type": "Point", "coordinates": [-92.287479, 34.736778]}, "properties": {"c": "traffic"}}, {"type": "Feature", "geometry": {"type": "Point", "coordinates": [-92.276537, 34.749128]}, "properties": {"c": "assist"}}, {"type": "Feature", "geometry": {"type": "Point", "coordinates": [-92.435435, 34.669304]}, "properties": {"c": "welfare"}}, {"type": "Feature", "geometry": {"type": "Point", "coordinates": [-92.26907, 34.746363]}, "properties": {"c": "other"}}, {"type": "Feature", "geometry": {"type": "Point", "coordinates": [-92.375634, 34.764214]}, "properties": {"c": "assault"}}, {"type": "Feature", "geometry": {"type": "Point", "coordinates": [-92.342946, 34.664305]}, "properties": {"c": "assist"}}, {"type": "Feature", "geometry": {"type": "Point", "coordinates": [-92.2950745, 34.729247]}, "properties": {"c": "traffic"}}, {"type": "Feature", "geometry": {"type": "Point", "coordinates": [-92.41017625252525, 34.76111709090909]}, "properties": {"c": "vandalism"}}, {"type": "Feature", "geometry": {"type": "Point", "coordinates": [-92.319923, 34.751832]}, "properties": {"c": "welfare"}}, {"type": "Feature", "geometry": {"type": "Point", "coordinates": [-92.251113, 34.704515]}, "properties": {"c": "assault"}}, {"type": "Feature", "geometry": {"type": "Point", "coordinates": [-92.320692, 34.763929]}, "properties": {"c": "welfare"}}, {"type": "Feature", "geometry": {"type": "Point", "coordinates": [-92.274783, 34.739381]}, "properties": {"c": "disturbance"}}, {"type": "Feature", "geometry": {"type": "Point", "coordinates": [-92.384515, 34.664541]}, "properties": {"c": "welfare"}}, {"type": "Feature", "geometry": {"type": "Point", "coordinates": [-92.293397, 34.741007]}, "properties": {"c": "welfare"}}, {"type": "Feature", "geometry": {"type": "Point", "coordinates": [-92.43767600000001, 34.79475]}, "properties": {"c": "traffic"}}, {"type": "Feature", "geometry": {"type": "Point", "coordinates": [-92.40479, 34.657174]}, "properties": {"c": "alarm"}}, {"type": "Feature", "geometry": {"type": "Point", "coordinates": [-92.34245461386139, 34.70355866336634]}, "properties": {"c": "disturbance"}}, {"type": "Feature", "geometry": {"type": "Point", "coordinates": [-92.39139, 34.771654]}, "properties": {"c": "welfare"}}, {"type": "Feature", "geometry": {"type": "Point", "coordinates": [-92.2805515, 34.747161000000006]}, "properties": {"c": "traffic"}}, {"type": "Feature", "geometry": {"type": "Point", "coordinates": [-92.33588, 34.744362]}, "properties": {"c": "vandalism"}}, {"type": "Feature", "geometry": {"type": "Point", "coordinates": [-92.277781, 34.731722]}, "properties": {"c": "shots"}}, {"type": "Feature", "geometry": {"type": "Point", "coordinates": [-92.407948, 34.792794]}, "properties": {"c": "disturbance"}}, {"type": "Feature", "geometry": {"type": "Point", "coordinates": [-92.367842, 34.676311]}, "properties": {"c": "burglary"}}, {"type": "Feature", "geometry": {"type": "Point", "coordinates": [-92.323967, 34.664382]}, "properties": {"c": "assault"}}, {"type": "Feature", "geometry": {"type": "Point", "coordinates": [-92.3194615, 34.666443]}, "properties": {"c": "traffic"}}, {"type": "Feature", "geometry": {"type": "Point", "coordinates": [-92.321335, 34.724927]}, "properties": {"c": "theft"}}, {"type": "Feature", "geometry": {"type": "Point", "coordinates": [-92.343582, 34.751137]}, "properties": {"c": "alarm"}}, {"type": "Feature", "geometry": {"type": "Point", "coordinates": [-92.333905, 34.743314]}, "properties": {"c": "disturbance"}}, {"type": "Feature", "geometry": {"type": "Point", "coordinates": [-92.412689, 34.753772]}, "properties": {"c": "alarm"}}, {"type": "Feature", "geometry": {"type": "Point", "coordinates": [-92.404729, 34.794814]}, "properties": {"c": "welfare"}}, {"type": "Feature", "geometry": {"type": "Point", "coordinates": [-92.374488, 34.716882]}, "properties": {"c": "assault"}}, {"type": "Feature", "geometry": {"type": "Point", "coordinates": [-92.268066, 34.743948]}, "properties": {"c": "suspicious"}}, {"type": "Feature", "geometry": {"type": "Point", "coordinates": [-92.330357, 34.758743]}, "properties": {"c": "welfare"}}, {"type": "Feature", "geometry": {"type": "Point", "coordinates": [-92.385702, 34.77414]}, "properties": {"c": "alarm"}}, {"type": "Feature", "geometry": {"type": "Point", "coordinates": [-92.346369, 34.719551]}, "properties": {"c": "vandalism"}}, {"type": "Feature", "geometry": {"type": "Point", "coordinates": [-92.315051, 34.726135]}, "properties": {"c": "shots"}}, {"type": "Feature", "geometry": {"type": "Point", "coordinates": [-92.321592, 34.72666]}, "properties": {"c": "disturbance"}}, {"type": "Feature", "geometry": {"type": "Point", "coordinates": [-92.389558, 34.665693]}, "properties": {"c": "alarm"}}, {"type": "Feature", "geometry": {"type": "Point", "coordinates": [-92.32804, 34.755909]}, "properties": {"c": "theft"}}, {"type": "Feature", "geometry": {"type": "Point", "coordinates": [-92.486385, 34.789405]}, "properties": {"c": "suspicious"}}, {"type": "Feature", "geometry": {"type": "Point", "coordinates": [-92.349595, 34.730505]}, "properties": {"c": "alarm"}}, {"type": "Feature", "geometry": {"type": "Point", "coordinates": [-92.362423, 34.748275]}, "properties": {"c": "vandalism"}}, {"type": "Feature", "geometry": {"type": "Point", "coordinates": [-92.335178, 34.699782]}, "properties": {"c": "welfare"}}, {"type": "Feature", "geometry": {"type": "Point", "coordinates": [-92.322662, 34.751991]}, "properties": {"c": "alarm"}}, {"type": "Feature", "geometry": {"type": "Point", "coordinates": [-92.349816, 34.687256]}, "properties": {"c": "alarm"}}, {"type": "Feature", "geometry": {"type": "Point", "coordinates": [-92.403824, 34.757563]}, "properties": {"c": "suspicious"}}, {"type": "Feature", "geometry": {"type": "Point", "coordinates": [-92.342392, 34.681848]}, "properties": {"c": "disturbance"}}, {"type": "Feature", "geometry": {"type": "Point", "coordinates": [-92.409463, 34.657023]}, "properties": {"c": "disturbance"}}, {"type": "Feature", "geometry": {"type": "Point", "coordinates": [-92.414606, 34.67429]}, "properties": {"c": "welfare"}}, {"type": "Feature", "geometry": {"type": "Point", "coordinates": [-92.467748, 34.785479]}, "properties": {"c": "assault"}}, {"type": "Feature", "geometry": {"type": "Point", "coordinates": [-92.347741, 34.654409]}, "properties": {"c": "disturbance"}}, {"type": "Feature", "geometry": {"type": "Point", "coordinates": [-92.452145, 34.775895]}, "properties": {"c": "welfare"}}, {"type": "Feature", "geometry": {"type": "Point", "coordinates": [-92.342833, 34.718334]}, "properties": {"c": "assault"}}, {"type": "Feature", "geometry": {"type": "Point", "coordinates": [-92.288309, 34.739926]}, "properties": {"c": "assault"}}, {"type": "Feature", "geometry": {"type": "Point", "coordinates": [-92.328307, 34.752185]}, "properties": {"c": "disturbance"}}, {"type": "Feature", "geometry": {"type": "Point", "coordinates": [-92.267919, 34.724667]}, "properties": {"c": "disturbance"}}, {"type": "Feature", "geometry": {"type": "Point", "coordinates": [-92.316979, 34.750949]}, "properties": {"c": "other"}}, {"type": "Feature", "geometry": {"type": "Point", "coordinates": [-92.344398, 34.675766]}, "properties": {"c": "disturbance"}}, {"type": "Feature", "geometry": {"type": "Point", "coordinates": [-92.343101, 34.753551]}, "properties": {"c": "traffic"}}, {"type": "Feature", "geometry": {"type": "Point", "coordinates": [-92.317254, 34.75067]}, "properties": {"c": "alarm"}}, {"type": "Feature", "geometry": {"type": "Point", "coordinates": [-92.381001, 34.697451]}, "properties": {"c": "alarm"}}, {"type": "Feature", "geometry": {"type": "Point", "coordinates": [-92.2569555, 34.7422295]}, "properties": {"c": "traffic"}}, {"type": "Feature", "geometry": {"type": "Point", "coordinates": [-92.360096, 34.69266]}, "properties": {"c": "shots"}}, {"type": "Feature", "geometry": {"type": "Point", "coordinates": [-92.333466, 34.755427]}, "properties": {"c": "traffic"}}, {"type": "Feature", "geometry": {"type": "Point", "coordinates": [-92.287296, 34.730411]}, "properties": {"c": "theft"}}, {"type": "Feature", "geometry": {"type": "Point", "coordinates": [-92.368423, 34.765692]}, "properties": {"c": "assist"}}, {"type": "Feature", "geometry": {"type": "Point", "coordinates": [-92.413029, 34.756128]}, "properties": {"c": "other"}}, {"type": "Feature", "geometry": {"type": "Point", "coordinates": [-92.321669, 34.740474]}, "properties": {"c": "welfare"}}, {"type": "Feature", "geometry": {"type": "Point", "coordinates": [-92.393831, 34.717296]}, "properties": {"c": "disturbance"}}, {"type": "Feature", "geometry": {"type": "Point", "coordinates": [-92.3997, 34.794454]}, "properties": {"c": "suspicious"}}, {"type": "Feature", "geometry": {"type": "Point", "coordinates": [-92.27843, 34.766998]}, "properties": {"c": "assist"}}, {"type": "Feature", "geometry": {"type": "Point", "coordinates": [-92.3518885, 34.683924]}, "properties": {"c": "traffic"}}, {"type": "Feature", "geometry": {"type": "Point", "coordinates": [-92.397228, 34.747038]}, "properties": {"c": "traffic"}}, {"type": "Feature", "geometry": {"type": "Point", "coordinates": [-92.375081, 34.698787]}, "properties": {"c": "traffic"}}, {"type": "Feature", "geometry": {"type": "Point", "coordinates": [-92.339022, 34.768883]}, "properties": {"c": "traffic"}}, {"type": "Feature", "geometry": {"type": "Point", "coordinates": [-92.267919, 34.724667]}, "properties": {"c": "welfare"}}, {"type": "Feature", "geometry": {"type": "Point", "coordinates": [-92.397723, 34.728334]}, "properties": {"c": "suspicious"}}, {"type": "Feature", "geometry": {"type": "Point", "coordinates": [-92.404753, 34.755665]}, "properties": {"c": "welfare"}}, {"type": "Feature", "geometry": {"type": "Point", "coordinates": [-92.365752, 34.756895]}, "properties": {"c": "alarm"}}, {"type": "Feature", "geometry": {"type": "Point", "coordinates": [-92.268147, 34.747552]}, "properties": {"c": "traffic"}}, {"type": "Feature", "geometry": {"type": "Point", "coordinates": [-92.268066, 34.743948]}, "properties": {"c": "disturbance"}}, {"type": "Feature", "geometry": {"type": "Point", "coordinates": [-92.423517, 34.672849]}, "properties": {"c": "assault"}}, {"type": "Feature", "geometry": {"type": "Point", "coordinates": [-92.342911, 34.752019]}, "properties": {"c": "disturbance"}}, {"type": "Feature", "geometry": {"type": "Point", "coordinates": [-92.414252, 34.752648]}, "properties": {"c": "traffic"}}, {"type": "Feature", "geometry": {"type": "Point", "coordinates": [-92.351485, 34.668059]}, "properties": {"c": "assist"}}, {"type": "Feature", "geometry": {"type": "Point", "coordinates": [-92.316094, 34.738086]}, "properties": {"c": "alarm"}}, {"type": "Feature", "geometry": {"type": "Point", "coordinates": [-92.397914, 34.757095]}, "properties": {"c": "welfare"}}, {"type": "Feature", "geometry": {"type": "Point", "coordinates": [-92.289726, 34.737233]}, "properties": {"c": "welfare"}}, {"type": "Feature", "geometry": {"type": "Point", "coordinates": [-92.30924, 34.775103]}, "properties": {"c": "welfare"}}, {"type": "Feature", "geometry": {"type": "Point", "coordinates": [-92.351177, 34.658101]}, "properties": {"c": "disturbance"}}, {"type": "Feature", "geometry": {"type": "Point", "coordinates": [-92.315092, 34.749922]}, "properties": {"c": "other"}}, {"type": "Feature", "geometry": {"type": "Point", "coordinates": [-92.2758505, 34.743009]}, "properties": {"c": "traffic"}}, {"type": "Feature", "geometry": {"type": "Point", "coordinates": [-92.491631, 34.812249]}, "properties": {"c": "traffic"}}, {"type": "Feature", "geometry": {"type": "Point", "coordinates": [-92.386925, 34.767199]}, "properties": {"c": "disturbance"}}, {"type": "Feature", "geometry": {"type": "Point", "coordinates": [-92.27365, 34.741966]}, "properties": {"c": "disturbance"}}, {"type": "Feature", "geometry": {"type": "Point", "coordinates": [-92.349169, 34.678169]}, "properties": {"c": "disturbance"}}, {"type": "Feature", "geometry": {"type": "Point", "coordinates": [-92.385492, 34.767473]}, "properties": {"c": "welfare"}}, {"type": "Feature", "geometry": {"type": "Point", "coordinates": [-92.346097, 34.664012]}, "properties": {"c": "disturbance"}}, {"type": "Feature", "geometry": {"type": "Point", "coordinates": [-92.31546, 34.727792]}, "properties": {"c": "drugs"}}, {"type": "Feature", "geometry": {"type": "Point", "coordinates": [-92.372448, 34.762925]}, "properties": {"c": "disturbance"}}, {"type": "Feature", "geometry": {"type": "Point", "coordinates": [-92.429379, 34.735514]}, "properties": {"c": "alarm"}}, {"type": "Feature", "geometry": {"type": "Point", "coordinates": [-92.328479, 34.743024000000005]}, "properties": {"c": "traffic"}}, {"type": "Feature", "geometry": {"type": "Point", "coordinates": [-92.351177, 34.658101]}, "properties": {"c": "welfare"}}, {"type": "Feature", "geometry": {"type": "Point", "coordinates": [-92.388851, 34.77094]}, "properties": {"c": "disturbance"}}, {"type": "Feature", "geometry": {"type": "Point", "coordinates": [-92.38604, 34.797673]}, "properties": {"c": "alarm"}}, {"type": "Feature", "geometry": {"type": "Point", "coordinates": [-92.376036, 34.720554]}, "properties": {"c": "traffic"}}, {"type": "Feature", "geometry": {"type": "Point", "coordinates": [-92.342392, 34.681848]}, "properties": {"c": "disturbance"}}, {"type": "Feature", "geometry": {"type": "Point", "coordinates": [-92.225084, 34.714681]}, "properties": {"c": "disturbance"}}, {"type": "Feature", "geometry": {"type": "Point", "coordinates": [-92.343481, 34.750264]}, "properties": {"c": "disturbance"}}, {"type": "Feature", "geometry": {"type": "Point", "coordinates": [-92.323102, 34.740428]}, "properties": {"c": "alarm"}}, {"type": "Feature", "geometry": {"type": "Point", "coordinates": [-92.339989, 34.75931]}, "properties": {"c": "disturbance"}}, {"type": "Feature", "geometry": {"type": "Point", "coordinates": [-92.35830918987342, 34.74401789873418]}, "properties": {"c": "sex"}}, {"type": "Feature", "geometry": {"type": "Point", "coordinates": [-92.276537, 34.749128]}, "properties": {"c": "assist"}}, {"type": "Feature", "geometry": {"type": "Point", "coordinates": [-92.386184, 34.74219]}, "properties": {"c": "disturbance"}}, {"type": "Feature", "geometry": {"type": "Point", "coordinates": [-92.461408, 34.807818]}, "properties": {"c": "assault"}}, {"type": "Feature", "geometry": {"type": "Point", "coordinates": [-92.275704, 34.743482]}, "properties": {"c": "disturbance"}}, {"type": "Feature", "geometry": {"type": "Point", "coordinates": [-92.267726, 34.74607]}, "properties": {"c": "other"}}, {"type": "Feature", "geometry": {"type": "Point", "coordinates": [-92.363701, 34.730962]}, "properties": {"c": "other"}}, {"type": "Feature", "geometry": {"type": "Point", "coordinates": [-92.281601, 34.76945]}, "properties": {"c": "welfare"}}, {"type": "Feature", "geometry": {"type": "Point", "coordinates": [-92.412689, 34.753772]}, "properties": {"c": "alarm"}}, {"type": "Feature", "geometry": {"type": "Point", "coordinates": [-92.314158, 34.666976]}, "properties": {"c": "assault"}}, {"type": "Feature", "geometry": {"type": "Point", "coordinates": [-92.35742, 34.669795]}, "properties": {"c": "welfare"}}, {"type": "Feature", "geometry": {"type": "Point", "coordinates": [-92.222536, 34.697572]}, "properties": {"c": "suspicious"}}, {"type": "Feature", "geometry": {"type": "Point", "coordinates": [-92.279365, 34.74968]}, "properties": {"c": "disturbance"}}, {"type": "Feature", "geometry": {"type": "Point", "coordinates": [-92.275991, 34.74615]}, "properties": {"c": "disturbance"}}, {"type": "Feature", "geometry": {"type": "Point", "coordinates": [-92.215182, 34.70635]}, "properties": {"c": "welfare"}}, {"type": "Feature", "geometry": {"type": "Point", "coordinates": [-92.414922, 34.755989]}, "properties": {"c": "assist"}}, {"type": "Feature", "geometry": {"type": "Point", "coordinates": [-92.34475, 34.749357]}, "properties": {"c": "assist"}}, {"type": "Feature", "geometry": {"type": "Point", "coordinates": [-92.374635, 34.69725]}, "properties": {"c": "assist"}}, {"type": "Feature", "geometry": {"type": "Point", "coordinates": [-92.334921, 34.697446]}, "properties": {"c": "welfare"}}, {"type": "Feature", "geometry": {"type": "Point", "coordinates": [-92.353317, 34.771701]}, "properties": {"c": "suspicious"}}, {"type": "Feature", "geometry": {"type": "Point", "coordinates": [-92.395496, 34.733633]}, "properties": {"c": "welfare"}}, {"type": "Feature", "geometry": {"type": "Point", "coordinates": [-92.375213, 34.785364]}, "properties": {"c": "alarm"}}, {"type": "Feature", "geometry": {"type": "Point", "coordinates": [-92.320146, 34.685964]}, "properties": {"c": "disturbance"}}, {"type": "Feature", "geometry": {"type": "Point", "coordinates": [-92.418741, 34.772662]}, "properties": {"c": "animal"}}, {"type": "Feature", "geometry": {"type": "Point", "coordinates": [-92.415727, 34.80379]}, "properties": {"c": "alarm"}}, {"type": "Feature", "geometry": {"type": "Point", "coordinates": [-92.3954795, 34.7474245]}, "properties": {"c": "traffic"}}, {"type": "Feature", "geometry": {"type": "Point", "coordinates": [-92.325269, 34.723444]}, "properties": {"c": "alarm"}}, {"type": "Feature", "geometry": {"type": "Point", "coordinates": [-92.310881, 34.742718]}, "properties": {"c": "theft"}}, {"type": "Feature", "geometry": {"type": "Point", "coordinates": [-92.351177, 34.658101]}, "properties": {"c": "welfare"}}, {"type": "Feature", "geometry": {"type": "Point", "coordinates": [-92.406337, 34.768653]}, "properties": {"c": "burglary"}}, {"type": "Feature", "geometry": {"type": "Point", "coordinates": [-92.31017, 34.723478]}, "properties": {"c": "assist"}}, {"type": "Feature", "geometry": {"type": "Point", "coordinates": [-92.394629, 34.752605]}, "properties": {"c": "welfare"}}, {"type": "Feature", "geometry": {"type": "Point", "coordinates": [-92.342392, 34.681848]}, "properties": {"c": "other"}}, {"type": "Feature", "geometry": {"type": "Point", "coordinates": [-92.428971, 34.661347]}, "properties": {"c": "alarm"}}, {"type": "Feature", "geometry": {"type": "Point", "coordinates": [-92.427753, 34.667491]}, "properties": {"c": "alarm"}}, {"type": "Feature", "geometry": {"type": "Point", "coordinates": [-92.331634, 34.723647]}, "properties": {"c": "assist"}}, {"type": "Feature", "geometry": {"type": "Point", "coordinates": [-92.309607, 34.732065]}, "properties": {"c": "suspicious"}}, {"type": "Feature", "geometry": {"type": "Point", "coordinates": [-92.342675, 34.73361]}, "properties": {"c": "disturbance"}}, {"type": "Feature", "geometry": {"type": "Point", "coordinates": [-92.3384, 34.752359]}, "properties": {"c": "disturbance"}}, {"type": "Feature", "geometry": {"type": "Point", "coordinates": [-92.333459, 34.720353]}, "properties": {"c": "alarm"}}, {"type": "Feature", "geometry": {"type": "Point", "coordinates": [-92.383569, 34.665378]}, "properties": {"c": "suspicious"}}, {"type": "Feature", "geometry": {"type": "Point", "coordinates": [-92.329784, 34.685373]}, "properties": {"c": "shots"}}, {"type": "Feature", "geometry": {"type": "Point", "coordinates": [-92.31918955555555, 34.73543277777778]}, "properties": {"c": "shots"}}, {"type": "Feature", "geometry": {"type": "Point", "coordinates": [-92.334186, 34.742733]}, "properties": {"c": "disturbance"}}, {"type": "Feature", "geometry": {"type": "Point", "coordinates": [-92.399128, 34.757]}, "properties": {"c": "other"}}, {"type": "Feature", "geometry": {"type": "Point", "coordinates": [-92.430668, 34.654961]}, "properties": {"c": "assault"}}, {"type": "Feature", "geometry": {"type": "Point", "coordinates": [-92.296748, 34.720923]}, "properties": {"c": "disturbance"}}, {"type": "Feature", "geometry": {"type": "Point", "coordinates": [-92.37371, 34.721359]}, "properties": {"c": "disturbance"}}, {"type": "Feature", "geometry": {"type": "Point", "coordinates": [-92.22623, 34.792595]}, "properties": {"c": "assist"}}, {"type": "Feature", "geometry": {"type": "Point", "coordinates": [-92.41373876190475, 34.744124523809525]}, "properties": {"c": "alarm"}}, {"type": "Feature", "geometry": {"type": "Point", "coordinates": [-92.336265, 34.701833]}, "properties": {"c": "assist"}}, {"type": "Feature", "geometry": {"type": "Point", "coordinates": [-92.340058, 34.763584]}, "properties": {"c": "alarm"}}, {"type": "Feature", "geometry": {"type": "Point", "coordinates": [-92.424853, 34.78154]}, "properties": {"c": "traffic"}}, {"type": "Feature", "geometry": {"type": "Point", "coordinates": [-92.353359, 34.670023]}, "properties": {"c": "traffic"}}, {"type": "Feature", "geometry": {"type": "Point", "coordinates": [-92.31017, 34.723478]}, "properties": {"c": "assist"}}, {"type": "Feature", "geometry": {"type": "Point", "coordinates": [-92.3507, 34.718315]}, "properties": {"c": "traffic"}}, {"type": "Feature", "geometry": {"type": "Point", "coordinates": [-92.376421, 34.669706]}, "properties": {"c": "disturbance"}}, {"type": "Feature", "geometry": {"type": "Point", "coordinates": [-92.3049935, 34.748981]}, "properties": {"c": "traffic"}}, {"type": "Feature", "geometry": {"type": "Point", "coordinates": [-92.332147, 34.725841]}, "properties": {"c": "disturbance"}}, {"type": "Feature", "geometry": {"type": "Point", "coordinates": [-92.333905, 34.743314]}, "properties": {"c": "disturbance"}}, {"type": "Feature", "geometry": {"type": "Point", "coordinates": [-92.281357, 34.718763]}, "properties": {"c": "suspicious"}}, {"type": "Feature", "geometry": {"type": "Point", "coordinates": [-92.365812, 34.732467]}, "properties": {"c": "assist"}}, {"type": "Feature", "geometry": {"type": "Point", "coordinates": [-92.269746, 34.741629]}, "properties": {"c": "welfare"}}, {"type": "Feature", "geometry": {"type": "Point", "coordinates": [-92.428229, 34.771923]}, "properties": {"c": "traffic"}}, {"type": "Feature", "geometry": {"type": "Point", "coordinates": [-92.251618, 34.732054]}, "properties": {"c": "alarm"}}, {"type": "Feature", "geometry": {"type": "Point", "coordinates": [-92.309034, 34.725967]}, "properties": {"c": "welfare"}}, {"type": "Feature", "geometry": {"type": "Point", "coordinates": [-92.386637, 34.670835]}, "properties": {"c": "disturbance"}}, {"type": "Feature", "geometry": {"type": "Point", "coordinates": [-92.344718, 34.670845]}, "properties": {"c": "disturbance"}}, {"type": "Feature", "geometry": {"type": "Point", "coordinates": [-92.349338, 34.7509615]}, "properties": {"c": "shots"}}, {"type": "Feature", "geometry": {"type": "Point", "coordinates": [-92.341566, 34.668733]}, "properties": {"c": "welfare"}}, {"type": "Feature", "geometry": {"type": "Point", "coordinates": [-92.432571, 34.749082]}, "properties": {"c": "assault"}}, {"type": "Feature", "geometry": {"type": "Point", "coordinates": [-92.3690675, 34.6664775]}, "properties": {"c": "other"}}, {"type": "Feature", "geometry": {"type": "Point", "coordinates": [-92.403824, 34.757563]}, "properties": {"c": "theft"}}, {"type": "Feature", "geometry": {"type": "Point", "coordinates": [-92.403736, 34.726704]}, "properties": {"c": "welfare"}}, {"type": "Feature", "geometry": {"type": "Point", "coordinates": [-92.324149, 34.727822]}, "properties": {"c": "animal"}}, {"type": "Feature", "geometry": {"type": "Point", "coordinates": [-92.360989, 34.776305]}, "properties": {"c": "traffic"}}, {"type": "Feature", "geometry": {"type": "Point", "coordinates": [-92.381084, 34.664394]}, "properties": {"c": "disturbance"}}, {"type": "Feature", "geometry": {"type": "Point", "coordinates": [-92.361537, 34.668851]}, "properties": {"c": "disturbance"}}, {"type": "Feature", "geometry": {"type": "Point", "coordinates": [-92.317386, 34.726968]}, "properties": {"c": "trespass"}}, {"type": "Feature", "geometry": {"type": "Point", "coordinates": [-92.399706, 34.761176]}, "properties": {"c": "welfare"}}, {"type": "Feature", "geometry": {"type": "Point", "coordinates": [-92.276427, 34.740098]}, "properties": {"c": "disturbance"}}, {"type": "Feature", "geometry": {"type": "Point", "coordinates": [-92.29017999999999, 34.733381]}, "properties": {"c": "disturbance"}}, {"type": "Feature", "geometry": {"type": "Point", "coordinates": [-92.34206, 34.738048]}, "properties": {"c": "traffic"}}, {"type": "Feature", "geometry": {"type": "Point", "coordinates": [-92.275713, 34.749117]}, "properties": {"c": "alarm"}}, {"type": "Feature", "geometry": {"type": "Point", "coordinates": [-92.403735, 34.772012]}, "properties": {"c": "alarm"}}, {"type": "Feature", "geometry": {"type": "Point", "coordinates": [-92.342056, 34.735559]}, "properties": {"c": "welfare"}}, {"type": "Feature", "geometry": {"type": "Point", "coordinates": [-92.33807200000001, 34.735121]}, "properties": {"c": "traffic"}}, {"type": "Feature", "geometry": {"type": "Point", "coordinates": [-92.376624, 34.761561]}, "properties": {"c": "burglary"}}, {"type": "Feature", "geometry": {"type": "Point", "coordinates": [-92.251184, 34.703143]}, "properties": {"c": "disturbance"}}, {"type": "Feature", "geometry": {"type": "Point", "coordinates": [-92.276949, 34.74211]}, "properties": {"c": "alarm"}}, {"type": "Feature", "geometry": {"type": "Point", "coordinates": [-92.335097, 34.775482]}, "properties": {"c": "alarm"}}, {"type": "Feature", "geometry": {"type": "Point", "coordinates": [-92.339241, 34.750396]}, "properties": {"c": "disturbance"}}, {"type": "Feature", "geometry": {"type": "Point", "coordinates": [-92.353317, 34.771701]}, "properties": {"c": "welfare"}}, {"type": "Feature", "geometry": {"type": "Point", "coordinates": [-92.386637, 34.670835]}, "properties": {"c": "disturbance"}}, {"type": "Feature", "geometry": {"type": "Point", "coordinates": [-92.343481, 34.750264]}, "properties": {"c": "disturbance"}}, {"type": "Feature", "geometry": {"type": "Point", "coordinates": [-92.34475, 34.749357]}, "properties": {"c": "theft"}}, {"type": "Feature", "geometry": {"type": "Point", "coordinates": [-92.344718, 34.670845]}, "properties": {"c": "disturbance"}}, {"type": "Feature", "geometry": {"type": "Point", "coordinates": [-92.316259, 34.665527]}, "properties": {"c": "burglary"}}, {"type": "Feature", "geometry": {"type": "Point", "coordinates": [-92.320778, 34.768998]}, "properties": {"c": "welfare"}}, {"type": "Feature", "geometry": {"type": "Point", "coordinates": [-92.2679565, 34.759820000000005]}, "properties": {"c": "welfare"}}, {"type": "Feature", "geometry": {"type": "Point", "coordinates": [-92.2696385, 34.734759499999996]}, "properties": {"c": "welfare"}}, {"type": "Feature", "geometry": {"type": "Point", "coordinates": [-92.3392585, 34.768045]}, "properties": {"c": "traffic"}}, {"type": "Feature", "geometry": {"type": "Point", "coordinates": [-92.258172, 34.737316]}, "properties": {"c": "alarm"}}, {"type": "Feature", "geometry": {"type": "Point", "coordinates": [-92.374414, 34.740152]}, "properties": {"c": "welfare"}}, {"type": "Feature", "geometry": {"type": "Point", "coordinates": [-92.369472, 34.655506]}, "properties": {"c": "shots"}}, {"type": "Feature", "geometry": {"type": "Point", "coordinates": [-92.426329, 34.758075]}, "properties": {"c": "assault"}}, {"type": "Feature", "geometry": {"type": "Point", "coordinates": [-92.318266, 34.66832]}, "properties": {"c": "welfare"}}, {"type": "Feature", "geometry": {"type": "Point", "coordinates": [-92.335188, 34.769537]}, "properties": {"c": "disturbance"}}, {"type": "Feature", "geometry": {"type": "Point", "coordinates": [-92.314158, 34.666976]}, "properties": {"c": "assault"}}, {"type": "Feature", "geometry": {"type": "Point", "coordinates": [-92.377181, 34.710623]}, "properties": {"c": "welfare"}}, {"type": "Feature", "geometry": {"type": "Point", "coordinates": [-92.383403, 34.763035]}, "properties": {"c": "alarm"}}, {"type": "Feature", "geometry": {"type": "Point", "coordinates": [-92.347047, 34.748636]}, "properties": {"c": "alarm"}}, {"type": "Feature", "geometry": {"type": "Point", "coordinates": [-92.345954, 34.716825]}, "properties": {"c": "trespass"}}, {"type": "Feature", "geometry": {"type": "Point", "coordinates": [-92.386637, 34.670835]}, "properties": {"c": "burglary"}}, {"type": "Feature", "geometry": {"type": "Point", "coordinates": [-92.3376915, 34.7523535]}, "properties": {"c": "traffic"}}, {"type": "Feature", "geometry": {"type": "Point", "coordinates": [-92.3171815, 34.742155]}, "properties": {"c": "traffic"}}, {"type": "Feature", "geometry": {"type": "Point", "coordinates": [-92.26933, 34.742104]}, "properties": {"c": "welfare"}}, {"type": "Feature", "geometry": {"type": "Point", "coordinates": [-92.343328, 34.716759]}, "properties": {"c": "welfare"}}, {"type": "Feature", "geometry": {"type": "Point", "coordinates": [-92.337353, 34.67225]}, "properties": {"c": "disturbance"}}, {"type": "Feature", "geometry": {"type": "Point", "coordinates": [-92.409979, 34.714565]}, "properties": {"c": "assault"}}, {"type": "Feature", "geometry": {"type": "Point", "coordinates": [-92.328203, 34.729271]}, "properties": {"c": "shots"}}, {"type": "Feature", "geometry": {"type": "Point", "coordinates": [-92.349816, 34.687256]}, "properties": {"c": "suspicious"}}, {"type": "Feature", "geometry": {"type": "Point", "coordinates": [-92.421351, 34.646253]}, "properties": {"c": "suspicious"}}, {"type": "Feature", "geometry": {"type": "Point", "coordinates": [-92.26756, 34.745026]}, "properties": {"c": "welfare"}}, {"type": "Feature", "geometry": {"type": "Point", "coordinates": [-92.349169, 34.678169]}, "properties": {"c": "vandalism"}}, {"type": "Feature", "geometry": {"type": "Point", "coordinates": [-92.391244, 34.724546]}, "properties": {"c": "vandalism"}}, {"type": "Feature", "geometry": {"type": "Point", "coordinates": [-92.31606, 34.751193]}, "properties": {"c": "assault"}}, {"type": "Feature", "geometry": {"type": "Point", "coordinates": [-92.344468, 34.679789]}, "properties": {"c": "welfare"}}, {"type": "Feature", "geometry": {"type": "Point", "coordinates": [-92.37531849999999, 34.753800999999996]}, "properties": {"c": "traffic"}}, {"type": "Feature", "geometry": {"type": "Point", "coordinates": [-92.29017999999999, 34.733381]}, "properties": {"c": "disturbance"}}, {"type": "Feature", "geometry": {"type": "Point", "coordinates": [-92.424408, 34.627059]}, "properties": {"c": "suspicious"}}, {"type": "Feature", "geometry": {"type": "Point", "coordinates": [-92.266306, 34.745359]}, "properties": {"c": "assault"}}, {"type": "Feature", "geometry": {"type": "Point", "coordinates": [-92.246878, 34.755174]}, "properties": {"c": "disturbance"}}, {"type": "Feature", "geometry": {"type": "Point", "coordinates": [-92.300457, 34.759481]}, "properties": {"c": "alarm"}}, {"type": "Feature", "geometry": {"type": "Point", "coordinates": [-92.347482, 34.667189]}, "properties": {"c": "suspicious"}}, {"type": "Feature", "geometry": {"type": "Point", "coordinates": [-92.351836, 34.720203]}, "properties": {"c": "welfare"}}, {"type": "Feature", "geometry": {"type": "Point", "coordinates": [-92.306921, 34.742159666666666]}, "properties": {"c": "disturbance"}}, {"type": "Feature", "geometry": {"type": "Point", "coordinates": [-92.426329, 34.758075]}, "properties": {"c": "vandalism"}}, {"type": "Feature", "geometry": {"type": "Point", "coordinates": [-92.322032, 34.671283]}, "properties": {"c": "suspicious"}}, {"type": "Feature", "geometry": {"type": "Point", "coordinates": [-92.335415, 34.770422]}, "properties": {"c": "alarm"}}, {"type": "Feature", "geometry": {"type": "Point", "coordinates": [-92.295274, 34.723027]}, "properties": {"c": "disturbance"}}, {"type": "Feature", "geometry": {"type": "Point", "coordinates": [-92.288309, 34.739926]}, "properties": {"c": "welfare"}}, {"type": "Feature", "geometry": {"type": "Point", "coordinates": [-92.43217, 34.67133]}, "properties": {"c": "welfare"}}, {"type": "Feature", "geometry": {"type": "Point", "coordinates": [-92.386637, 34.670835]}, "properties": {"c": "shots"}}, {"type": "Feature", "geometry": {"type": "Point", "coordinates": [-92.332351, 34.668983]}, "properties": {"c": "alarm"}}, {"type": "Feature", "geometry": {"type": "Point", "coordinates": [-92.333905, 34.743314]}, "properties": {"c": "shots"}}, {"type": "Feature", "geometry": {"type": "Point", "coordinates": [-92.3999305, 34.7577335]}, "properties": {"c": "traffic"}}, {"type": "Feature", "geometry": {"type": "Point", "coordinates": [-92.302816, 34.737048]}, "properties": {"c": "assist"}}, {"type": "Feature", "geometry": {"type": "Point", "coordinates": [-92.398928, 34.754583]}, "properties": {"c": "traffic"}}, {"type": "Feature", "geometry": {"type": "Point", "coordinates": [-92.391067, 34.711643]}, "properties": {"c": "welfare"}}, {"type": "Feature", "geometry": {"type": "Point", "coordinates": [-92.437033, 34.801946]}, "properties": {"c": "disturbance"}}, {"type": "Feature", "geometry": {"type": "Point", "coordinates": [-92.383438, 34.756179]}, "properties": {"c": "assault"}}, {"type": "Feature", "geometry": {"type": "Point", "coordinates": [-92.391244, 34.724546]}, "properties": {"c": "welfare"}}, {"type": "Feature", "geometry": {"type": "Point", "coordinates": [-92.288422, 34.735741]}, "properties": {"c": "welfare"}}, {"type": "Feature", "geometry": {"type": "Point", "coordinates": [-92.309566, 34.761306]}, "properties": {"c": "disturbance"}}, {"type": "Feature", "geometry": {"type": "Point", "coordinates": [-92.308316, 34.735327]}, "properties": {"c": "assault"}}, {"type": "Feature", "geometry": {"type": "Point", "coordinates": [-92.357192, 34.772409]}, "properties": {"c": "disturbance"}}, {"type": "Feature", "geometry": {"type": "Point", "coordinates": [-92.336701, 34.70261]}, "properties": {"c": "shots"}}, {"type": "Feature", "geometry": {"type": "Point", "coordinates": [-92.342911, 34.752019]}, "properties": {"c": "disturbance"}}, {"type": "Feature", "geometry": {"type": "Point", "coordinates": [-92.27768, 34.725211]}, "properties": {"c": "alarm"}}, {"type": "Feature", "geometry": {"type": "Point", "coordinates": [-92.320378, 34.739454]}, "properties": {"c": "theft"}}, {"type": "Feature", "geometry": {"type": "Point", "coordinates": [-92.29161533333334, 34.71535466666666]}, "properties": {"c": "shots"}}, {"type": "Feature", "geometry": {"type": "Point", "coordinates": [-92.274026, 34.742803]}, "properties": {"c": "disturbance"}}, {"type": "Feature", "geometry": {"type": "Point", "coordinates": [-92.384161, 34.756684]}, "properties": {"c": "disturbance"}}, {"type": "Feature", "geometry": {"type": "Point", "coordinates": [-92.288309, 34.739926]}, "properties": {"c": "disturbance"}}, {"type": "Feature", "geometry": {"type": "Point", "coordinates": [-92.331581, 34.727428]}, "properties": {"c": "suspicious"}}, {"type": "Feature", "geometry": {"type": "Point", "coordinates": [-92.430668, 34.654961]}, "properties": {"c": "assault"}}, {"type": "Feature", "geometry": {"type": "Point", "coordinates": [-92.314067, 34.725435]}, "properties": {"c": "suspicious"}}, {"type": "Feature", "geometry": {"type": "Point", "coordinates": [-92.308804, 34.735667]}, "properties": {"c": "suspicious"}}, {"type": "Feature", "geometry": {"type": "Point", "coordinates": [-92.396172, 34.74425]}, "properties": {"c": "disturbance"}}, {"type": "Feature", "geometry": {"type": "Point", "coordinates": [-92.359286, 34.748426]}, "properties": {"c": "suspicious"}}, {"type": "Feature", "geometry": {"type": "Point", "coordinates": [-92.325373, 34.734228]}, "properties": {"c": "shots"}}, {"type": "Feature", "geometry": {"type": "Point", "coordinates": [-92.399025, 34.694146]}, "properties": {"c": "suspicious"}}, {"type": "Feature", "geometry": {"type": "Point", "coordinates": [-92.337966, 34.673096]}, "properties": {"c": "suspicious"}}, {"type": "Feature", "geometry": {"type": "Point", "coordinates": [-92.402529, 34.738422]}, "properties": {"c": "alarm"}}, {"type": "Feature", "geometry": {"type": "Point", "coordinates": [-92.32417699999999, 34.7310255]}, "properties": {"c": "disturbance"}}, {"type": "Feature", "geometry": {"type": "Point", "coordinates": [-92.290119, 34.770046]}, "properties": {"c": "assault"}}, {"type": "Feature", "geometry": {"type": "Point", "coordinates": [-92.405761, 34.639762]}, "properties": {"c": "welfare"}}, {"type": "Feature", "geometry": {"type": "Point", "coordinates": [-92.316979, 34.750949]}, "properties": {"c": "disturbance"}}, {"type": "Feature", "geometry": {"type": "Point", "coordinates": [-92.2713155, 34.732208]}, "properties": {"c": "traffic"}}, {"type": "Feature", "geometry": {"type": "Point", "coordinates": [-92.328404, 34.760648]}, "properties": {"c": "assist"}}, {"type": "Feature", "geometry": {"type": "Point", "coordinates": [-92.406337, 34.768653]}, "properties": {"c": "alarm"}}, {"type": "Feature", "geometry": {"type": "Point", "coordinates": [-92.318155, 34.677894]}, "properties": {"c": "assist"}}, {"type": "Feature", "geometry": {"type": "Point", "coordinates": [-92.346162, 34.698967]}, "properties": {"c": "welfare"}}, {"type": "Feature", "geometry": {"type": "Point", "coordinates": [-92.391244, 34.724546]}, "properties": {"c": "disturbance"}}, {"type": "Feature", "geometry": {"type": "Point", "coordinates": [-92.326912, 34.688865]}, "properties": {"c": "disturbance"}}, {"type": "Feature", "geometry": {"type": "Point", "coordinates": [-92.341902, 34.746469]}, "properties": {"c": "disturbance"}}, {"type": "Feature", "geometry": {"type": "Point", "coordinates": [-92.299609, 34.735]}, "properties": {"c": "disturbance"}}, {"type": "Feature", "geometry": {"type": "Point", "coordinates": [-92.407362, 34.732623]}, "properties": {"c": "assault"}}, {"type": "Feature", "geometry": {"type": "Point", "coordinates": [-92.391244, 34.724546]}, "properties": {"c": "animal"}}, {"type": "Feature", "geometry": {"type": "Point", "coordinates": [-92.386637, 34.670835]}, "properties": {"c": "disturbance"}}, {"type": "Feature", "geometry": {"type": "Point", "coordinates": [-92.365326, 34.771866]}, "properties": {"c": "theft"}}, {"type": "Feature", "geometry": {"type": "Point", "coordinates": [-92.310375, 34.762847]}, "properties": {"c": "alarm"}}, {"type": "Feature", "geometry": {"type": "Point", "coordinates": [-92.422401, 34.668526]}, "properties": {"c": "vandalism"}}, {"type": "Feature", "geometry": {"type": "Point", "coordinates": [-92.27043, 34.726724]}, "properties": {"c": "alarm"}}, {"type": "Feature", "geometry": {"type": "Point", "coordinates": [-92.270749, 34.734748]}, "properties": {"c": "sex"}}, {"type": "Feature", "geometry": {"type": "Point", "coordinates": [-92.295391, 34.731994]}, "properties": {"c": "suspicious"}}, {"type": "Feature", "geometry": {"type": "Point", "coordinates": [-92.321669, 34.740474]}, "properties": {"c": "welfare"}}, {"type": "Feature", "geometry": {"type": "Point", "coordinates": [-92.31687600000001, 34.74821]}, "properties": {"c": "traffic"}}, {"type": "Feature", "geometry": {"type": "Point", "coordinates": [-92.390401, 34.75515]}, "properties": {"c": "burglary"}}, {"type": "Feature", "geometry": {"type": "Point", "coordinates": [-92.342056, 34.735559]}, "properties": {"c": "traffic"}}, {"type": "Feature", "geometry": {"type": "Point", "coordinates": [-92.362784, 34.777929]}, "properties": {"c": "suspicious"}}, {"type": "Feature", "geometry": {"type": "Point", "coordinates": [-92.267542, 34.724454]}, "properties": {"c": "welfare"}}, {"type": "Feature", "geometry": {"type": "Point", "coordinates": [-92.464185, 34.811311]}, "properties": {"c": "disturbance"}}, {"type": "Feature", "geometry": {"type": "Point", "coordinates": [-92.37662, 34.733881]}, "properties": {"c": "disturbance"}}, {"type": "Feature", "geometry": {"type": "Point", "coordinates": [-92.27662649999999, 34.74344]}, "properties": {"c": "traffic"}}, {"type": "Feature", "geometry": {"type": "Point", "coordinates": [-92.317773, 34.667625]}, "properties": {"c": "welfare"}}, {"type": "Feature", "geometry": {"type": "Point", "coordinates": [-92.421603, 34.672466]}, "properties": {"c": "alarm"}}, {"type": "Feature", "geometry": {"type": "Point", "coordinates": [-92.33999, 34.759164]}, "properties": {"c": "alarm"}}, {"type": "Feature", "geometry": {"type": "Point", "coordinates": [-92.299609, 34.735]}, "properties": {"c": "disturbance"}}, {"type": "Feature", "geometry": {"type": "Point", "coordinates": [-92.350086, 34.772891]}, "properties": {"c": "assault"}}, {"type": "Feature", "geometry": {"type": "Point", "coordinates": [-92.36829166666666, 34.654751833333336]}, "properties": {"c": "traffic"}}, {"type": "Feature", "geometry": {"type": "Point", "coordinates": [-92.401774, 34.741787]}, "properties": {"c": "trespass"}}, {"type": "Feature", "geometry": {"type": "Point", "coordinates": [-92.317815, 34.738029]}, "properties": {"c": "alarm"}}, {"type": "Feature", "geometry": {"type": "Point", "coordinates": [-92.276537, 34.749128]}, "properties": {"c": "assist"}}, {"type": "Feature", "geometry": {"type": "Point", "coordinates": [-92.27578199999999, 34.741296]}, "properties": {"c": "welfare"}}, {"type": "Feature", "geometry": {"type": "Point", "coordinates": [-92.361305, 34.670212]}, "properties": {"c": "traffic"}}, {"type": "Feature", "geometry": {"type": "Point", "coordinates": [-92.281351, 34.733271]}, "properties": {"c": "welfare"}}, {"type": "Feature", "geometry": {"type": "Point", "coordinates": [-92.2840995, 34.737286499999996]}, "properties": {"c": "traffic"}}, {"type": "Feature", "geometry": {"type": "Point", "coordinates": [-92.390715, 34.66789]}, "properties": {"c": "drugs"}}, {"type": "Feature", "geometry": {"type": "Point", "coordinates": [-92.3394065, 34.7592185]}, "properties": {"c": "disturbance"}}, {"type": "Feature", "geometry": {"type": "Point", "coordinates": [-92.43932811111111, 34.642494222222226]}, "properties": {"c": "traffic"}}, {"type": "Feature", "geometry": {"type": "Point", "coordinates": [-92.399935, 34.760757]}, "properties": {"c": "burglary"}}, {"type": "Feature", "geometry": {"type": "Point", "coordinates": [-92.397419, 34.755581]}, "properties": {"c": "alarm"}}, {"type": "Feature", "geometry": {"type": "Point", "coordinates": [-92.394015, 34.778453]}, "properties": {"c": "alarm"}}, {"type": "Feature", "geometry": {"type": "Point", "coordinates": [-92.42871, 34.664808]}, "properties": {"c": "alarm"}}, {"type": "Feature", "geometry": {"type": "Point", "coordinates": [-92.322313, 34.733763]}, "properties": {"c": "suspicious"}}, {"type": "Feature", "geometry": {"type": "Point", "coordinates": [-92.344024, 34.681722]}, "properties": {"c": "alarm"}}, {"type": "Feature", "geometry": {"type": "Point", "coordinates": [-92.439328, 34.657748]}, "properties": {"c": "alarm"}}, {"type": "Feature", "geometry": {"type": "Point", "coordinates": [-92.405426, 34.657771]}, "properties": {"c": "traffic"}}, {"type": "Feature", "geometry": {"type": "Point", "coordinates": [-92.377707, 34.741337]}, "properties": {"c": "disturbance"}}, {"type": "Feature", "geometry": {"type": "Point", "coordinates": [-92.273011, 34.735984]}, "properties": {"c": "alarm"}}, {"type": "Feature", "geometry": {"type": "Point", "coordinates": [-92.300135, 34.761696]}, "properties": {"c": "alarm"}}, {"type": "Feature", "geometry": {"type": "Point", "coordinates": [-92.404753, 34.755665]}, "properties": {"c": "disturbance"}}, {"type": "Feature", "geometry": {"type": "Point", "coordinates": [-92.37501449999999, 34.7805645]}, "properties": {"c": "welfare"}}, {"type": "Feature", "geometry": {"type": "Point", "coordinates": [-92.19612, 34.715621]}, "properties": {"c": "trespass"}}, {"type": "Feature", "geometry": {"type": "Point", "coordinates": [-92.343582, 34.751137]}, "properties": {"c": "alarm"}}, {"type": "Feature", "geometry": {"type": "Point", "coordinates": [-92.348335, 34.668433]}, "properties": {"c": "trespass"}}, {"type": "Feature", "geometry": {"type": "Point", "coordinates": [-92.3789125, 34.670945]}, "properties": {"c": "traffic"}}, {"type": "Feature", "geometry": {"type": "Point", "coordinates": [-92.315623, 34.729097]}, "properties": {"c": "trespass"}}, {"type": "Feature", "geometry": {"type": "Point", "coordinates": [-92.315605, 34.695758]}, "properties": {"c": "alarm"}}, {"type": "Feature", "geometry": {"type": "Point", "coordinates": [-92.276573, 34.724702]}, "properties": {"c": "alarm"}}, {"type": "Feature", "geometry": {"type": "Point", "coordinates": [-92.34451, 34.687986]}, "properties": {"c": "disturbance"}}, {"type": "Feature", "geometry": {"type": "Point", "coordinates": [-92.275713, 34.749117]}, "properties": {"c": "alarm"}}, {"type": "Feature", "geometry": {"type": "Point", "coordinates": [-92.344611, 34.7474645]}, "properties": {"c": "disturbance"}}, {"type": "Feature", "geometry": {"type": "Point", "coordinates": [-92.25581, 34.712197]}, "properties": {"c": "disturbance"}}, {"type": "Feature", "geometry": {"type": "Point", "coordinates": [-92.311714, 34.771073]}, "properties": {"c": "disturbance"}}, {"type": "Feature", "geometry": {"type": "Point", "coordinates": [-92.335415, 34.770422]}, "properties": {"c": "alarm"}}, {"type": "Feature", "geometry": {"type": "Point", "coordinates": [-92.246878, 34.755174]}, "properties": {"c": "disturbance"}}, {"type": "Feature", "geometry": {"type": "Point", "coordinates": [-92.455249, 34.773571]}, "properties": {"c": "disturbance"}}, {"type": "Feature", "geometry": {"type": "Point", "coordinates": [-92.284386, 34.724857]}, "properties": {"c": "alarm"}}, {"type": "Feature", "geometry": {"type": "Point", "coordinates": [-92.313483, 34.691711]}, "properties": {"c": "alarm"}}, {"type": "Feature", "geometry": {"type": "Point", "coordinates": [-92.337909, 34.660529]}, "properties": {"c": "burglary"}}, {"type": "Feature", "geometry": {"type": "Point", "coordinates": [-92.313832, 34.771194]}, "properties": {"c": "welfare"}}, {"type": "Feature", "geometry": {"type": "Point", "coordinates": [-92.3314685, 34.753375500000004]}, "properties": {"c": "traffic"}}, {"type": "Feature", "geometry": {"type": "Point", "coordinates": [-92.340126, 34.672591]}, "properties": {"c": "shots"}}, {"type": "Feature", "geometry": {"type": "Point", "coordinates": [-92.351485, 34.668059]}, "properties": {"c": "assist"}}, {"type": "Feature", "geometry": {"type": "Point", "coordinates": [-92.356291, 34.739812]}, "properties": {"c": "disturbance"}}, {"type": "Feature", "geometry": {"type": "Point", "coordinates": [-92.401625, 34.748223]}, "properties": {"c": "theft"}}, {"type": "Feature", "geometry": {"type": "Point", "coordinates": [-92.381358, 34.744435]}, "properties": {"c": "welfare"}}, {"type": "Feature", "geometry": {"type": "Point", "coordinates": [-92.258172, 34.737316]}, "properties": {"c": "alarm"}}, {"type": "Feature", "geometry": {"type": "Point", "coordinates": [-92.348335, 34.668433]}, "properties": {"c": "assault"}}, {"type": "Feature", "geometry": {"type": "Point", "coordinates": [-92.2234885, 34.718209]}, "properties": {"c": "traffic"}}, {"type": "Feature", "geometry": {"type": "Point", "coordinates": [-92.319287, 34.7249635]}, "properties": {"c": "traffic"}}, {"type": "Feature", "geometry": {"type": "Point", "coordinates": [-92.333886, 34.752663999999996]}, "properties": {"c": "traffic"}}, {"type": "Feature", "geometry": {"type": "Point", "coordinates": [-92.251957, 34.7283955]}, "properties": {"c": "vandalism"}}, {"type": "Feature", "geometry": {"type": "Point", "coordinates": [-92.362962, 34.677896]}, "properties": {"c": "suspicious"}}, {"type": "Feature", "geometry": {"type": "Point", "coordinates": [-92.3930165, 34.7544555]}, "properties": {"c": "traffic"}}, {"type": "Feature", "geometry": {"type": "Point", "coordinates": [-92.332827, 34.671574]}, "properties": {"c": "disturbance"}}, {"type": "Feature", "geometry": {"type": "Point", "coordinates": [-92.253336, 34.712656]}, "properties": {"c": "alarm"}}, {"type": "Feature", "geometry": {"type": "Point", "coordinates": [-92.2871595, 34.744566500000005]}, "properties": {"c": "traffic"}}, {"type": "Feature", "geometry": {"type": "Point", "coordinates": [-92.370667, 34.711233]}, "properties": {"c": "assist"}}, {"type": "Feature", "geometry": {"type": "Point", "coordinates": [-92.406714, 34.755969]}, "properties": {"c": "disturbance"}}, {"type": "Feature", "geometry": {"type": "Point", "coordinates": [-92.440759, 34.801943]}, "properties": {"c": "traffic"}}, {"type": "Feature", "geometry": {"type": "Point", "coordinates": [-92.31591, 34.743661]}, "properties": {"c": "assist"}}, {"type": "Feature", "geometry": {"type": "Point", "coordinates": [-92.378624, 34.669727]}, "properties": {"c": "suspicious"}}, {"type": "Feature", "geometry": {"type": "Point", "coordinates": [-92.267919, 34.724667]}, "properties": {"c": "welfare"}}, {"type": "Feature", "geometry": {"type": "Point", "coordinates": [-92.375984, 34.758952]}, "properties": {"c": "traffic"}}, {"type": "Feature", "geometry": {"type": "Point", "coordinates": [-92.362798, 34.680382]}, "properties": {"c": "welfare"}}, {"type": "Feature", "geometry": {"type": "Point", "coordinates": [-92.324434, 34.741172]}, "properties": {"c": "theft"}}, {"type": "Feature", "geometry": {"type": "Point", "coordinates": [-92.318914, 34.668443]}, "properties": {"c": "welfare"}}, {"type": "Feature", "geometry": {"type": "Point", "coordinates": [-92.34475, 34.749357]}, "properties": {"c": "disturbance"}}, {"type": "Feature", "geometry": {"type": "Point", "coordinates": [-92.293397, 34.741007]}, "properties": {"c": "welfare"}}, {"type": "Feature", "geometry": {"type": "Point", "coordinates": [-92.304504, 34.75557]}, "properties": {"c": "alarm"}}, {"type": "Feature", "geometry": {"type": "Point", "coordinates": [-92.315858, 34.6695775]}, "properties": {"c": "assist"}}, {"type": "Feature", "geometry": {"type": "Point", "coordinates": [-92.272926, 34.732991]}, "properties": {"c": "theft"}}, {"type": "Feature", "geometry": {"type": "Point", "coordinates": [-92.311714, 34.771073]}, "properties": {"c": "theft"}}, {"type": "Feature", "geometry": {"type": "Point", "coordinates": [-92.350196, 34.668596]}, "properties": {"c": "suspicious"}}, {"type": "Feature", "geometry": {"type": "Point", "coordinates": [-92.267526, 34.747472]}, "properties": {"c": "disturbance"}}, {"type": "Feature", "geometry": {"type": "Point", "coordinates": [-92.334549, 34.767507]}, "properties": {"c": "welfare"}}, {"type": "Feature", "geometry": {"type": "Point", "coordinates": [-92.344649, 34.677587]}, "properties": {"c": "welfare"}}, {"type": "Feature", "geometry": {"type": "Point", "coordinates": [-92.386925, 34.767199]}, "properties": {"c": "disturbance"}}, {"type": "Feature", "geometry": {"type": "Point", "coordinates": [-92.424761, 34.800610500000005]}, "properties": {"c": "traffic"}}, {"type": "Feature", "geometry": {"type": "Point", "coordinates": [-92.2827475, 34.743297]}, "properties": {"c": "traffic"}}, {"type": "Feature", "geometry": {"type": "Point", "coordinates": [-92.38314, 34.66263]}, "properties": {"c": "assist"}}, {"type": "Feature", "geometry": {"type": "Point", "coordinates": [-92.2743665, 34.748048]}, "properties": {"c": "traffic"}}, {"type": "Feature", "geometry": {"type": "Point", "coordinates": [-92.246878, 34.755174]}, "properties": {"c": "welfare"}}, {"type": "Feature", "geometry": {"type": "Point", "coordinates": [-92.339241, 34.750396]}, "properties": {"c": "welfare"}}, {"type": "Feature", "geometry": {"type": "Point", "coordinates": [-92.307905, 34.773036]}, "properties": {"c": "theft"}}, {"type": "Feature", "geometry": {"type": "Point", "coordinates": [-92.413029, 34.756128]}, "properties": {"c": "theft"}}, {"type": "Feature", "geometry": {"type": "Point", "coordinates": [-92.275852, 34.747171]}, "properties": {"c": "theft"}}, {"type": "Feature", "geometry": {"type": "Point", "coordinates": [-92.36554899999999, 34.729264]}, "properties": {"c": "assist"}}, {"type": "Feature", "geometry": {"type": "Point", "coordinates": [-92.405843, 34.796175]}, "properties": {"c": "disturbance"}}, {"type": "Feature", "geometry": {"type": "Point", "coordinates": [-92.338492, 34.733861]}, "properties": {"c": "welfare"}}, {"type": "Feature", "geometry": {"type": "Point", "coordinates": [-92.43217, 34.67133]}, "properties": {"c": "disturbance"}}, {"type": "Feature", "geometry": {"type": "Point", "coordinates": [-92.267526, 34.747472]}, "properties": {"c": "disturbance"}}, {"type": "Feature", "geometry": {"type": "Point", "coordinates": [-92.344841, 34.669572]}, "properties": {"c": "suspicious"}}, {"type": "Feature", "geometry": {"type": "Point", "coordinates": [-92.392388, 34.756444]}, "properties": {"c": "disturbance"}}, {"type": "Feature", "geometry": {"type": "Point", "coordinates": [-92.379444, 34.779349]}, "properties": {"c": "theft"}}, {"type": "Feature", "geometry": {"type": "Point", "coordinates": [-92.274783, 34.739381]}, "properties": {"c": "traffic"}}, {"type": "Feature", "geometry": {"type": "Point", "coordinates": [-92.46510809352519, 34.779272021582734]}, "properties": {"c": "traffic"}}, {"type": "Feature", "geometry": {"type": "Point", "coordinates": [-92.398855, 34.748126]}, "properties": {"c": "disturbance"}}, {"type": "Feature", "geometry": {"type": "Point", "coordinates": [-92.400037, 34.745911]}, "properties": {"c": "disturbance"}}, {"type": "Feature", "geometry": {"type": "Point", "coordinates": [-92.394645, 34.750719]}, "properties": {"c": "assault"}}, {"type": "Feature", "geometry": {"type": "Point", "coordinates": [-92.363316, 34.722693]}, "properties": {"c": "traffic"}}, {"type": "Feature", "geometry": {"type": "Point", "coordinates": [-92.362886, 34.722993]}, "properties": {"c": "suspicious"}}, {"type": "Feature", "geometry": {"type": "Point", "coordinates": [-92.3773205, 34.7107455]}, "properties": {"c": "traffic"}}, {"type": "Feature", "geometry": {"type": "Point", "coordinates": [-92.304504, 34.75557]}, "properties": {"c": "alarm"}}, {"type": "Feature", "geometry": {"type": "Point", "coordinates": [-92.296479, 34.732915]}, "properties": {"c": "disturbance"}}, {"type": "Feature", "geometry": {"type": "Point", "coordinates": [-92.322927, 34.683749]}, "properties": {"c": "theft"}}, {"type": "Feature", "geometry": {"type": "Point", "coordinates": [-92.307901, 34.738665]}, "properties": {"c": "shots"}}, {"type": "Feature", "geometry": {"type": "Point", "coordinates": [-92.438054, 34.666145]}, "properties": {"c": "welfare"}}, {"type": "Feature", "geometry": {"type": "Point", "coordinates": [-92.34475, 34.749357]}, "properties": {"c": "theft"}}, {"type": "Feature", "geometry": {"type": "Point", "coordinates": [-92.378225, 34.737683]}, "properties": {"c": "disturbance"}}, {"type": "Feature", "geometry": {"type": "Point", "coordinates": [-92.25581, 34.712197]}, "properties": {"c": "theft"}}, {"type": "Feature", "geometry": {"type": "Point", "coordinates": [-92.426329, 34.758075]}, "properties": {"c": "disturbance"}}, {"type": "Feature", "geometry": {"type": "Point", "coordinates": [-92.27686, 34.741627]}, "properties": {"c": "welfare"}}, {"type": "Feature", "geometry": {"type": "Point", "coordinates": [-92.426798, 34.657352]}, "properties": {"c": "burglary"}}, {"type": "Feature", "geometry": {"type": "Point", "coordinates": [-92.3797945, 34.7098175]}, "properties": {"c": "suspicious"}}, {"type": "Feature", "geometry": {"type": "Point", "coordinates": [-92.317513, 34.740225]}, "properties": {"c": "suspicious"}}, {"type": "Feature", "geometry": {"type": "Point", "coordinates": [-92.405847, 34.754965]}, "properties": {"c": "traffic"}}, {"type": "Feature", "geometry": {"type": "Point", "coordinates": [-92.312555, 34.737175]}, "properties": {"c": "suspicious"}}, {"type": "Feature", "geometry": {"type": "Point", "coordinates": [-92.37999049999999, 34.720717]}, "properties": {"c": "welfare"}}, {"type": "Feature", "geometry": {"type": "Point", "coordinates": [-92.338774, 34.677916]}, "properties": {"c": "welfare"}}, {"type": "Feature", "geometry": {"type": "Point", "coordinates": [-92.277222, 34.727048]}, "properties": {"c": "suspicious"}}, {"type": "Feature", "geometry": {"type": "Point", "coordinates": [-92.364983, 34.77514]}, "properties": {"c": "suspicious"}}, {"type": "Feature", "geometry": {"type": "Point", "coordinates": [-92.34475, 34.749357]}, "properties": {"c": "theft"}}, {"type": "Feature", "geometry": {"type": "Point", "coordinates": [-92.31774, 34.751131]}, "properties": {"c": "disturbance"}}, {"type": "Feature", "geometry": {"type": "Point", "coordinates": [-92.461337, 34.771509]}, "properties": {"c": "disturbance"}}, {"type": "Feature", "geometry": {"type": "Point", "coordinates": [-92.31774, 34.751131]}, "properties": {"c": "shots"}}, {"type": "Feature", "geometry": {"type": "Point", "coordinates": [-92.320227, 34.724532499999995]}, "properties": {"c": "disturbance"}}, {"type": "Feature", "geometry": {"type": "Point", "coordinates": [-92.270134, 34.747581]}, "properties": {"c": "vandalism"}}, {"type": "Feature", "geometry": {"type": "Point", "coordinates": [-92.276102, 34.742133]}, "properties": {"c": "alarm"}}, {"type": "Feature", "geometry": {"type": "Point", "coordinates": [-92.33093, 34.673106]}, "properties": {"c": "suspicious"}}, {"type": "Feature", "geometry": {"type": "Point", "coordinates": [-92.381074, 34.754823]}, "properties": {"c": "suspicious"}}, {"type": "Feature", "geometry": {"type": "Point", "coordinates": [-92.279854, 34.723599]}, "properties": {"c": "disturbance"}}, {"type": "Feature", "geometry": {"type": "Point", "coordinates": [-92.487051, 34.815058]}, "properties": {"c": "drugs"}}, {"type": "Feature", "geometry": {"type": "Point", "coordinates": [-92.294359, 34.721799]}, "properties": {"c": "disturbance"}}, {"type": "Feature", "geometry": {"type": "Point", "coordinates": [-92.402476, 34.743079]}, "properties": {"c": "disturbance"}}, {"type": "Feature", "geometry": {"type": "Point", "coordinates": [-92.348977, 34.663597]}, "properties": {"c": "suspicious"}}, {"type": "Feature", "geometry": {"type": "Point", "coordinates": [-92.342392, 34.681848]}, "properties": {"c": "disturbance"}}, {"type": "Feature", "geometry": {"type": "Point", "coordinates": [-92.343643, 34.668196]}, "properties": {"c": "alarm"}}, {"type": "Feature", "geometry": {"type": "Point", "coordinates": [-92.289845, 34.7320405]}, "properties": {"c": "assault"}}, {"type": "Feature", "geometry": {"type": "Point", "coordinates": [-92.344451, 34.700448]}, "properties": {"c": "traffic"}}, {"type": "Feature", "geometry": {"type": "Point", "coordinates": [-92.403824, 34.757563]}, "properties": {"c": "theft"}}, {"type": "Feature", "geometry": {"type": "Point", "coordinates": [-92.375285, 34.771473]}, "properties": {"c": "assist"}}, {"type": "Feature", "geometry": {"type": "Point", "coordinates": [-92.405651, 34.750358]}, "properties": {"c": "traffic"}}, {"type": "Feature", "geometry": {"type": "Point", "coordinates": [-92.319942, 34.677981]}, "properties": {"c": "assault"}}, {"type": "Feature", "geometry": {"type": "Point", "coordinates": [-92.25091, 34.739668]}, "properties": {"c": "traffic"}}, {"type": "Feature", "geometry": {"type": "Point", "coordinates": [-92.347604, 34.685926]}, "properties": {"c": "suspicious"}}, {"type": "Feature", "geometry": {"type": "Point", "coordinates": [-92.32696250000001, 34.722873]}, "properties": {"c": "disturbance"}}, {"type": "Feature", "geometry": {"type": "Point", "coordinates": [-92.447747, 34.7563]}, "properties": {"c": "disturbance"}}, {"type": "Feature", "geometry": {"type": "Point", "coordinates": [-92.343399, 34.749422]}, "properties": {"c": "disturbance"}}, {"type": "Feature", "geometry": {"type": "Point", "coordinates": [-92.371852, 34.7409]}, "properties": {"c": "theft"}}, {"type": "Feature", "geometry": {"type": "Point", "coordinates": [-92.356291, 34.739812]}, "properties": {"c": "shots"}}, {"type": "Feature", "geometry": {"type": "Point", "coordinates": [-92.334021, 34.74284299999999]}, "properties": {"c": "traffic"}}, {"type": "Feature", "geometry": {"type": "Point", "coordinates": [-92.343331, 34.7159715]}, "properties": {"c": "traffic"}}, {"type": "Feature", "geometry": {"type": "Point", "coordinates": [-92.302588, 34.746417]}, "properties": {"c": "disturbance"}}, {"type": "Feature", "geometry": {"type": "Point", "coordinates": [-92.342873, 34.747581]}, "properties": {"c": "welfare"}}, {"type": "Feature", "geometry": {"type": "Point", "coordinates": [-92.365358, 34.715285]}, "properties": {"c": "other"}}, {"type": "Feature", "geometry": {"type": "Point", "coordinates": [-92.3729275, 34.711068]}, "properties": {"c": "traffic"}}, {"type": "Feature", "geometry": {"type": "Point", "coordinates": [-92.351177, 34.658101]}, "properties": {"c": "disturbance"}}, {"type": "Feature", "geometry": {"type": "Point", "coordinates": [-92.347746, 34.691663]}, "properties": {"c": "disturbance"}}, {"type": "Feature", "geometry": {"type": "Point", "coordinates": [-92.435324, 34.753356]}, "properties": {"c": "welfare"}}, {"type": "Feature", "geometry": {"type": "Point", "coordinates": [-92.330161, 34.760826]}, "properties": {"c": "traffic"}}, {"type": "Feature", "geometry": {"type": "Point", "coordinates": [-92.343422, 34.673807]}, "properties": {"c": "disturbance"}}, {"type": "Feature", "geometry": {"type": "Point", "coordinates": [-92.428788, 34.681847]}, "properties": {"c": "welfare"}}, {"type": "Feature", "geometry": {"type": "Point", "coordinates": [-92.2807065, 34.724695999999994]}, "properties": {"c": "traffic"}}, {"type": "Feature", "geometry": {"type": "Point", "coordinates": [-92.125444, 34.868514]}, "properties": {"c": "trespass"}}, {"type": "Feature", "geometry": {"type": "Point", "coordinates": [-92.346265, 34.742162]}, "properties": {"c": "welfare"}}, {"type": "Feature", "geometry": {"type": "Point", "coordinates": [-92.370446, 34.748626]}, "properties": {"c": "traffic"}}, {"type": "Feature", "geometry": {"type": "Point", "coordinates": [-92.29217, 34.727027]}, "properties": {"c": "burglary"}}, {"type": "Feature", "geometry": {"type": "Point", "coordinates": [-92.300127, 34.746642]}, "properties": {"c": "suspicious"}}, {"type": "Feature", "geometry": {"type": "Point", "coordinates": [-92.373558, 34.712968]}, "properties": {"c": "welfare"}}, {"type": "Feature", "geometry": {"type": "Point", "coordinates": [-92.395579, 34.730471]}, "properties": {"c": "alarm"}}, {"type": "Feature", "geometry": {"type": "Point", "coordinates": [-92.26623, 34.744853]}, "properties": {"c": "theft"}}, {"type": "Feature", "geometry": {"type": "Point", "coordinates": [-92.341654, 34.74907]}, "properties": {"c": "alarm"}}, {"type": "Feature", "geometry": {"type": "Point", "coordinates": [-92.316874, 34.674245]}, "properties": {"c": "welfare"}}, {"type": "Feature", "geometry": {"type": "Point", "coordinates": [-92.456512, 34.795563]}, "properties": {"c": "traffic"}}, {"type": "Feature", "geometry": {"type": "Point", "coordinates": [-92.26756, 34.745026]}, "properties": {"c": "disturbance"}}, {"type": "Feature", "geometry": {"type": "Point", "coordinates": [-92.341013, 34.742902]}, "properties": {"c": "alarm"}}, {"type": "Feature", "geometry": {"type": "Point", "coordinates": [-92.403634, 34.75447]}, "properties": {"c": "alarm"}}, {"type": "Feature", "geometry": {"type": "Point", "coordinates": [-92.345954, 34.716825]}, "properties": {"c": "disturbance"}}, {"type": "Feature", "geometry": {"type": "Point", "coordinates": [-92.3636955, 34.73161]}, "properties": {"c": "shots"}}, {"type": "Feature", "geometry": {"type": "Point", "coordinates": [-92.267072, 34.766628]}, "properties": {"c": "disturbance"}}, {"type": "Feature", "geometry": {"type": "Point", "coordinates": [-92.267499, 34.770469]}, "properties": {"c": "alarm"}}, {"type": "Feature", "geometry": {"type": "Point", "coordinates": [-92.421351, 34.646253]}, "properties": {"c": "trespass"}}, {"type": "Feature", "geometry": {"type": "Point", "coordinates": [-92.343493, 34.675924]}, "properties": {"c": "alarm"}}, {"type": "Feature", "geometry": {"type": "Point", "coordinates": [-92.342044, 34.6893]}, "properties": {"c": "alarm"}}, {"type": "Feature", "geometry": {"type": "Point", "coordinates": [-92.346369, 34.719551]}, "properties": {"c": "burglary"}}, {"type": "Feature", "geometry": {"type": "Point", "coordinates": [-92.359349, 34.716178]}, "properties": {"c": "alarm"}}, {"type": "Feature", "geometry": {"type": "Point", "coordinates": [-92.347866, 34.66344]}, "properties": {"c": "disturbance"}}, {"type": "Feature", "geometry": {"type": "Point", "coordinates": [-92.399305, 34.713205]}, "properties": {"c": "alarm"}}, {"type": "Feature", "geometry": {"type": "Point", "coordinates": [-92.377707, 34.741337]}, "properties": {"c": "shots"}}, {"type": "Feature", "geometry": {"type": "Point", "coordinates": [-92.455249, 34.773571]}, "properties": {"c": "traffic"}}, {"type": "Feature", "geometry": {"type": "Point", "coordinates": [-92.427429, 34.762268]}, "properties": {"c": "welfare"}}, {"type": "Feature", "geometry": {"type": "Point", "coordinates": [-92.294878, 34.721639]}, "properties": {"c": "shots"}}, {"type": "Feature", "geometry": {"type": "Point", "coordinates": [-92.359397, 34.657651]}, "properties": {"c": "burglary"}}, {"type": "Feature", "geometry": {"type": "Point", "coordinates": [-92.271258, 34.747904]}, "properties": {"c": "welfare"}}, {"type": "Feature", "geometry": {"type": "Point", "coordinates": [-92.331259, 34.692761]}, "properties": {"c": "suspicious"}}, {"type": "Feature", "geometry": {"type": "Point", "coordinates": [-92.349822, 34.689447]}, "properties": {"c": "welfare"}}, {"type": "Feature", "geometry": {"type": "Point", "coordinates": [-92.344117, 34.684163]}, "properties": {"c": "trespass"}}, {"type": "Feature", "geometry": {"type": "Point", "coordinates": [-92.362684, 34.655371]}, "properties": {"c": "alarm"}}, {"type": "Feature", "geometry": {"type": "Point", "coordinates": [-92.345751, 34.674036]}, "properties": {"c": "other"}}, {"type": "Feature", "geometry": {"type": "Point", "coordinates": [-92.389043, 34.723543]}, "properties": {"c": "disturbance"}}, {"type": "Feature", "geometry": {"type": "Point", "coordinates": [-92.395496, 34.733633]}, "properties": {"c": "welfare"}}, {"type": "Feature", "geometry": {"type": "Point", "coordinates": [-92.3678555, 34.7534445]}, "properties": {"c": "traffic"}}, {"type": "Feature", "geometry": {"type": "Point", "coordinates": [-92.334361, 34.698782]}, "properties": {"c": "suspicious"}}, {"type": "Feature", "geometry": {"type": "Point", "coordinates": [-92.397413, 34.75334]}, "properties": {"c": "trespass"}}, {"type": "Feature", "geometry": {"type": "Point", "coordinates": [-92.332167, 34.681735]}, "properties": {"c": "other"}}, {"type": "Feature", "geometry": {"type": "Point", "coordinates": [-92.368572, 34.661059]}, "properties": {"c": "welfare"}}, {"type": "Feature", "geometry": {"type": "Point", "coordinates": [-92.428873, 34.80292]}, "properties": {"c": "alarm"}}, {"type": "Feature", "geometry": {"type": "Point", "coordinates": [-92.271137, 34.745653]}, "properties": {"c": "welfare"}}, {"type": "Feature", "geometry": {"type": "Point", "coordinates": [-92.431532, 34.652951]}, "properties": {"c": "shots"}}, {"type": "Feature", "geometry": {"type": "Point", "coordinates": [-92.416524, 34.767533]}, "properties": {"c": "disturbance"}}, {"type": "Feature", "geometry": {"type": "Point", "coordinates": [-92.329943, 34.737761]}, "properties": {"c": "disturbance"}}, {"type": "Feature", "geometry": {"type": "Point", "coordinates": [-92.406337, 34.768653]}, "properties": {"c": "shots"}}, {"type": "Feature", "geometry": {"type": "Point", "coordinates": [-92.362228, 34.724277]}, "properties": {"c": "shots"}}, {"type": "Feature", "geometry": {"type": "Point", "coordinates": [-92.267228, 34.747997]}, "properties": {"c": "welfare"}}, {"type": "Feature", "geometry": {"type": "Point", "coordinates": [-92.415369, 34.753742]}, "properties": {"c": "alarm"}}, {"type": "Feature", "geometry": {"type": "Point", "coordinates": [-92.335904, 34.770374]}, "properties": {"c": "alarm"}}, {"type": "Feature", "geometry": {"type": "Point", "coordinates": [-92.373978, 34.719318]}, "properties": {"c": "shots"}}, {"type": "Feature", "geometry": {"type": "Point", "coordinates": [-92.2825785, 34.729675]}, "properties": {"c": "welfare"}}, {"type": "Feature", "geometry": {"type": "Point", "coordinates": [-92.343965, 34.669466]}, "properties": {"c": "disturbance"}}, {"type": "Feature", "geometry": {"type": "Point", "coordinates": [-92.386925, 34.767199]}, "properties": {"c": "welfare"}}, {"type": "Feature", "geometry": {"type": "Point", "coordinates": [-92.364509, 34.737086]}, "properties": {"c": "alarm"}}, {"type": "Feature", "geometry": {"type": "Point", "coordinates": [-92.3308675, 34.737271500000006]}, "properties": {"c": "traffic"}}, {"type": "Feature", "geometry": {"type": "Point", "coordinates": [-92.337916, 34.719435]}, "properties": {"c": "assault"}}, {"type": "Feature", "geometry": {"type": "Point", "coordinates": [-92.295177, 34.749812000000006]}, "properties": {"c": "welfare"}}, {"type": "Feature", "geometry": {"type": "Point", "coordinates": [-92.311794, 34.688709]}, "properties": {"c": "alarm"}}, {"type": "Feature", "geometry": {"type": "Point", "coordinates": [-92.39620688571428, 34.729416057142856]}, "properties": {"c": "disturbance"}}, {"type": "Feature", "geometry": {"type": "Point", "coordinates": [-92.334092, 34.679705]}, "properties": {"c": "shots"}}, {"type": "Feature", "geometry": {"type": "Point", "coordinates": [-92.3171165, 34.7508095]}, "properties": {"c": "welfare"}}, {"type": "Feature", "geometry": {"type": "Point", "coordinates": [-92.429835, 34.745563]}, "properties": {"c": "disturbance"}}, {"type": "Feature", "geometry": {"type": "Point", "coordinates": [-92.329248, 34.720102]}, "properties": {"c": "alarm"}}, {"type": "Feature", "geometry": {"type": "Point", "coordinates": [-92.3404565078534, 34.71550489005236]}, "properties": {"c": "disturbance"}}, {"type": "Feature", "geometry": {"type": "Point", "coordinates": [-92.337304, 34.66929]}, "properties": {"c": "assault"}}, {"type": "Feature", "geometry": {"type": "Point", "coordinates": [-92.327666, 34.752113]}, "properties": {"c": "welfare"}}, {"type": "Feature", "geometry": {"type": "Point", "coordinates": [-92.384515, 34.664541]}, "properties": {"c": "traffic"}}, {"type": "Feature", "geometry": {"type": "Point", "coordinates": [-92.329249, 34.752196]}, "properties": {"c": "disturbance"}}, {"type": "Feature", "geometry": {"type": "Point", "coordinates": [-92.334096, 34.663704]}, "properties": {"c": "welfare"}}, {"type": "Feature", "geometry": {"type": "Point", "coordinates": [-92.27879, 34.745662]}, "properties": {"c": "disturbance"}}, {"type": "Feature", "geometry": {"type": "Point", "coordinates": [-92.267494, 34.7417755]}, "properties": {"c": "suspicious"}}, {"type": "Feature", "geometry": {"type": "Point", "coordinates": [-92.31536, 34.740659]}, "properties": {"c": "burglary"}}, {"type": "Feature", "geometry": {"type": "Point", "coordinates": [-92.357788, 34.743989]}, "properties": {"c": "disturbance"}}, {"type": "Feature", "geometry": {"type": "Point", "coordinates": [-92.334198, 34.727886]}, "properties": {"c": "alarm"}}, {"type": "Feature", "geometry": {"type": "Point", "coordinates": [-92.451859, 34.764005499999996]}, "properties": {"c": "traffic"}}, {"type": "Feature", "geometry": {"type": "Point", "coordinates": [-92.409508, 34.7695415]}, "properties": {"c": "alarm"}}, {"type": "Feature", "geometry": {"type": "Point", "coordinates": [-92.269746, 34.741629]}, "properties": {"c": "welfare"}}, {"type": "Feature", "geometry": {"type": "Point", "coordinates": [-92.443562, 34.757477]}, "properties": {"c": "disturbance"}}, {"type": "Feature", "geometry": {"type": "Point", "coordinates": [-92.336792, 34.732668]}, "properties": {"c": "disturbance"}}, {"type": "Feature", "geometry": {"type": "Point", "coordinates": [-92.341003, 34.7680185]}, "properties": {"c": "welfare"}}, {"type": "Feature", "geometry": {"type": "Point", "coordinates": [-92.267494, 34.7417755]}, "properties": {"c": "suspicious"}}, {"type": "Feature", "geometry": {"type": "Point", "coordinates": [-92.27662649999999, 34.74344]}, "properties": {"c": "welfare"}}, {"type": "Feature", "geometry": {"type": "Point", "coordinates": [-92.461839, 34.791465]}, "properties": {"c": "alarm"}}, {"type": "Feature", "geometry": {"type": "Point", "coordinates": [-92.360283, 34.694204]}, "properties": {"c": "disturbance"}}, {"type": "Feature", "geometry": {"type": "Point", "coordinates": [-92.408215, 34.737648]}, "properties": {"c": "traffic"}}, {"type": "Feature", "geometry": {"type": "Point", "coordinates": [-92.321669, 34.740474]}, "properties": {"c": "burglary"}}, {"type": "Feature", "geometry": {"type": "Point", "coordinates": [-92.308224, 34.729076]}, "properties": {"c": "assault"}}, {"type": "Feature", "geometry": {"type": "Point", "coordinates": [-92.308365, 34.687047]}, "properties": {"c": "assist"}}, {"type": "Feature", "geometry": {"type": "Point", "coordinates": [-92.438258, 34.75928]}, "properties": {"c": "welfare"}}, {"type": "Feature", "geometry": {"type": "Point", "coordinates": [-92.362861, 34.723885]}, "properties": {"c": "disturbance"}}, {"type": "Feature", "geometry": {"type": "Point", "coordinates": [-92.2737775, 34.7472475]}, "properties": {"c": "traffic"}}, {"type": "Feature", "geometry": {"type": "Point", "coordinates": [-92.344303, 34.630194]}, "properties": {"c": "disturbance"}}, {"type": "Feature", "geometry": {"type": "Point", "coordinates": [-92.2961605, 34.7287365]}, "properties": {"c": "traffic"}}, {"type": "Feature", "geometry": {"type": "Point", "coordinates": [-92.386704, 34.765344]}, "properties": {"c": "disturbance"}}, {"type": "Feature", "geometry": {"type": "Point", "coordinates": [-92.383569, 34.665378]}, "properties": {"c": "traffic"}}, {"type": "Feature", "geometry": {"type": "Point", "coordinates": [-92.342414, 34.749394]}, "properties": {"c": "welfare"}}, {"type": "Feature", "geometry": {"type": "Point", "coordinates": [-92.282859, 34.724376]}, "properties": {"c": "disturbance"}}, {"type": "Feature", "geometry": {"type": "Point", "coordinates": [-92.434203, 34.802422]}, "properties": {"c": "traffic"}}, {"type": "Feature", "geometry": {"type": "Point", "coordinates": [-92.395137, 34.768296]}, "properties": {"c": "assist"}}, {"type": "Feature", "geometry": {"type": "Point", "coordinates": [-92.32968214285714, 34.75930785714286]}, "properties": {"c": "traffic"}}, {"type": "Feature", "geometry": {"type": "Point", "coordinates": [-92.34208, 34.742904]}, "properties": {"c": "traffic"}}, {"type": "Feature", "geometry": {"type": "Point", "coordinates": [-92.345259, 34.730883]}, "properties": {"c": "theft"}}, {"type": "Feature", "geometry": {"type": "Point", "coordinates": [-92.299789, 34.735032]}, "properties": {"c": "trespass"}}, {"type": "Feature", "geometry": {"type": "Point", "coordinates": [-92.307297, 34.726218]}, "properties": {"c": "alarm"}}, {"type": "Feature", "geometry": {"type": "Point", "coordinates": [-92.280605, 34.748136]}, "properties": {"c": "trespass"}}, {"type": "Feature", "geometry": {"type": "Point", "coordinates": [-92.353142, 34.723531]}, "properties": {"c": "alarm"}}, {"type": "Feature", "geometry": {"type": "Point", "coordinates": [-92.335011, 34.741847]}, "properties": {"c": "suspicious"}}, {"type": "Feature", "geometry": {"type": "Point", "coordinates": [-92.34560200000001, 34.6768925]}, "properties": {"c": "traffic"}}, {"type": "Feature", "geometry": {"type": "Point", "coordinates": [-92.341013, 34.742902]}, "properties": {"c": "assist"}}, {"type": "Feature", "geometry": {"type": "Point", "coordinates": [-92.414252, 34.752648]}, "properties": {"c": "traffic"}}, {"type": "Feature", "geometry": {"type": "Point", "coordinates": [-92.369844, 34.705812]}, "properties": {"c": "disturbance"}}, {"type": "Feature", "geometry": {"type": "Point", "coordinates": [-92.390796, 34.753151]}, "properties": {"c": "trespass"}}, {"type": "Feature", "geometry": {"type": "Point", "coordinates": [-92.330771, 34.671856]}, "properties": {"c": "alarm"}}, {"type": "Feature", "geometry": {"type": "Point", "coordinates": [-92.348858, 34.728937]}, "properties": {"c": "welfare"}}, {"type": "Feature", "geometry": {"type": "Point", "coordinates": [-92.332893, 34.671278]}, "properties": {"c": "disturbance"}}, {"type": "Feature", "geometry": {"type": "Point", "coordinates": [-92.371361, 34.740064]}, "properties": {"c": "traffic"}}, {"type": "Feature", "geometry": {"type": "Point", "coordinates": [-92.29005, 34.724562]}, "properties": {"c": "disturbance"}}, {"type": "Feature", "geometry": {"type": "Point", "coordinates": [-92.344825, 34.666514]}, "properties": {"c": "alarm"}}, {"type": "Feature", "geometry": {"type": "Point", "coordinates": [-92.263787, 34.741768]}, "properties": {"c": "disturbance"}}, {"type": "Feature", "geometry": {"type": "Point", "coordinates": [-92.272304, 34.739778]}, "properties": {"c": "welfare"}}, {"type": "Feature", "geometry": {"type": "Point", "coordinates": [-92.264246, 34.740294]}, "properties": {"c": "traffic"}}, {"type": "Feature", "geometry": {"type": "Point", "coordinates": [-92.346162, 34.698967]}, "properties": {"c": "disturbance"}}, {"type": "Feature", "geometry": {"type": "Point", "coordinates": [-92.27104750000001, 34.7424635]}, "properties": {"c": "welfare"}}, {"type": "Feature", "geometry": {"type": "Point", "coordinates": [-92.417335, 34.78659]}, "properties": {"c": "alarm"}}, {"type": "Feature", "geometry": {"type": "Point", "coordinates": [-92.373025, 34.711181]}, "properties": {"c": "traffic"}}, {"type": "Feature", "geometry": {"type": "Point", "coordinates": [-92.27768, 34.725211]}, "properties": {"c": "alarm"}}, {"type": "Feature", "geometry": {"type": "Point", "coordinates": [-92.406239, 34.672937]}, "properties": {"c": "traffic"}}, {"type": "Feature", "geometry": {"type": "Point", "coordinates": [-92.30796, 34.750707]}, "properties": {"c": "welfare"}}, {"type": "Feature", "geometry": {"type": "Point", "coordinates": [-92.381358, 34.744435]}, "properties": {"c": "disturbance"}}, {"type": "Feature", "geometry": {"type": "Point", "coordinates": [-92.340482, 34.749119]}, "properties": {"c": "welfare"}}, {"type": "Feature", "geometry": {"type": "Point", "coordinates": [-92.319923, 34.751832]}, "properties": {"c": "disturbance"}}, {"type": "Feature", "geometry": {"type": "Point", "coordinates": [-92.341003, 34.7680185]}, "properties": {"c": "welfare"}}, {"type": "Feature", "geometry": {"type": "Point", "coordinates": [-92.272958, 34.745732]}, "properties": {"c": "alarm"}}, {"type": "Feature", "geometry": {"type": "Point", "coordinates": [-92.366638, 34.659636]}, "properties": {"c": "assault"}}, {"type": "Feature", "geometry": {"type": "Point", "coordinates": [-92.404997, 34.754628]}, "properties": {"c": "disturbance"}}, {"type": "Feature", "geometry": {"type": "Point", "coordinates": [-92.393763, 34.741634]}, "properties": {"c": "welfare"}}, {"type": "Feature", "geometry": {"type": "Point", "coordinates": [-92.307581, 34.688777]}, "properties": {"c": "theft"}}, {"type": "Feature", "geometry": {"type": "Point", "coordinates": [-92.356995, 34.688554]}, "properties": {"c": "alarm"}}, {"type": "Feature", "geometry": {"type": "Point", "coordinates": [-92.267542, 34.724454]}, "properties": {"c": "welfare"}}, {"type": "Feature", "geometry": {"type": "Point", "coordinates": [-92.319169, 34.726524]}, "properties": {"c": "welfare"}}, {"type": "Feature", "geometry": {"type": "Point", "coordinates": [-92.350707, 34.756025]}, "properties": {"c": "disturbance"}}, {"type": "Feature", "geometry": {"type": "Point", "coordinates": [-92.410762, 34.656988]}, "properties": {"c": "traffic"}}, {"type": "Feature", "geometry": {"type": "Point", "coordinates": [-92.311328, 34.731260500000005]}, "properties": {"c": "traffic"}}, {"type": "Feature", "geometry": {"type": "Point", "coordinates": [-92.26933, 34.742104]}, "properties": {"c": "drugs"}}, {"type": "Feature", "geometry": {"type": "Point", "coordinates": [-92.261751, 34.743804]}, "properties": {"c": "theft"}}, {"type": "Feature", "geometry": {"type": "Point", "coordinates": [-92.4322048910891, 34.80398932673267]}, "properties": {"c": "traffic"}}, {"type": "Feature", "geometry": {"type": "Point", "coordinates": [-92.276102, 34.742133]}, "properties": {"c": "alarm"}}, {"type": "Feature", "geometry": {"type": "Point", "coordinates": [-92.372953, 34.714911]}, "properties": {"c": "disturbance"}}, {"type": "Feature", "geometry": {"type": "Point", "coordinates": [-92.444528, 34.763677]}, "properties": {"c": "traffic"}}, {"type": "Feature", "geometry": {"type": "Point", "coordinates": [-92.342003, 34.669394]}, "properties": {"c": "suspicious"}}, {"type": "Feature", "geometry": {"type": "Point", "coordinates": [-92.255377, 34.756152]}, "properties": {"c": "traffic"}}, {"type": "Feature", "geometry": {"type": "Point", "coordinates": [-92.371521, 34.65776]}, "properties": {"c": "other"}}, {"type": "Feature", "geometry": {"type": "Point", "coordinates": [-92.35619299999999, 34.7428935]}, "properties": {"c": "traffic"}}, {"type": "Feature", "geometry": {"type": "Point", "coordinates": [-92.352113, 34.740876]}, "properties": {"c": "disturbance"}}, {"type": "Feature", "geometry": {"type": "Point", "coordinates": [-92.266173, 34.745279]}, "properties": {"c": "disturbance"}}, {"type": "Feature", "geometry": {"type": "Point", "coordinates": [-92.275532, 34.7482205]}, "properties": {"c": "sex"}}, {"type": "Feature", "geometry": {"type": "Point", "coordinates": [-92.342541, 34.722993]}, "properties": {"c": "traffic"}}, {"type": "Feature", "geometry": {"type": "Point", "coordinates": [-92.356124, 34.695515]}, "properties": {"c": "disturbance"}}, {"type": "Feature", "geometry": {"type": "Point", "coordinates": [-92.271098, 34.732891]}, "properties": {"c": "disturbance"}}, {"type": "Feature", "geometry": {"type": "Point", "coordinates": [-92.386925, 34.767199]}, "properties": {"c": "disturbance"}}, {"type": "Feature", "geometry": {"type": "Point", "coordinates": [-92.400895, 34.784635]}, "properties": {"c": "alarm"}}, {"type": "Feature", "geometry": {"type": "Point", "coordinates": [-92.19593, 34.718138]}, "properties": {"c": "disturbance"}}, {"type": "Feature", "geometry": {"type": "Point", "coordinates": [-92.356922, 34.770409]}, "properties": {"c": "suspicious"}}, {"type": "Feature", "geometry": {"type": "Point", "coordinates": [-92.33647, 34.67259]}, "properties": {"c": "welfare"}}, {"type": "Feature", "geometry": {"type": "Point", "coordinates": [-92.346634, 34.69021]}, "properties": {"c": "traffic"}}, {"type": "Feature", "geometry": {"type": "Point", "coordinates": [-92.3315535, 34.7480745]}, "properties": {"c": "traffic"}}, {"type": "Feature", "geometry": {"type": "Point", "coordinates": [-92.370908, 34.649493]}, "properties": {"c": "welfare"}}, {"type": "Feature", "geometry": {"type": "Point", "coordinates": [-92.407734, 34.661994]}, "properties": {"c": "trespass"}}, {"type": "Feature", "geometry": {"type": "Point", "coordinates": [-92.275121, 34.744384]}, "properties": {"c": "welfare"}}, {"type": "Feature", "geometry": {"type": "Point", "coordinates": [-92.378715, 34.762123]}, "properties": {"c": "welfare"}}, {"type": "Feature", "geometry": {"type": "Point", "coordinates": [-92.332428, 34.720488]}, "properties": {"c": "traffic"}}, {"type": "Feature", "geometry": {"type": "Point", "coordinates": [-92.416886, 34.641506]}, "properties": {"c": "traffic"}}, {"type": "Feature", "geometry": {"type": "Point", "coordinates": [-92.397615, 34.72779]}, "properties": {"c": "traffic"}}, {"type": "Feature", "geometry": {"type": "Point", "coordinates": [-92.400895, 34.784635]}, "properties": {"c": "alarm"}}, {"type": "Feature", "geometry": {"type": "Point", "coordinates": [-92.3494305, 34.759392500000004]}, "properties": {"c": "traffic"}}, {"type": "Feature", "geometry": {"type": "Point", "coordinates": [-92.307237, 34.7447625]}, "properties": {"c": "traffic"}}, {"type": "Feature", "geometry": {"type": "Point", "coordinates": [-92.381712, 34.720572]}, "properties": {"c": "traffic"}}, {"type": "Feature", "geometry": {"type": "Point", "coordinates": [-92.328822, 34.688882]}, "properties": {"c": "suspicious"}}, {"type": "Feature", "geometry": {"type": "Point", "coordinates": [-92.316874, 34.674245]}, "properties": {"c": "disturbance"}}, {"type": "Feature", "geometry": {"type": "Point", "coordinates": [-92.289394, 34.724398]}, "properties": {"c": "traffic"}}, {"type": "Feature", "geometry": {"type": "Point", "coordinates": [-92.333348, 34.767889]}, "properties": {"c": "disturbance"}}, {"type": "Feature", "geometry": {"type": "Point", "coordinates": [-92.404613, 34.767581]}, "properties": {"c": "burglary"}}, {"type": "Feature", "geometry": {"type": "Point", "coordinates": [-92.271137, 34.745653]}, "properties": {"c": "welfare"}}, {"type": "Feature", "geometry": {"type": "Point", "coordinates": [-92.275527, 34.7441]}, "properties": {"c": "disturbance"}}, {"type": "Feature", "geometry": {"type": "Point", "coordinates": [-92.328362, 34.687684]}, "properties": {"c": "welfare"}}, {"type": "Feature", "geometry": {"type": "Point", "coordinates": [-92.286975, 34.726709]}, "properties": {"c": "traffic"}}, {"type": "Feature", "geometry": {"type": "Point", "coordinates": [-92.452519, 34.75813]}, "properties": {"c": "assault"}}, {"type": "Feature", "geometry": {"type": "Point", "coordinates": [-92.323102, 34.740428]}, "properties": {"c": "assist"}}, {"type": "Feature", "geometry": {"type": "Point", "coordinates": [-92.386925, 34.767199]}, "properties": {"c": "alarm"}}, {"type": "Feature", "geometry": {"type": "Point", "coordinates": [-92.364375, 34.659424]}, "properties": {"c": "assist"}}, {"type": "Feature", "geometry": {"type": "Point", "coordinates": [-92.267542, 34.724454]}, "properties": {"c": "disturbance"}}, {"type": "Feature", "geometry": {"type": "Point", "coordinates": [-92.319977, 34.736540000000005]}, "properties": {"c": "assist"}}, {"type": "Feature", "geometry": {"type": "Point", "coordinates": [-92.447747, 34.7563]}, "properties": {"c": "trespass"}}, {"type": "Feature", "geometry": {"type": "Point", "coordinates": [-92.428768, 34.804014]}, "properties": {"c": "trespass"}}, {"type": "Feature", "geometry": {"type": "Point", "coordinates": [-92.330068, 34.752229]}, "properties": {"c": "traffic"}}, {"type": "Feature", "geometry": {"type": "Point", "coordinates": [-92.261412, 34.755601]}, "properties": {"c": "traffic"}}, {"type": "Feature", "geometry": {"type": "Point", "coordinates": [-92.344215, 34.665985]}, "properties": {"c": "disturbance"}}, {"type": "Feature", "geometry": {"type": "Point", "coordinates": [-92.414922, 34.755989]}, "properties": {"c": "disturbance"}}, {"type": "Feature", "geometry": {"type": "Point", "coordinates": [-92.286119, 34.718893]}, "properties": {"c": "disturbance"}}, {"type": "Feature", "geometry": {"type": "Point", "coordinates": [-92.286146, 34.732395]}, "properties": {"c": "welfare"}}, {"type": "Feature", "geometry": {"type": "Point", "coordinates": [-92.4034865, 34.7489735]}, "properties": {"c": "traffic"}}, {"type": "Feature", "geometry": {"type": "Point", "coordinates": [-92.325535, 34.75857]}, "properties": {"c": "disturbance"}}, {"type": "Feature", "geometry": {"type": "Point", "coordinates": [-92.335188, 34.769537]}, "properties": {"c": "theft"}}, {"type": "Feature", "geometry": {"type": "Point", "coordinates": [-92.329257, 34.72111]}, "properties": {"c": "disturbance"}}, {"type": "Feature", "geometry": {"type": "Point", "coordinates": [-92.245284, 34.742925]}, "properties": {"c": "alarm"}}, {"type": "Feature", "geometry": {"type": "Point", "coordinates": [-92.353253, 34.652457]}, "properties": {"c": "alarm"}}, {"type": "Feature", "geometry": {"type": "Point", "coordinates": [-92.322662, 34.751991]}, "properties": {"c": "welfare"}}, {"type": "Feature", "geometry": {"type": "Point", "coordinates": [-92.397352, 34.714303]}, "properties": {"c": "assist"}}, {"type": "Feature", "geometry": {"type": "Point", "coordinates": [-92.35561, 34.642398]}, "properties": {"c": "alarm"}}, {"type": "Feature", "geometry": {"type": "Point", "coordinates": [-92.266977, 34.726717]}, "properties": {"c": "disturbance"}}, {"type": "Feature", "geometry": {"type": "Point", "coordinates": [-92.34475, 34.749357]}, "properties": {"c": "assist"}}, {"type": "Feature", "geometry": {"type": "Point", "coordinates": [-92.3507, 34.718315]}, "properties": {"c": "disturbance"}}, {"type": "Feature", "geometry": {"type": "Point", "coordinates": [-92.348033, 34.719468]}, "properties": {"c": "alarm"}}, {"type": "Feature", "geometry": {"type": "Point", "coordinates": [-92.43157, 34.659939]}, "properties": {"c": "disturbance"}}, {"type": "Feature", "geometry": {"type": "Point", "coordinates": [-92.367377, 34.666606]}, "properties": {"c": "alarm"}}, {"type": "Feature", "geometry": {"type": "Point", "coordinates": [-92.309094625, 34.72597666666666]}, "properties": {"c": "traffic"}}, {"type": "Feature", "geometry": {"type": "Point", "coordinates": [-92.259421, 34.719583]}, "properties": {"c": "welfare"}}, {"type": "Feature", "geometry": {"type": "Point", "coordinates": [-92.374139, 34.757776]}, "properties": {"c": "traffic"}}, {"type": "Feature", "geometry": {"type": "Point", "coordinates": [-92.401996, 34.758759]}, "properties": {"c": "other"}}, {"type": "Feature", "geometry": {"type": "Point", "coordinates": [-92.412994, 34.656953]}, "properties": {"c": "welfare"}}, {"type": "Feature", "geometry": {"type": "Point", "coordinates": [-92.36825, 34.7278405]}, "properties": {"c": "traffic"}}, {"type": "Feature", "geometry": {"type": "Point", "coordinates": [-92.291039, 34.734304]}, "properties": {"c": "disturbance"}}, {"type": "Feature", "geometry": {"type": "Point", "coordinates": [-92.212278, 34.705269]}, "properties": {"c": "welfare"}}, {"type": "Feature", "geometry": {"type": "Point", "coordinates": [-92.407744, 34.795923]}, "properties": {"c": "welfare"}}, {"type": "Feature", "geometry": {"type": "Point", "coordinates": [-92.190899125, 34.70344376785714]}, "properties": {"c": "traffic"}}, {"type": "Feature", "geometry": {"type": "Point", "coordinates": [-92.338381, 34.73592]}, "properties": {"c": "shots"}}, {"type": "Feature", "geometry": {"type": "Point", "coordinates": [-92.319432, 34.736511]}, "properties": {"c": "welfare"}}, {"type": "Feature", "geometry": {"type": "Point", "coordinates": [-92.32044, 34.753623]}, "properties": {"c": "assault"}}, {"type": "Feature", "geometry": {"type": "Point", "coordinates": [-92.395137, 34.768296]}, "properties": {"c": "welfare"}}, {"type": "Feature", "geometry": {"type": "Point", "coordinates": [-92.314158, 34.666976]}, "properties": {"c": "suspicious"}}, {"type": "Feature", "geometry": {"type": "Point", "coordinates": [-92.382485, 34.735975]}, "properties": {"c": "welfare"}}, {"type": "Feature", "geometry": {"type": "Point", "coordinates": [-92.407734, 34.661994]}, "properties": {"c": "alarm"}}, {"type": "Feature", "geometry": {"type": "Point", "coordinates": [-92.462523, 34.774408]}, "properties": {"c": "traffic"}}, {"type": "Feature", "geometry": {"type": "Point", "coordinates": [-92.289726, 34.737233]}, "properties": {"c": "welfare"}}, {"type": "Feature", "geometry": {"type": "Point", "coordinates": [-92.3262465, 34.7411735]}, "properties": {"c": "welfare"}}, {"type": "Feature", "geometry": {"type": "Point", "coordinates": [-92.188727, 34.718109]}, "properties": {"c": "welfare"}}, {"type": "Feature", "geometry": {"type": "Point", "coordinates": [-92.341522, 34.676689]}, "properties": {"c": "disturbance"}}, {"type": "Feature", "geometry": {"type": "Point", "coordinates": [-92.344117, 34.684163]}, "properties": {"c": "trespass"}}, {"type": "Feature", "geometry": {"type": "Point", "coordinates": [-92.312035, 34.743191]}, "properties": {"c": "vandalism"}}, {"type": "Feature", "geometry": {"type": "Point", "coordinates": [-92.327349, 34.734893]}, "properties": {"c": "suspicious"}}, {"type": "Feature", "geometry": {"type": "Point", "coordinates": [-92.363104, 34.737481]}, "properties": {"c": "alarm"}}, {"type": "Feature", "geometry": {"type": "Point", "coordinates": [-92.317164, 34.751961]}, "properties": {"c": "welfare"}}, {"type": "Feature", "geometry": {"type": "Point", "coordinates": [-92.423896, 34.666626]}, "properties": {"c": "shots"}}, {"type": "Feature", "geometry": {"type": "Point", "coordinates": [-92.375226, 34.752332]}, "properties": {"c": "welfare"}}, {"type": "Feature", "geometry": {"type": "Point", "coordinates": [-92.361305, 34.670212]}, "properties": {"c": "traffic"}}, {"type": "Feature", "geometry": {"type": "Point", "coordinates": [-92.281057, 34.733182]}, "properties": {"c": "welfare"}}, {"type": "Feature", "geometry": {"type": "Point", "coordinates": [-92.318998, 34.735238]}, "properties": {"c": "shots"}}, {"type": "Feature", "geometry": {"type": "Point", "coordinates": [-92.367842, 34.676311]}, "properties": {"c": "assist"}}, {"type": "Feature", "geometry": {"type": "Point", "coordinates": [-92.31017, 34.723478]}, "properties": {"c": "assist"}}, {"type": "Feature", "geometry": {"type": "Point", "coordinates": [-92.196121, 34.718099]}, "properties": {"c": "disturbance"}}, {"type": "Feature", "geometry": {"type": "Point", "coordinates": [-92.428768, 34.804014]}, "properties": {"c": "traffic"}}, {"type": "Feature", "geometry": {"type": "Point", "coordinates": [-92.350825, 34.674346]}, "properties": {"c": "assault"}}, {"type": "Feature", "geometry": {"type": "Point", "coordinates": [-92.265738, 34.724247]}, "properties": {"c": "shots"}}, {"type": "Feature", "geometry": {"type": "Point", "coordinates": [-92.345482, 34.661258]}, "properties": {"c": "theft"}}, {"type": "Feature", "geometry": {"type": "Point", "coordinates": [-92.4076865, 34.721104]}, "properties": {"c": "disturbance"}}, {"type": "Feature", "geometry": {"type": "Point", "coordinates": [-92.3688, 34.737939]}, "properties": {"c": "assault"}}, {"type": "Feature", "geometry": {"type": "Point", "coordinates": [-92.276976, 34.734342]}, "properties": {"c": "alarm"}}, {"type": "Feature", "geometry": {"type": "Point", "coordinates": [-92.389282, 34.782902]}, "properties": {"c": "welfare"}}, {"type": "Feature", "geometry": {"type": "Point", "coordinates": [-92.398855, 34.748126]}, "properties": {"c": "assist"}}, {"type": "Feature", "geometry": {"type": "Point", "coordinates": [-92.281387, 34.729099]}, "properties": {"c": "disturbance"}}, {"type": "Feature", "geometry": {"type": "Point", "coordinates": [-92.324869, 34.756791]}, "properties": {"c": "welfare"}}, {"type": "Feature", "geometry": {"type": "Point", "coordinates": [-92.398664, 34.747329]}, "properties": {"c": "alarm"}}, {"type": "Feature", "geometry": {"type": "Point", "coordinates": [-92.45249737974683, 34.758196379746835]}, "properties": {"c": "disturbance"}}, {"type": "Feature", "geometry": {"type": "Point", "coordinates": [-92.3843155, 34.74586]}, "properties": {"c": "traffic"}}, {"type": "Feature", "geometry": {"type": "Point", "coordinates": [-92.277402, 34.744847]}, "properties": {"c": "alarm"}}, {"type": "Feature", "geometry": {"type": "Point", "coordinates": [-92.354847, 34.715878]}, "properties": {"c": "other"}}, {"type": "Feature", "geometry": {"type": "Point", "coordinates": [-92.312519, 34.743358]}, "properties": {"c": "assault"}}, {"type": "Feature", "geometry": {"type": "Point", "coordinates": [-92.3216, 34.751891]}, "properties": {"c": "burglary"}}, {"type": "Feature", "geometry": {"type": "Point", "coordinates": [-92.352113, 34.740876]}, "properties": {"c": "welfare"}}, {"type": "Feature", "geometry": {"type": "Point", "coordinates": [-92.366714, 34.71944]}, "properties": {"c": "burglary"}}, {"type": "Feature", "geometry": {"type": "Point", "coordinates": [-92.3302465, 34.7682995]}, "properties": {"c": "traffic"}}, {"type": "Feature", "geometry": {"type": "Point", "coordinates": [-92.289394, 34.724398]}, "properties": {"c": "assault"}}, {"type": "Feature", "geometry": {"type": "Point", "coordinates": [-92.349257, 34.6696]}, "properties": {"c": "disturbance"}}, {"type": "Feature", "geometry": {"type": "Point", "coordinates": [-92.373593, 34.7203705]}, "properties": {"c": "welfare"}}, {"type": "Feature", "geometry": {"type": "Point", "coordinates": [-92.39309, 34.753274]}, "properties": {"c": "traffic"}}, {"type": "Feature", "geometry": {"type": "Point", "coordinates": [-92.317327, 34.660405]}, "properties": {"c": "disturbance"}}, {"type": "Feature", "geometry": {"type": "Point", "coordinates": [-92.343331, 34.7159715]}, "properties": {"c": "traffic"}}, {"type": "Feature", "geometry": {"type": "Point", "coordinates": [-92.341741, 34.751523]}, "properties": {"c": "welfare"}}, {"type": "Feature", "geometry": {"type": "Point", "coordinates": [-92.401625, 34.748223]}, "properties": {"c": "trespass"}}, {"type": "Feature", "geometry": {"type": "Point", "coordinates": [-92.425374, 34.655474999999996]}, "properties": {"c": "suspicious"}}, {"type": "Feature", "geometry": {"type": "Point", "coordinates": [-92.334244, 34.701519]}, "properties": {"c": "shots"}}, {"type": "Feature", "geometry": {"type": "Point", "coordinates": [-92.324565, 34.732431]}, "properties": {"c": "welfare"}}, {"type": "Feature", "geometry": {"type": "Point", "coordinates": [-92.271098, 34.732891]}, "properties": {"c": "welfare"}}, {"type": "Feature", "geometry": {"type": "Point", "coordinates": [-92.344895, 34.6603145]}, "properties": {"c": "traffic"}}, {"type": "Feature", "geometry": {"type": "Point", "coordinates": [-92.352578, 34.766659]}, "properties": {"c": "suspicious"}}, {"type": "Feature", "geometry": {"type": "Point", "coordinates": [-92.351485, 34.668059]}, "properties": {"c": "assist"}}, {"type": "Feature", "geometry": {"type": "Point", "coordinates": [-92.472946, 34.806594]}, "properties": {"c": "alarm"}}, {"type": "Feature", "geometry": {"type": "Point", "coordinates": [-92.393473, 34.754368]}, "properties": {"c": "disturbance"}}, {"type": "Feature", "geometry": {"type": "Point", "coordinates": [-92.3407765, 34.75496125]}, "properties": {"c": "assault"}}, {"type": "Feature", "geometry": {"type": "Point", "coordinates": [-92.272327, 34.726423]}, "properties": {"c": "suspicious"}}, {"type": "Feature", "geometry": {"type": "Point", "coordinates": [-92.3328585, 34.669855]}, "properties": {"c": "other"}}, {"type": "Feature", "geometry": {"type": "Point", "coordinates": [-92.462355, 34.767974]}, "properties": {"c": "suspicious"}}, {"type": "Feature", "geometry": {"type": "Point", "coordinates": [-92.388344, 34.764093]}, "properties": {"c": "burglary"}}, {"type": "Feature", "geometry": {"type": "Point", "coordinates": [-92.302728, 34.74643]}, "properties": {"c": "shots"}}, {"type": "Feature", "geometry": {"type": "Point", "coordinates": [-92.343513, 34.676117]}, "properties": {"c": "suspicious"}}, {"type": "Feature", "geometry": {"type": "Point", "coordinates": [-92.31017, 34.723478]}, "properties": {"c": "assist"}}, {"type": "Feature", "geometry": {"type": "Point", "coordinates": [-92.286705, 34.727209]}, "properties": {"c": "disturbance"}}, {"type": "Feature", "geometry": {"type": "Point", "coordinates": [-92.383403, 34.763035]}, "properties": {"c": "trespass"}}, {"type": "Feature", "geometry": {"type": "Point", "coordinates": [-92.345541, 34.690087]}, "properties": {"c": "alarm"}}, {"type": "Feature", "geometry": {"type": "Point", "coordinates": [-92.379816, 34.721443]}, "properties": {"c": "welfare"}}, {"type": "Feature", "geometry": {"type": "Point", "coordinates": [-92.29017999999999, 34.733381]}, "properties": {"c": "disturbance"}}, {"type": "Feature", "geometry": {"type": "Point", "coordinates": [-92.29279, 34.742747]}, "properties": {"c": "disturbance"}}, {"type": "Feature", "geometry": {"type": "Point", "coordinates": [-92.39381519277109, 34.71885601204819]}, "properties": {"c": "vandalism"}}, {"type": "Feature", "geometry": {"type": "Point", "coordinates": [-92.377184, 34.71709]}, "properties": {"c": "assault"}}, {"type": "Feature", "geometry": {"type": "Point", "coordinates": [-92.293163, 34.722264]}, "properties": {"c": "disturbance"}}, {"type": "Feature", "geometry": {"type": "Point", "coordinates": [-92.41049, 34.757576]}, "properties": {"c": "suspicious"}}, {"type": "Feature", "geometry": {"type": "Point", "coordinates": [-92.351836, 34.720203]}, "properties": {"c": "welfare"}}, {"type": "Feature", "geometry": {"type": "Point", "coordinates": [-92.345541, 34.690087]}, "properties": {"c": "alarm"}}, {"type": "Feature", "geometry": {"type": "Point", "coordinates": [-92.31133, 34.774039]}, "properties": {"c": "disturbance"}}, {"type": "Feature", "geometry": {"type": "Point", "coordinates": [-92.331257, 34.696463]}, "properties": {"c": "disturbance"}}, {"type": "Feature", "geometry": {"type": "Point", "coordinates": [-92.318266, 34.66832]}, "properties": {"c": "disturbance"}}, {"type": "Feature", "geometry": {"type": "Point", "coordinates": [-92.314646, 34.690217]}, "properties": {"c": "alarm"}}, {"type": "Feature", "geometry": {"type": "Point", "coordinates": [-92.288309, 34.739926]}, "properties": {"c": "welfare"}}, {"type": "Feature", "geometry": {"type": "Point", "coordinates": [-92.373593, 34.7203705]}, "properties": {"c": "traffic"}}, {"type": "Feature", "geometry": {"type": "Point", "coordinates": [-92.36088, 34.744548]}, "properties": {"c": "other"}}, {"type": "Feature", "geometry": {"type": "Point", "coordinates": [-92.357192, 34.772409]}, "properties": {"c": "trespass"}}, {"type": "Feature", "geometry": {"type": "Point", "coordinates": [-92.373593, 34.7203705]}, "properties": {"c": "traffic"}}, {"type": "Feature", "geometry": {"type": "Point", "coordinates": [-92.366714, 34.71944]}, "properties": {"c": "assist"}}, {"type": "Feature", "geometry": {"type": "Point", "coordinates": [-92.386905, 34.697433]}, "properties": {"c": "traffic"}}, {"type": "Feature", "geometry": {"type": "Point", "coordinates": [-92.395137, 34.768296]}, "properties": {"c": "welfare"}}, {"type": "Feature", "geometry": {"type": "Point", "coordinates": [-92.320253, 34.670607]}, "properties": {"c": "shots"}}, {"type": "Feature", "geometry": {"type": "Point", "coordinates": [-92.272327, 34.726423]}, "properties": {"c": "assault"}}, {"type": "Feature", "geometry": {"type": "Point", "coordinates": [-92.438168, 34.647689]}, "properties": {"c": "traffic"}}, {"type": "Feature", "geometry": {"type": "Point", "coordinates": [-92.365215, 34.751216]}, "properties": {"c": "disturbance"}}, {"type": "Feature", "geometry": {"type": "Point", "coordinates": [-92.284403, 34.740222]}, "properties": {"c": "assault"}}, {"type": "Feature", "geometry": {"type": "Point", "coordinates": [-92.379816, 34.721443]}, "properties": {"c": "assist"}}, {"type": "Feature", "geometry": {"type": "Point", "coordinates": [-92.294376, 34.721526]}, "properties": {"c": "shots"}}, {"type": "Feature", "geometry": {"type": "Point", "coordinates": [-92.326773, 34.662113]}, "properties": {"c": "disturbance"}}, {"type": "Feature", "geometry": {"type": "Point", "coordinates": [-92.429549, 34.659677]}, "properties": {"c": "disturbance"}}, {"type": "Feature", "geometry": {"type": "Point", "coordinates": [-92.289726, 34.737233]}, "properties": {"c": "disturbance"}}, {"type": "Feature", "geometry": {"type": "Point", "coordinates": [-92.293263, 34.72087]}, "properties": {"c": "shots"}}, {"type": "Feature", "geometry": {"type": "Point", "coordinates": [-92.329005, 34.76594]}, "properties": {"c": "alarm"}}, {"type": "Feature", "geometry": {"type": "Point", "coordinates": [-92.30659, 34.741833]}, "properties": {"c": "assist"}}, {"type": "Feature", "geometry": {"type": "Point", "coordinates": [-92.268147, 34.747552]}, "properties": {"c": "disturbance"}}, {"type": "Feature", "geometry": {"type": "Point", "coordinates": [-92.344052, 34.729261]}, "properties": {"c": "disturbance"}}, {"type": "Feature", "geometry": {"type": "Point", "coordinates": [-92.342911, 34.752019]}, "properties": {"c": "disturbance"}}, {"type": "Feature", "geometry": {"type": "Point", "coordinates": [-92.318845, 34.750952]}, "properties": {"c": "welfare"}}, {"type": "Feature", "geometry": {"type": "Point", "coordinates": [-92.404613, 34.767581]}, "properties": {"c": "vandalism"}}, {"type": "Feature", "geometry": {"type": "Point", "coordinates": [-92.422676, 34.6648]}, "properties": {"c": "vandalism"}}, {"type": "Feature", "geometry": {"type": "Point", "coordinates": [-92.258172, 34.737316]}, "properties": {"c": "alarm"}}, {"type": "Feature", "geometry": {"type": "Point", "coordinates": [-92.391244, 34.724546]}, "properties": {"c": "disturbance"}}, {"type": "Feature", "geometry": {"type": "Point", "coordinates": [-92.293397, 34.741007]}, "properties": {"c": "assault"}}, {"type": "Feature", "geometry": {"type": "Point", "coordinates": [-92.343167, 34.680996]}, "properties": {"c": "welfare"}}, {"type": "Feature", "geometry": {"type": "Point", "coordinates": [-92.294264, 34.731964]}, "properties": {"c": "theft"}}, {"type": "Feature", "geometry": {"type": "Point", "coordinates": [-92.27071242857143, 34.74855328571429]}, "properties": {"c": "welfare"}}, {"type": "Feature", "geometry": {"type": "Point", "coordinates": [-92.22663, 34.721046]}, "properties": {"c": "welfare"}}, {"type": "Feature", "geometry": {"type": "Point", "coordinates": [-92.5166025, 34.813465]}, "properties": {"c": "disturbance"}}, {"type": "Feature", "geometry": {"type": "Point", "coordinates": [-92.326812, 34.686836]}, "properties": {"c": "welfare"}}, {"type": "Feature", "geometry": {"type": "Point", "coordinates": [-92.333434, 34.719516]}, "properties": {"c": "traffic"}}, {"type": "Feature", "geometry": {"type": "Point", "coordinates": [-92.37330299999999, 34.733228]}, "properties": {"c": "assist"}}, {"type": "Feature", "geometry": {"type": "Point", "coordinates": [-92.436349, 34.805156]}, "properties": {"c": "welfare"}}, {"type": "Feature", "geometry": {"type": "Point", "coordinates": [-92.377391, 34.700925]}, "properties": {"c": "suspicious"}}, {"type": "Feature", "geometry": {"type": "Point", "coordinates": [-92.3294065, 34.769958]}, "properties": {"c": "traffic"}}, {"type": "Feature", "geometry": {"type": "Point", "coordinates": [-92.259421, 34.719583]}, "properties": {"c": "shots"}}, {"type": "Feature", "geometry": {"type": "Point", "coordinates": [-92.403824, 34.757563]}, "properties": {"c": "suspicious"}}, {"type": "Feature", "geometry": {"type": "Point", "coordinates": [-92.311714, 34.771073]}, "properties": {"c": "welfare"}}, {"type": "Feature", "geometry": {"type": "Point", "coordinates": [-92.294855, 34.723472]}, "properties": {"c": "traffic"}}, {"type": "Feature", "geometry": {"type": "Point", "coordinates": [-92.343101, 34.753551]}, "properties": {"c": "assist"}}, {"type": "Feature", "geometry": {"type": "Point", "coordinates": [-92.260913, 34.724785]}, "properties": {"c": "disturbance"}}, {"type": "Feature", "geometry": {"type": "Point", "coordinates": [-92.309664, 34.729562]}, "properties": {"c": "other"}}, {"type": "Feature", "geometry": {"type": "Point", "coordinates": [-92.361431, 34.670612]}, "properties": {"c": "theft"}}, {"type": "Feature", "geometry": {"type": "Point", "coordinates": [-92.353149, 34.747468]}, "properties": {"c": "welfare"}}, {"type": "Feature", "geometry": {"type": "Point", "coordinates": [-92.442014, 34.751258]}, "properties": {"c": "disturbance"}}, {"type": "Feature", "geometry": {"type": "Point", "coordinates": [-92.31017, 34.723478]}, "properties": {"c": "assist"}}, {"type": "Feature", "geometry": {"type": "Point", "coordinates": [-92.283618, 34.734361]}, "properties": {"c": "assist"}}, {"type": "Feature", "geometry": {"type": "Point", "coordinates": [-92.271862, 34.74482]}, "properties": {"c": "disturbance"}}, {"type": "Feature", "geometry": {"type": "Point", "coordinates": [-92.346369, 34.719551]}, "properties": {"c": "suspicious"}}, {"type": "Feature", "geometry": {"type": "Point", "coordinates": [-92.329467, 34.763846]}, "properties": {"c": "vandalism"}}, {"type": "Feature", "geometry": {"type": "Point", "coordinates": [-92.280066, 34.72002]}, "properties": {"c": "welfare"}}, {"type": "Feature", "geometry": {"type": "Point", "coordinates": [-92.412308, 34.797376]}, "properties": {"c": "traffic"}}, {"type": "Feature", "geometry": {"type": "Point", "coordinates": [-92.405007, 34.757521]}, "properties": {"c": "traffic"}}, {"type": "Feature", "geometry": {"type": "Point", "coordinates": [-92.361148, 34.723844]}, "properties": {"c": "disturbance"}}, {"type": "Feature", "geometry": {"type": "Point", "coordinates": [-92.32527472368422, 34.723440539473685]}, "properties": {"c": "traffic"}}, {"type": "Feature", "geometry": {"type": "Point", "coordinates": [-92.398337, 34.77286]}, "properties": {"c": "disturbance"}}, {"type": "Feature", "geometry": {"type": "Point", "coordinates": [-92.295682, 34.721868]}, "properties": {"c": "disturbance"}}, {"type": "Feature", "geometry": {"type": "Point", "coordinates": [-92.34336, 34.676926]}, "properties": {"c": "disturbance"}}, {"type": "Feature", "geometry": {"type": "Point", "coordinates": [-92.3555865, 34.7703355]}, "properties": {"c": "traffic"}}, {"type": "Feature", "geometry": {"type": "Point", "coordinates": [-92.332597, 34.738492]}, "properties": {"c": "welfare"}}, {"type": "Feature", "geometry": {"type": "Point", "coordinates": [-92.317513, 34.740225]}, "properties": {"c": "assist"}}, {"type": "Feature", "geometry": {"type": "Point", "coordinates": [-92.351485, 34.668059]}, "properties": {"c": "assault"}}, {"type": "Feature", "geometry": {"type": "Point", "coordinates": [-92.363955, 34.748976]}, "properties": {"c": "assist"}}, {"type": "Feature", "geometry": {"type": "Point", "coordinates": [-92.378715, 34.762123]}, "properties": {"c": "traffic"}}, {"type": "Feature", "geometry": {"type": "Point", "coordinates": [-92.442886, 34.640475]}, "properties": {"c": "traffic"}}, {"type": "Feature", "geometry": {"type": "Point", "coordinates": [-92.314352, 34.757337]}, "properties": {"c": "alarm"}}, {"type": "Feature", "geometry": {"type": "Point", "coordinates": [-92.308813, 34.726892]}, "properties": {"c": "suspicious"}}, {"type": "Feature", "geometry": {"type": "Point", "coordinates": [-92.315809, 34.754302]}, "properties": {"c": "welfare"}}, {"type": "Feature", "geometry": {"type": "Point", "coordinates": [-92.278268, 34.743417]}, "properties": {"c": "welfare"}}, {"type": "Feature", "geometry": {"type": "Point", "coordinates": [-92.331372, 34.736421]}, "properties": {"c": "burglary"}}, {"type": "Feature", "geometry": {"type": "Point", "coordinates": [-92.22663, 34.721046]}, "properties": {"c": "drugs"}}, {"type": "Feature", "geometry": {"type": "Point", "coordinates": [-92.327612, 34.686854]}, "properties": {"c": "shots"}}, {"type": "Feature", "geometry": {"type": "Point", "coordinates": [-92.35466, 34.715081]}, "properties": {"c": "disturbance"}}, {"type": "Feature", "geometry": {"type": "Point", "coordinates": [-92.375639, 34.769401]}, "properties": {"c": "welfare"}}, {"type": "Feature", "geometry": {"type": "Point", "coordinates": [-92.29367, 34.742516]}, "properties": {"c": "alarm"}}, {"type": "Feature", "geometry": {"type": "Point", "coordinates": [-92.318333, 34.751658]}, "properties": {"c": "trespass"}}, {"type": "Feature", "geometry": {"type": "Point", "coordinates": [-92.31017, 34.723478]}, "properties": {"c": "traffic"}}, {"type": "Feature", "geometry": {"type": "Point", "coordinates": [-92.43121659459459, 34.64181139189189]}, "properties": {"c": "welfare"}}, {"type": "Feature", "geometry": {"type": "Point", "coordinates": [-92.409132, 34.676171]}, "properties": {"c": "traffic"}}, {"type": "Feature", "geometry": {"type": "Point", "coordinates": [-92.26185, 34.728911]}, "properties": {"c": "alarm"}}, {"type": "Feature", "geometry": {"type": "Point", "coordinates": [-92.268979, 34.7473385]}, "properties": {"c": "welfare"}}, {"type": "Feature", "geometry": {"type": "Point", "coordinates": [-92.303701, 34.758971]}, "properties": {"c": "alarm"}}, {"type": "Feature", "geometry": {"type": "Point", "coordinates": [-92.31723654545455, 34.73884765454545]}, "properties": {"c": "traffic"}}, {"type": "Feature", "geometry": {"type": "Point", "coordinates": [-92.3479885, 34.691469999999995]}, "properties": {"c": "other"}}, {"type": "Feature", "geometry": {"type": "Point", "coordinates": [-92.270834, 34.743594]}, "properties": {"c": "suspicious"}}, {"type": "Feature", "geometry": {"type": "Point", "coordinates": [-92.27768, 34.725211]}, "properties": {"c": "alarm"}}, {"type": "Feature", "geometry": {"type": "Point", "coordinates": [-92.275766, 34.742958]}, "properties": {"c": "theft"}}, {"type": "Feature", "geometry": {"type": "Point", "coordinates": [-92.38443, 34.761642]}, "properties": {"c": "disturbance"}}, {"type": "Feature", "geometry": {"type": "Point", "coordinates": [-92.330068, 34.752229]}, "properties": {"c": "theft"}}, {"type": "Feature", "geometry": {"type": "Point", "coordinates": [-92.270262, 34.729436]}, "properties": {"c": "welfare"}}, {"type": "Feature", "geometry": {"type": "Point", "coordinates": [-92.410917, 34.759311]}, "properties": {"c": "welfare"}}, {"type": "Feature", "geometry": {"type": "Point", "coordinates": [-92.424529, 34.794322]}, "properties": {"c": "alarm"}}, {"type": "Feature", "geometry": {"type": "Point", "coordinates": [-92.267569, 34.727335]}, "properties": {"c": "alarm"}}, {"type": "Feature", "geometry": {"type": "Point", "coordinates": [-92.289821, 34.741708]}, "properties": {"c": "alarm"}}, {"type": "Feature", "geometry": {"type": "Point", "coordinates": [-92.34435, 34.723547]}, "properties": {"c": "welfare"}}, {"type": "Feature", "geometry": {"type": "Point", "coordinates": [-92.335289, 34.685579]}, "properties": {"c": "disturbance"}}, {"type": "Feature", "geometry": {"type": "Point", "coordinates": [-92.340204, 34.719201]}, "properties": {"c": "alarm"}}, {"type": "Feature", "geometry": {"type": "Point", "coordinates": [-92.343582, 34.751137]}, "properties": {"c": "alarm"}}, {"type": "Feature", "geometry": {"type": "Point", "coordinates": [-92.337909, 34.660529]}, "properties": {"c": "suspicious"}}, {"type": "Feature", "geometry": {"type": "Point", "coordinates": [-92.333961, 34.718979000000004]}, "properties": {"c": "traffic"}}, {"type": "Feature", "geometry": {"type": "Point", "coordinates": [-92.319169, 34.726524]}, "properties": {"c": "welfare"}}, {"type": "Feature", "geometry": {"type": "Point", "coordinates": [-92.3221025, 34.758264499999996]}, "properties": {"c": "suspicious"}}, {"type": "Feature", "geometry": {"type": "Point", "coordinates": [-92.321013, 34.757414]}, "properties": {"c": "welfare"}}, {"type": "Feature", "geometry": {"type": "Point", "coordinates": [-92.433691, 34.756872]}, "properties": {"c": "welfare"}}, {"type": "Feature", "geometry": {"type": "Point", "coordinates": [-92.404613, 34.767581]}, "properties": {"c": "shots"}}, {"type": "Feature", "geometry": {"type": "Point", "coordinates": [-92.367064, 34.674143]}, "properties": {"c": "suspicious"}}, {"type": "Feature", "geometry": {"type": "Point", "coordinates": [-92.354915, 34.748537]}, "properties": {"c": "welfare"}}, {"type": "Feature", "geometry": {"type": "Point", "coordinates": [-92.376611, 34.697348]}, "properties": {"c": "traffic"}}, {"type": "Feature", "geometry": {"type": "Point", "coordinates": [-92.309853, 34.74338]}, "properties": {"c": "welfare"}}, {"type": "Feature", "geometry": {"type": "Point", "coordinates": [-92.268066, 34.743948]}, "properties": {"c": "welfare"}}, {"type": "Feature", "geometry": {"type": "Point", "coordinates": [-92.383958, 34.742274]}, "properties": {"c": "animal"}}, {"type": "Feature", "geometry": {"type": "Point", "coordinates": [-92.27839349999999, 34.723611500000004]}, "properties": {"c": "disturbance"}}, {"type": "Feature", "geometry": {"type": "Point", "coordinates": [-92.316484, 34.730981]}, "properties": {"c": "assist"}}, {"type": "Feature", "geometry": {"type": "Point", "coordinates": [-92.34499550000001, 34.748663]}, "properties": {"c": "traffic"}}, {"type": "Feature", "geometry": {"type": "Point", "coordinates": [-92.343399, 34.749422]}, "properties": {"c": "disturbance"}}, {"type": "Feature", "geometry": {"type": "Point", "coordinates": [-92.412122, 34.709679]}, "properties": {"c": "alarm"}}, {"type": "Feature", "geometry": {"type": "Point", "coordinates": [-92.266867, 34.743821]}, "properties": {"c": "assist"}}, {"type": "Feature", "geometry": {"type": "Point", "coordinates": [-92.277129, 34.74877]}, "properties": {"c": "assist"}}, {"type": "Feature", "geometry": {"type": "Point", "coordinates": [-92.358021, 34.641976]}, "properties": {"c": "disturbance"}}, {"type": "Feature", "geometry": {"type": "Point", "coordinates": [-92.4041275, 34.754044]}, "properties": {"c": "traffic"}}, {"type": "Feature", "geometry": {"type": "Point", "coordinates": [-92.341677, 34.700866]}, "properties": {"c": "traffic"}}, {"type": "Feature", "geometry": {"type": "Point", "coordinates": [-92.267185, 34.729599]}, "properties": {"c": "welfare"}}, {"type": "Feature", "geometry": {"type": "Point", "coordinates": [-92.2816075, 34.7449185]}, "properties": {"c": "traffic"}}, {"type": "Feature", "geometry": {"type": "Point", "coordinates": [-92.371543, 34.658246]}, "properties": {"c": "alarm"}}, {"type": "Feature", "geometry": {"type": "Point", "coordinates": [-92.345207, 34.752706]}, "properties": {"c": "traffic"}}, {"type": "Feature", "geometry": {"type": "Point", "coordinates": [-92.318314, 34.751822000000004]}, "properties": {"c": "traffic"}}, {"type": "Feature", "geometry": {"type": "Point", "coordinates": [-92.307237, 34.7447625]}, "properties": {"c": "traffic"}}, {"type": "Feature", "geometry": {"type": "Point", "coordinates": [-92.3884425, 34.741549]}, "properties": {"c": "traffic"}}, {"type": "Feature", "geometry": {"type": "Point", "coordinates": [-92.40696349999999, 34.7429675]}, "properties": {"c": "traffic"}}, {"type": "Feature", "geometry": {"type": "Point", "coordinates": [-92.343965, 34.669466]}, "properties": {"c": "assault"}}, {"type": "Feature", "geometry": {"type": "Point", "coordinates": [-92.3615945, 34.725077999999996]}, "properties": {"c": "traffic"}}, {"type": "Feature", "geometry": {"type": "Point", "coordinates": [-92.268561, 34.73394]}, "properties": {"c": "assist"}}, {"type": "Feature", "geometry": {"type": "Point", "coordinates": [-92.34344, 34.677775]}, "properties": {"c": "traffic"}}, {"type": "Feature", "geometry": {"type": "Point", "coordinates": [-92.484853, 34.76841]}, "properties": {"c": "drugs"}}, {"type": "Feature", "geometry": {"type": "Point", "coordinates": [-92.315463, 34.774052]}, "properties": {"c": "alarm"}}, {"type": "Feature", "geometry": {"type": "Point", "coordinates": [-92.391244, 34.724546]}, "properties": {"c": "trespass"}}, {"type": "Feature", "geometry": {"type": "Point", "coordinates": [-92.318454, 34.729383]}, "properties": {"c": "theft"}}, {"type": "Feature", "geometry": {"type": "Point", "coordinates": [-92.388292, 34.711051]}, "properties": {"c": "alarm"}}, {"type": "Feature", "geometry": {"type": "Point", "coordinates": [-92.347216, 34.656694]}, "properties": {"c": "animal"}}, {"type": "Feature", "geometry": {"type": "Point", "coordinates": [-92.4099375, 34.770187500000006]}, "properties": {"c": "traffic"}}, {"type": "Feature", "geometry": {"type": "Point", "coordinates": [-92.406002, 34.706345]}, "properties": {"c": "vandalism"}}, {"type": "Feature", "geometry": {"type": "Point", "coordinates": [-92.3366445, 34.70424]}, "properties": {"c": "traffic"}}, {"type": "Feature", "geometry": {"type": "Point", "coordinates": [-92.395289, 34.6691]}, "properties": {"c": "disturbance"}}, {"type": "Feature", "geometry": {"type": "Point", "coordinates": [-92.320613, 34.737943]}, "properties": {"c": "disturbance"}}, {"type": "Feature", "geometry": {"type": "Point", "coordinates": [-92.318428, 34.72952]}, "properties": {"c": "theft"}}, {"type": "Feature", "geometry": {"type": "Point", "coordinates": [-92.281123, 34.722132]}, "properties": {"c": "suspicious"}}, {"type": "Feature", "geometry": {"type": "Point", "coordinates": [-92.319039, 34.7397425]}, "properties": {"c": "welfare"}}, {"type": "Feature", "geometry": {"type": "Point", "coordinates": [-92.311714, 34.771073]}, "properties": {"c": "welfare"}}, {"type": "Feature", "geometry": {"type": "Point", "coordinates": [-92.37424, 34.764935]}, "properties": {"c": "welfare"}}, {"type": "Feature", "geometry": {"type": "Point", "coordinates": [-92.353434, 34.726126]}, "properties": {"c": "welfare"}}, {"type": "Feature", "geometry": {"type": "Point", "coordinates": [-92.343328, 34.716759]}, "properties": {"c": "assault"}}, {"type": "Feature", "geometry": {"type": "Point", "coordinates": [-92.343336, 34.715788]}, "properties": {"c": "disturbance"}}, {"type": "Feature", "geometry": {"type": "Point", "coordinates": [-92.348033, 34.719468]}, "properties": {"c": "traffic"}}, {"type": "Feature", "geometry": {"type": "Point", "coordinates": [-92.268561, 34.73394]}, "properties": {"c": "shots"}}, {"type": "Feature", "geometry": {"type": "Point", "coordinates": [-92.361537, 34.668851]}, "properties": {"c": "disturbance"}}, {"type": "Feature", "geometry": {"type": "Point", "coordinates": [-92.28792, 34.72924]}, "properties": {"c": "alarm"}}, {"type": "Feature", "geometry": {"type": "Point", "coordinates": [-92.407734, 34.661994]}, "properties": {"c": "trespass"}}, {"type": "Feature", "geometry": {"type": "Point", "coordinates": [-92.320165, 34.752323]}, "properties": {"c": "theft"}}, {"type": "Feature", "geometry": {"type": "Point", "coordinates": [-92.341317, 34.736226]}, "properties": {"c": "welfare"}}, {"type": "Feature", "geometry": {"type": "Point", "coordinates": [-92.328275, 34.745629]}, "properties": {"c": "traffic"}}, {"type": "Feature", "geometry": {"type": "Point", "coordinates": [-92.3411825, 34.7353325]}, "properties": {"c": "welfare"}}, {"type": "Feature", "geometry": {"type": "Point", "coordinates": [-92.34279, 34.71926]}, "properties": {"c": "other"}}, {"type": "Feature", "geometry": {"type": "Point", "coordinates": [-92.33779, 34.763707]}, "properties": {"c": "suspicious"}}, {"type": "Feature", "geometry": {"type": "Point", "coordinates": [-92.4031315, 34.7516725]}, "properties": {"c": "drugs"}}, {"type": "Feature", "geometry": {"type": "Point", "coordinates": [-92.318906, 34.737423]}, "properties": {"c": "welfare"}}, {"type": "Feature", "geometry": {"type": "Point", "coordinates": [-92.393115, 34.638754]}, "properties": {"c": "disturbance"}}, {"type": "Feature", "geometry": {"type": "Point", "coordinates": [-92.32414496103897, 34.72782688311688]}, "properties": {"c": "shots"}}, {"type": "Feature", "geometry": {"type": "Point", "coordinates": [-92.258172, 34.737316]}, "properties": {"c": "alarm"}}, {"type": "Feature", "geometry": {"type": "Point", "coordinates": [-92.420336, 34.671773]}, "properties": {"c": "theft"}}, {"type": "Feature", "geometry": {"type": "Point", "coordinates": [-92.299789, 34.735032]}, "properties": {"c": "trespass"}}, {"type": "Feature", "geometry": {"type": "Point", "coordinates": [-92.280066, 34.73057]}, "properties": {"c": "alarm"}}, {"type": "Feature", "geometry": {"type": "Point", "coordinates": [-92.344274, 34.717351]}, "properties": {"c": "theft"}}, {"type": "Feature", "geometry": {"type": "Point", "coordinates": [-92.414252, 34.752648]}, "properties": {"c": "traffic"}}, {"type": "Feature", "geometry": {"type": "Point", "coordinates": [-92.37327048148148, 34.74945959259259]}, "properties": {"c": "suspicious"}}, {"type": "Feature", "geometry": {"type": "Point", "coordinates": [-92.368248, 34.672033]}, "properties": {"c": "suspicious"}}, {"type": "Feature", "geometry": {"type": "Point", "coordinates": [-92.395496, 34.733633]}, "properties": {"c": "traffic"}}, {"type": "Feature", "geometry": {"type": "Point", "coordinates": [-92.321669, 34.740474]}, "properties": {"c": "vandalism"}}, {"type": "Feature", "geometry": {"type": "Point", "coordinates": [-92.354016, 34.683775]}, "properties": {"c": "burglary"}}, {"type": "Feature", "geometry": {"type": "Point", "coordinates": [-92.3321, 34.770416]}, "properties": {"c": "traffic"}}, {"type": "Feature", "geometry": {"type": "Point", "coordinates": [-92.264797, 34.74205]}, "properties": {"c": "welfare"}}, {"type": "Feature", "geometry": {"type": "Point", "coordinates": [-92.345179, 34.746884]}, "properties": {"c": "disturbance"}}, {"type": "Feature", "geometry": {"type": "Point", "coordinates": [-92.274191, 34.727029]}, "properties": {"c": "theft"}}]}